experiment,seed,plasticity_rule,condition,memory,output_target_cosine,from_lap,to_lap,cue_changed,tuning_similarity
compatibility,51001,base,aligned,0,0.1561582237482071,,,,
compatibility,51001,base,aligned,1,0.38442498445510864,,,,
compatibility,51001,base,aligned,2,0.019169233739376068,,,,
compatibility,51001,base,aligned,3,0.026431957259774208,,,,
compatibility,51001,base,aligned,4,0.30444177985191345,,,,
compatibility,51001,base,aligned,5,0.0899396687746048,,,,
compatibility,51001,base,aligned,6,0.29776227474212646,,,,
compatibility,51001,base,aligned,7,0.26885488629341125,,,,
compatibility,51001,base,aligned,8,0.11591167002916336,,,,
compatibility,51001,base,aligned,9,0.04065248742699623,,,,
compatibility,51001,base,aligned,10,0.18223947286605835,,,,
compatibility,51001,base,aligned,11,0.17128176987171173,,,,
compatibility,51001,base,aligned,12,0.10585814714431763,,,,
compatibility,51001,base,aligned,13,0.08697614818811417,,,,
compatibility,51001,base,aligned,14,0.18337661027908325,,,,
compatibility,51001,base,aligned,15,0.2326379269361496,,,,
compatibility,51001,base,aligned,16,0.045305609703063965,,,,
compatibility,51001,base,aligned,17,0.20303839445114136,,,,
compatibility,51001,base,aligned,18,0.09519825875759125,,,,
compatibility,51001,base,aligned,19,0.3224053978919983,,,,
compatibility,51001,base,aligned,20,0.17154322564601898,,,,
compatibility,51001,base,aligned,21,0.16145272552967072,,,,
compatibility,51001,base,aligned,22,0.17074507474899292,,,,
compatibility,51001,base,aligned,23,0.274629145860672,,,,
compatibility,51001,base,aligned,24,0.2647148668766022,,,,
compatibility,51001,base,aligned,25,0.0019006116781383753,,,,
compatibility,51001,base,aligned,26,0.2303016483783722,,,,
compatibility,51001,base,aligned,27,0.13391606509685516,,,,
compatibility,51001,base,fixed_permutation,0,0.3044454753398895,,,,
compatibility,51001,base,fixed_permutation,1,0.452709436416626,,,,
compatibility,51001,base,fixed_permutation,2,0.16202011704444885,,,,
compatibility,51001,base,fixed_permutation,3,0.14793474972248077,,,,
compatibility,51001,base,fixed_permutation,4,0.3589632213115692,,,,
compatibility,51001,base,fixed_permutation,5,0.1191733106970787,,,,
compatibility,51001,base,fixed_permutation,6,0.2579156458377838,,,,
compatibility,51001,base,fixed_permutation,7,0.5912959575653076,,,,
compatibility,51001,base,fixed_permutation,8,0.01377116795629263,,,,
compatibility,51001,base,fixed_permutation,9,0.25093334913253784,,,,
compatibility,51001,base,fixed_permutation,10,0.23703303933143616,,,,
compatibility,51001,base,fixed_permutation,11,0.19392302632331848,,,,
compatibility,51001,base,fixed_permutation,12,0.09494633227586746,,,,
compatibility,51001,base,fixed_permutation,13,0.2737138569355011,,,,
compatibility,51001,base,fixed_permutation,14,0.18832799792289734,,,,
compatibility,51001,base,fixed_permutation,15,0.27487412095069885,,,,
compatibility,51001,base,fixed_permutation,16,0.1947186142206192,,,,
compatibility,51001,base,fixed_permutation,17,0.10030778497457504,,,,
compatibility,51001,base,fixed_permutation,18,0.03665401041507721,,,,
compatibility,51001,base,fixed_permutation,19,0.27997249364852905,,,,
compatibility,51001,base,fixed_permutation,20,0.3272116482257843,,,,
compatibility,51001,base,fixed_permutation,21,0.10683764517307281,,,,
compatibility,51001,base,fixed_permutation,22,0.2541849613189697,,,,
compatibility,51001,base,fixed_permutation,23,0.1473580151796341,,,,
compatibility,51001,base,fixed_permutation,24,0.32519298791885376,,,,
compatibility,51001,base,fixed_permutation,25,0.17074920237064362,,,,
compatibility,51001,base,fixed_permutation,26,0.12308765947818756,,,,
compatibility,51001,base,fixed_permutation,27,0.37334758043289185,,,,
compatibility,51001,base,matched_decoder,0,0.15615825355052948,,,,
compatibility,51001,base,matched_decoder,1,0.38442498445510864,,,,
compatibility,51001,base,matched_decoder,2,0.019169213250279427,,,,
compatibility,51001,base,matched_decoder,3,0.026431960985064507,,,,
compatibility,51001,base,matched_decoder,4,0.30444177985191345,,,,
compatibility,51001,base,matched_decoder,5,0.0899396687746048,,,,
compatibility,51001,base,matched_decoder,6,0.2977621853351593,,,,
compatibility,51001,base,matched_decoder,7,0.26885491609573364,,,,
compatibility,51001,base,matched_decoder,8,0.11591167002916336,,,,
compatibility,51001,base,matched_decoder,9,0.040652498602867126,,,,
compatibility,51001,base,matched_decoder,10,0.18223948776721954,,,,
compatibility,51001,base,matched_decoder,11,0.17128178477287292,,,,
compatibility,51001,base,matched_decoder,12,0.10585812479257584,,,,
compatibility,51001,base,matched_decoder,13,0.08697613328695297,,,,
compatibility,51001,base,matched_decoder,14,0.18337662518024445,,,,
compatibility,51001,base,matched_decoder,15,0.2326378971338272,,,,
compatibility,51001,base,matched_decoder,16,0.04530559480190277,,,,
compatibility,51001,base,matched_decoder,17,0.20303839445114136,,,,
compatibility,51001,base,matched_decoder,18,0.09519827365875244,,,,
compatibility,51001,base,matched_decoder,19,0.3224054276943207,,,,
compatibility,51001,base,matched_decoder,20,0.1715431809425354,,,,
compatibility,51001,base,matched_decoder,21,0.1614527553319931,,,,
compatibility,51001,base,matched_decoder,22,0.1707451045513153,,,,
compatibility,51001,base,matched_decoder,23,0.274629145860672,,,,
compatibility,51001,base,matched_decoder,24,0.2647148668766022,,,,
compatibility,51001,base,matched_decoder,25,0.0019006135407835245,,,,
compatibility,51001,base,matched_decoder,26,0.2303016632795334,,,,
compatibility,51001,base,matched_decoder,27,0.13391606509685516,,,,
compatibility,51001,base,random_content,0,0.15195609629154205,,,,
compatibility,51001,base,random_content,1,0.4366379976272583,,,,
compatibility,51001,base,random_content,2,0.10641288012266159,,,,
compatibility,51001,base,random_content,3,0.17068028450012207,,,,
compatibility,51001,base,random_content,4,0.04599421098828316,,,,
compatibility,51001,base,random_content,5,0.2418060451745987,,,,
compatibility,51001,base,random_content,6,0.30452537536621094,,,,
compatibility,51001,base,random_content,7,0.14149296283721924,,,,
compatibility,51001,base,random_content,8,0.23623737692832947,,,,
compatibility,51001,base,random_content,9,0.06309068948030472,,,,
compatibility,51001,base,random_content,10,0.20566248893737793,,,,
compatibility,51001,base,random_content,11,0.2024957537651062,,,,
compatibility,51001,base,random_content,12,0.09587130695581436,,,,
compatibility,51001,base,random_content,13,0.1316702961921692,,,,
compatibility,51001,base,random_content,14,0.03717845678329468,,,,
compatibility,51001,base,random_content,15,0.23098528385162354,,,,
compatibility,51001,base,random_content,16,0.19506573677062988,,,,
compatibility,51001,base,random_content,17,0.08521263301372528,,,,
compatibility,51001,base,random_content,18,0.08817756175994873,,,,
compatibility,51001,base,random_content,19,0.23389554023742676,,,,
compatibility,51001,base,random_content,20,0.14615343511104584,,,,
compatibility,51001,base,random_content,21,0.24635663628578186,,,,
compatibility,51001,base,random_content,22,0.18525326251983643,,,,
compatibility,51001,base,random_content,23,0.1875549554824829,,,,
compatibility,51001,base,random_content,24,0.11318021267652512,,,,
compatibility,51001,base,random_content,25,0.0038122059777379036,,,,
compatibility,51001,base,random_content,26,0.16663528978824615,,,,
compatibility,51001,base,random_content,27,0.11827293038368225,,,,
compatibility,51001,base,no_plasticity,0,0.07928670197725296,,,,
compatibility,51001,base,no_plasticity,1,0.11647026240825653,,,,
compatibility,51001,base,no_plasticity,2,0.02966364659368992,,,,
compatibility,51001,base,no_plasticity,3,0.00026308116503059864,,,,
compatibility,51001,base,no_plasticity,4,0.004880346357822418,,,,
compatibility,51001,base,no_plasticity,5,0.12513141334056854,,,,
compatibility,51001,base,no_plasticity,6,0.24677565693855286,,,,
compatibility,51001,base,no_plasticity,7,0.25223690271377563,,,,
compatibility,51001,base,no_plasticity,8,0.2464204579591751,,,,
compatibility,51001,base,no_plasticity,9,0.019283607602119446,,,,
compatibility,51001,base,no_plasticity,10,0.039945174008607864,,,,
compatibility,51001,base,no_plasticity,11,0.0018625908996909857,,,,
compatibility,51001,base,no_plasticity,12,0.00018398060637991875,,,,
compatibility,51001,base,no_plasticity,13,0.03379807621240616,,,,
compatibility,51001,base,no_plasticity,14,0.023800291121006012,,,,
compatibility,51001,base,no_plasticity,15,0.1262100636959076,,,,
compatibility,51001,base,no_plasticity,16,0.0014396084006875753,,,,
compatibility,51001,base,no_plasticity,17,0.22190624475479126,,,,
compatibility,51001,base,no_plasticity,18,0.02161365933716297,,,,
compatibility,51001,base,no_plasticity,19,0.1340021789073944,,,,
compatibility,51001,base,no_plasticity,20,0.02375914342701435,,,,
compatibility,51001,base,no_plasticity,21,0.0018423859728500247,,,,
compatibility,51001,base,no_plasticity,22,0.4311881363391876,,,,
compatibility,51001,base,no_plasticity,23,0.058475054800510406,,,,
compatibility,51001,base,no_plasticity,24,0.1841006875038147,,,,
compatibility,51001,base,no_plasticity,25,0.004570906516164541,,,,
compatibility,51001,base,no_plasticity,26,0.3718097507953644,,,,
compatibility,51001,base,no_plasticity,27,0.10681628435850143,,,,
cue_schedule,51001,base,swap,,,1,2,False,0.8055341243743896
cue_schedule,51001,base,swap,,,2,3,False,0.7674455046653748
cue_schedule,51001,base,swap,,,3,4,False,0.7915357351303101
cue_schedule,51001,base,swap,,,4,5,False,0.774655282497406
cue_schedule,51001,base,swap,,,5,6,False,0.7923034429550171
cue_schedule,51001,base,swap,,,6,7,False,0.8294596672058105
cue_schedule,51001,base,swap,,,7,8,False,0.8533211350440979
cue_schedule,51001,base,swap,,,8,9,False,0.8166192770004272
cue_schedule,51001,base,swap,,,9,10,False,0.8334442377090454
cue_schedule,51001,base,swap,,,10,11,True,0.3418002724647522
cue_schedule,51001,base,swap,,,11,12,False,0.7463297843933105
cue_schedule,51001,base,swap,,,12,13,False,0.8320627808570862
cue_schedule,51001,base,swap,,,13,14,False,0.8469856381416321
cue_schedule,51001,base,swap,,,14,15,False,0.8583772778511047
cue_schedule,51001,base,swap,,,15,16,False,0.8495379686355591
cue_schedule,51001,base,swap,,,16,17,False,0.8663790822029114
cue_schedule,51001,base,swap,,,17,18,False,0.8993788957595825
cue_schedule,51001,base,swap,,,18,19,False,0.8913949728012085
cue_schedule,51001,base,swap,,,19,20,False,0.8689767718315125
cue_schedule,51001,base,swap,,,20,21,True,0.35257408022880554
cue_schedule,51001,base,swap,,,21,22,False,0.8243215680122375
cue_schedule,51001,base,swap,,,22,23,False,0.8289096355438232
cue_schedule,51001,base,swap,,,23,24,False,0.8479039072990417
cue_schedule,51001,base,swap,,,24,25,False,0.8454766273498535
cue_schedule,51001,base,swap,,,25,26,False,0.8443309664726257
cue_schedule,51001,base,swap,,,26,27,False,0.8338806629180908
cue_schedule,51001,base,swap,,,27,28,False,0.8667619228363037
cue_schedule,51001,base,swap,,,28,29,False,0.8352470993995667
cue_schedule,51001,base,swap,,,29,30,False,0.8627532720565796
cue_schedule,51001,base,swap,,,30,31,True,0.3239850699901581
cue_schedule,51001,base,swap,,,31,32,False,0.8269873261451721
cue_schedule,51001,base,swap,,,32,33,False,0.8265693783760071
cue_schedule,51001,base,swap,,,33,34,False,0.8509052991867065
cue_schedule,51001,base,swap,,,34,35,False,0.796323299407959
cue_schedule,51001,base,swap,,,35,36,False,0.8758215308189392
cue_schedule,51001,base,swap,,,36,37,False,0.848359227180481
cue_schedule,51001,base,swap,,,37,38,False,0.8837304711341858
cue_schedule,51001,base,swap,,,38,39,False,0.846409022808075
cue_schedule,51001,base,swap,,,39,40,False,0.887744128704071
cue_schedule,51001,base,no_swap,,,1,2,False,0.8055341243743896
cue_schedule,51001,base,no_swap,,,2,3,False,0.7674455046653748
cue_schedule,51001,base,no_swap,,,3,4,False,0.7915357351303101
cue_schedule,51001,base,no_swap,,,4,5,False,0.774655282497406
cue_schedule,51001,base,no_swap,,,5,6,False,0.7923034429550171
cue_schedule,51001,base,no_swap,,,6,7,False,0.8294596672058105
cue_schedule,51001,base,no_swap,,,7,8,False,0.8533211350440979
cue_schedule,51001,base,no_swap,,,8,9,False,0.8166192770004272
cue_schedule,51001,base,no_swap,,,9,10,False,0.8334442377090454
cue_schedule,51001,base,no_swap,,,10,11,False,0.816733181476593
cue_schedule,51001,base,no_swap,,,11,12,False,0.809328556060791
cue_schedule,51001,base,no_swap,,,12,13,False,0.8420540690422058
cue_schedule,51001,base,no_swap,,,13,14,False,0.8348845839500427
cue_schedule,51001,base,no_swap,,,14,15,False,0.8517599701881409
cue_schedule,51001,base,no_swap,,,15,16,False,0.8028002977371216
cue_schedule,51001,base,no_swap,,,16,17,False,0.8240062594413757
cue_schedule,51001,base,no_swap,,,17,18,False,0.857048749923706
cue_schedule,51001,base,no_swap,,,18,19,False,0.8686471581459045
cue_schedule,51001,base,no_swap,,,19,20,False,0.8526074886322021
cue_schedule,51001,base,no_swap,,,20,21,False,0.8372321128845215
cue_schedule,51001,base,no_swap,,,21,22,False,0.8863747119903564
cue_schedule,51001,base,no_swap,,,22,23,False,0.8480178117752075
cue_schedule,51001,base,no_swap,,,23,24,False,0.8461854457855225
cue_schedule,51001,base,no_swap,,,24,25,False,0.8240712881088257
cue_schedule,51001,base,no_swap,,,25,26,False,0.8597354292869568
cue_schedule,51001,base,no_swap,,,26,27,False,0.7894892692565918
cue_schedule,51001,base,no_swap,,,27,28,False,0.8661337494850159
cue_schedule,51001,base,no_swap,,,28,29,False,0.8423997759819031
cue_schedule,51001,base,no_swap,,,29,30,False,0.8556325435638428
cue_schedule,51001,base,no_swap,,,30,31,False,0.8590396642684937
cue_schedule,51001,base,no_swap,,,31,32,False,0.85985267162323
cue_schedule,51001,base,no_swap,,,32,33,False,0.8399257063865662
cue_schedule,51001,base,no_swap,,,33,34,False,0.855496346950531
cue_schedule,51001,base,no_swap,,,34,35,False,0.7875908017158508
cue_schedule,51001,base,no_swap,,,35,36,False,0.8708592057228088
cue_schedule,51001,base,no_swap,,,36,37,False,0.7622418403625488
cue_schedule,51001,base,no_swap,,,37,38,False,0.8823309540748596
cue_schedule,51001,base,no_swap,,,38,39,False,0.8177899122238159
cue_schedule,51001,base,no_swap,,,39,40,False,0.8775442242622375
compatibility,51001,err2,aligned,0,0.15491807460784912,,,,
compatibility,51001,err2,aligned,1,0.09847939014434814,,,,
compatibility,51001,err2,aligned,2,0.025982245802879333,,,,
compatibility,51001,err2,aligned,3,0.0072965179570019245,,,,
compatibility,51001,err2,aligned,4,0.18022657930850983,,,,
compatibility,51001,err2,aligned,5,0.07917623966932297,,,,
compatibility,51001,err2,aligned,6,0.45530205965042114,,,,
compatibility,51001,err2,aligned,7,0.1810941845178604,,,,
compatibility,51001,err2,aligned,8,0.052240803837776184,,,,
compatibility,51001,err2,aligned,9,0.0643722265958786,,,,
compatibility,51001,err2,aligned,10,0.22111955285072327,,,,
compatibility,51001,err2,aligned,11,0.1964324563741684,,,,
compatibility,51001,err2,aligned,12,0.032584838569164276,,,,
compatibility,51001,err2,aligned,13,0.12425971031188965,,,,
compatibility,51001,err2,aligned,14,0.03425149619579315,,,,
compatibility,51001,err2,aligned,15,0.14972269535064697,,,,
compatibility,51001,err2,aligned,16,0.02064182050526142,,,,
compatibility,51001,err2,aligned,17,0.31330758333206177,,,,
compatibility,51001,err2,aligned,18,0.20364007353782654,,,,
compatibility,51001,err2,aligned,19,0.4226030707359314,,,,
compatibility,51001,err2,aligned,20,0.1756623387336731,,,,
compatibility,51001,err2,aligned,21,0.1849609911441803,,,,
compatibility,51001,err2,aligned,22,0.3536071479320526,,,,
compatibility,51001,err2,aligned,23,0.1324830949306488,,,,
compatibility,51001,err2,aligned,24,0.24147646129131317,,,,
compatibility,51001,err2,aligned,25,0.00043263216502964497,,,,
compatibility,51001,err2,aligned,26,0.1640137881040573,,,,
compatibility,51001,err2,aligned,27,0.10050732642412186,,,,
compatibility,51001,err2,fixed_permutation,0,0.27689802646636963,,,,
compatibility,51001,err2,fixed_permutation,1,0.2074693888425827,,,,
compatibility,51001,err2,fixed_permutation,2,0.20794527232646942,,,,
compatibility,51001,err2,fixed_permutation,3,0.22766335308551788,,,,
compatibility,51001,err2,fixed_permutation,4,0.34482845664024353,,,,
compatibility,51001,err2,fixed_permutation,5,0.13131090998649597,,,,
compatibility,51001,err2,fixed_permutation,6,0.28891679644584656,,,,
compatibility,51001,err2,fixed_permutation,7,0.5532510876655579,,,,
compatibility,51001,err2,fixed_permutation,8,0.009587972424924374,,,,
compatibility,51001,err2,fixed_permutation,9,0.07259556651115417,,,,
compatibility,51001,err2,fixed_permutation,10,0.19324342906475067,,,,
compatibility,51001,err2,fixed_permutation,11,0.07177545875310898,,,,
compatibility,51001,err2,fixed_permutation,12,0.08065499365329742,,,,
compatibility,51001,err2,fixed_permutation,13,0.077407106757164,,,,
compatibility,51001,err2,fixed_permutation,14,0.1915997713804245,,,,
compatibility,51001,err2,fixed_permutation,15,0.25428247451782227,,,,
compatibility,51001,err2,fixed_permutation,16,0.04001842811703682,,,,
compatibility,51001,err2,fixed_permutation,17,0.2052033245563507,,,,
compatibility,51001,err2,fixed_permutation,18,0.03745278716087341,,,,
compatibility,51001,err2,fixed_permutation,19,0.2231094390153885,,,,
compatibility,51001,err2,fixed_permutation,20,0.1691594421863556,,,,
compatibility,51001,err2,fixed_permutation,21,0.11745136976242065,,,,
compatibility,51001,err2,fixed_permutation,22,0.36109185218811035,,,,
compatibility,51001,err2,fixed_permutation,23,0.14011572301387787,,,,
compatibility,51001,err2,fixed_permutation,24,0.19830434024333954,,,,
compatibility,51001,err2,fixed_permutation,25,0.08603700995445251,,,,
compatibility,51001,err2,fixed_permutation,26,0.11052332073450089,,,,
compatibility,51001,err2,fixed_permutation,27,0.3682813346385956,,,,
compatibility,51001,err2,matched_decoder,0,0.15491804480552673,,,,
compatibility,51001,err2,matched_decoder,1,0.09847942739725113,,,,
compatibility,51001,err2,matched_decoder,2,0.025982240214943886,,,,
compatibility,51001,err2,matched_decoder,3,0.0072965193539857864,,,,
compatibility,51001,err2,matched_decoder,4,0.18022653460502625,,,,
compatibility,51001,err2,matched_decoder,5,0.07917620986700058,,,,
compatibility,51001,err2,matched_decoder,6,0.45530205965042114,,,,
compatibility,51001,err2,matched_decoder,7,0.1810942143201828,,,,
compatibility,51001,err2,matched_decoder,8,0.05224079266190529,,,,
compatibility,51001,err2,matched_decoder,9,0.0643722265958786,,,,
compatibility,51001,err2,matched_decoder,10,0.22111955285072327,,,,
compatibility,51001,err2,matched_decoder,11,0.196432426571846,,,,
compatibility,51001,err2,matched_decoder,12,0.032584838569164276,,,,
compatibility,51001,err2,matched_decoder,13,0.12425964325666428,,,,
compatibility,51001,err2,matched_decoder,14,0.03425149619579315,,,,
compatibility,51001,err2,matched_decoder,15,0.14972271025180817,,,,
compatibility,51001,err2,matched_decoder,16,0.02064182050526142,,,,
compatibility,51001,err2,matched_decoder,17,0.31330758333206177,,,,
compatibility,51001,err2,matched_decoder,18,0.20364002883434296,,,,
compatibility,51001,err2,matched_decoder,19,0.4226031005382538,,,,
compatibility,51001,err2,matched_decoder,20,0.1756623238325119,,,,
compatibility,51001,err2,matched_decoder,21,0.1849609911441803,,,,
compatibility,51001,err2,matched_decoder,22,0.353607177734375,,,,
compatibility,51001,err2,matched_decoder,23,0.1324830949306488,,,,
compatibility,51001,err2,matched_decoder,24,0.24147649109363556,,,,
compatibility,51001,err2,matched_decoder,25,0.00043263184488750994,,,,
compatibility,51001,err2,matched_decoder,26,0.1640138030052185,,,,
compatibility,51001,err2,matched_decoder,27,0.10050735622644424,,,,
compatibility,51001,err2,random_content,0,0.21064001321792603,,,,
compatibility,51001,err2,random_content,1,0.1515372097492218,,,,
compatibility,51001,err2,random_content,2,0.06277937442064285,,,,
compatibility,51001,err2,random_content,3,0.06038631126284599,,,,
compatibility,51001,err2,random_content,4,0.07247090339660645,,,,
compatibility,51001,err2,random_content,5,0.15720583498477936,,,,
compatibility,51001,err2,random_content,6,0.5048035383224487,,,,
compatibility,51001,err2,random_content,7,0.2144395411014557,,,,
compatibility,51001,err2,random_content,8,0.2508310079574585,,,,
compatibility,51001,err2,random_content,9,0.09877695888280869,,,,
compatibility,51001,err2,random_content,10,0.10844199359416962,,,,
compatibility,51001,err2,random_content,11,0.09766337275505066,,,,
compatibility,51001,err2,random_content,12,0.08968044072389603,,,,
compatibility,51001,err2,random_content,13,0.03657212480902672,,,,
compatibility,51001,err2,random_content,14,0.02173309586942196,,,,
compatibility,51001,err2,random_content,15,0.11646317690610886,,,,
compatibility,51001,err2,random_content,16,0.13040712475776672,,,,
compatibility,51001,err2,random_content,17,0.15634576976299286,,,,
compatibility,51001,err2,random_content,18,0.16123244166374207,,,,
compatibility,51001,err2,random_content,19,0.31466931104660034,,,,
compatibility,51001,err2,random_content,20,0.048382461071014404,,,,
compatibility,51001,err2,random_content,21,0.12225628644227982,,,,
compatibility,51001,err2,random_content,22,0.30004405975341797,,,,
compatibility,51001,err2,random_content,23,0.18582788109779358,,,,
compatibility,51001,err2,random_content,24,0.11918869614601135,,,,
compatibility,51001,err2,random_content,25,0.0022905024234205484,,,,
compatibility,51001,err2,random_content,26,0.17552657425403595,,,,
compatibility,51001,err2,random_content,27,0.1626678705215454,,,,
compatibility,51001,err2,no_plasticity,0,0.07928670197725296,,,,
compatibility,51001,err2,no_plasticity,1,0.11647026240825653,,,,
compatibility,51001,err2,no_plasticity,2,0.02966364659368992,,,,
compatibility,51001,err2,no_plasticity,3,0.00026308116503059864,,,,
compatibility,51001,err2,no_plasticity,4,0.004880346357822418,,,,
compatibility,51001,err2,no_plasticity,5,0.12513141334056854,,,,
compatibility,51001,err2,no_plasticity,6,0.24677565693855286,,,,
compatibility,51001,err2,no_plasticity,7,0.25223690271377563,,,,
compatibility,51001,err2,no_plasticity,8,0.2464204579591751,,,,
compatibility,51001,err2,no_plasticity,9,0.019283607602119446,,,,
compatibility,51001,err2,no_plasticity,10,0.039945174008607864,,,,
compatibility,51001,err2,no_plasticity,11,0.0018625908996909857,,,,
compatibility,51001,err2,no_plasticity,12,0.00018398060637991875,,,,
compatibility,51001,err2,no_plasticity,13,0.03379807621240616,,,,
compatibility,51001,err2,no_plasticity,14,0.023800291121006012,,,,
compatibility,51001,err2,no_plasticity,15,0.1262100636959076,,,,
compatibility,51001,err2,no_plasticity,16,0.0014396084006875753,,,,
compatibility,51001,err2,no_plasticity,17,0.22190624475479126,,,,
compatibility,51001,err2,no_plasticity,18,0.02161365933716297,,,,
compatibility,51001,err2,no_plasticity,19,0.1340021789073944,,,,
compatibility,51001,err2,no_plasticity,20,0.02375914342701435,,,,
compatibility,51001,err2,no_plasticity,21,0.0018423859728500247,,,,
compatibility,51001,err2,no_plasticity,22,0.4311881363391876,,,,
compatibility,51001,err2,no_plasticity,23,0.058475054800510406,,,,
compatibility,51001,err2,no_plasticity,24,0.1841006875038147,,,,
compatibility,51001,err2,no_plasticity,25,0.004570906516164541,,,,
compatibility,51001,err2,no_plasticity,26,0.3718097507953644,,,,
compatibility,51001,err2,no_plasticity,27,0.10681628435850143,,,,
cue_schedule,51001,err2,swap,,,1,2,False,0.7959566712379456
cue_schedule,51001,err2,swap,,,2,3,False,0.8532351851463318
cue_schedule,51001,err2,swap,,,3,4,False,0.8944548964500427
cue_schedule,51001,err2,swap,,,4,5,False,0.8829277157783508
cue_schedule,51001,err2,swap,,,5,6,False,0.833936333656311
cue_schedule,51001,err2,swap,,,6,7,False,0.8579132556915283
cue_schedule,51001,err2,swap,,,7,8,False,0.8481075167655945
cue_schedule,51001,err2,swap,,,8,9,False,0.8402243852615356
cue_schedule,51001,err2,swap,,,9,10,False,0.8530613780021667
cue_schedule,51001,err2,swap,,,10,11,True,0.33446094393730164
cue_schedule,51001,err2,swap,,,11,12,False,0.7825978994369507
cue_schedule,51001,err2,swap,,,12,13,False,0.8071461319923401
cue_schedule,51001,err2,swap,,,13,14,False,0.8615826368331909
cue_schedule,51001,err2,swap,,,14,15,False,0.8762446045875549
cue_schedule,51001,err2,swap,,,15,16,False,0.8788602352142334
cue_schedule,51001,err2,swap,,,16,17,False,0.8718149662017822
cue_schedule,51001,err2,swap,,,17,18,False,0.8711397647857666
cue_schedule,51001,err2,swap,,,18,19,False,0.8757745623588562
cue_schedule,51001,err2,swap,,,19,20,False,0.890592098236084
cue_schedule,51001,err2,swap,,,20,21,True,0.3890489339828491
cue_schedule,51001,err2,swap,,,21,22,False,0.839487612247467
cue_schedule,51001,err2,swap,,,22,23,False,0.8664864897727966
cue_schedule,51001,err2,swap,,,23,24,False,0.8797182440757751
cue_schedule,51001,err2,swap,,,24,25,False,0.8852990865707397
cue_schedule,51001,err2,swap,,,25,26,False,0.8769283890724182
cue_schedule,51001,err2,swap,,,26,27,False,0.8598746657371521
cue_schedule,51001,err2,swap,,,27,28,False,0.8691713809967041
cue_schedule,51001,err2,swap,,,28,29,False,0.8449151515960693
cue_schedule,51001,err2,swap,,,29,30,False,0.8663733601570129
cue_schedule,51001,err2,swap,,,30,31,True,0.3971109688282013
cue_schedule,51001,err2,swap,,,31,32,False,0.8785706162452698
cue_schedule,51001,err2,swap,,,32,33,False,0.8736528754234314
cue_schedule,51001,err2,swap,,,33,34,False,0.876767098903656
cue_schedule,51001,err2,swap,,,34,35,False,0.8628008365631104
cue_schedule,51001,err2,swap,,,35,36,False,0.8740501403808594
cue_schedule,51001,err2,swap,,,36,37,False,0.886832058429718
cue_schedule,51001,err2,swap,,,37,38,False,0.8977813124656677
cue_schedule,51001,err2,swap,,,38,39,False,0.8912253379821777
cue_schedule,51001,err2,swap,,,39,40,False,0.8689087629318237
cue_schedule,51001,err2,no_swap,,,1,2,False,0.7959566712379456
cue_schedule,51001,err2,no_swap,,,2,3,False,0.8532351851463318
cue_schedule,51001,err2,no_swap,,,3,4,False,0.8944548964500427
cue_schedule,51001,err2,no_swap,,,4,5,False,0.8829277157783508
cue_schedule,51001,err2,no_swap,,,5,6,False,0.833936333656311
cue_schedule,51001,err2,no_swap,,,6,7,False,0.8579132556915283
cue_schedule,51001,err2,no_swap,,,7,8,False,0.8481075167655945
cue_schedule,51001,err2,no_swap,,,8,9,False,0.8402243852615356
cue_schedule,51001,err2,no_swap,,,9,10,False,0.8530613780021667
cue_schedule,51001,err2,no_swap,,,10,11,False,0.8548158407211304
cue_schedule,51001,err2,no_swap,,,11,12,False,0.8447523713111877
cue_schedule,51001,err2,no_swap,,,12,13,False,0.8646559715270996
cue_schedule,51001,err2,no_swap,,,13,14,False,0.8505963087081909
cue_schedule,51001,err2,no_swap,,,14,15,False,0.8274743556976318
cue_schedule,51001,err2,no_swap,,,15,16,False,0.8634983897209167
cue_schedule,51001,err2,no_swap,,,16,17,False,0.8747273087501526
cue_schedule,51001,err2,no_swap,,,17,18,False,0.8797727227210999
cue_schedule,51001,err2,no_swap,,,18,19,False,0.882997989654541
cue_schedule,51001,err2,no_swap,,,19,20,False,0.8537560105323792
cue_schedule,51001,err2,no_swap,,,20,21,False,0.8630191683769226
cue_schedule,51001,err2,no_swap,,,21,22,False,0.8530494570732117
cue_schedule,51001,err2,no_swap,,,22,23,False,0.8593975305557251
cue_schedule,51001,err2,no_swap,,,23,24,False,0.8802341222763062
cue_schedule,51001,err2,no_swap,,,24,25,False,0.8872080445289612
cue_schedule,51001,err2,no_swap,,,25,26,False,0.8726003766059875
cue_schedule,51001,err2,no_swap,,,26,27,False,0.8576467037200928
cue_schedule,51001,err2,no_swap,,,27,28,False,0.8490899801254272
cue_schedule,51001,err2,no_swap,,,28,29,False,0.8305554986000061
cue_schedule,51001,err2,no_swap,,,29,30,False,0.8628547787666321
cue_schedule,51001,err2,no_swap,,,30,31,False,0.8624343276023865
cue_schedule,51001,err2,no_swap,,,31,32,False,0.8639442324638367
cue_schedule,51001,err2,no_swap,,,32,33,False,0.8728174567222595
cue_schedule,51001,err2,no_swap,,,33,34,False,0.8664777874946594
cue_schedule,51001,err2,no_swap,,,34,35,False,0.8582409620285034
cue_schedule,51001,err2,no_swap,,,35,36,False,0.873200535774231
cue_schedule,51001,err2,no_swap,,,36,37,False,0.8658409714698792
cue_schedule,51001,err2,no_swap,,,37,38,False,0.8570212721824646
cue_schedule,51001,err2,no_swap,,,38,39,False,0.8647754788398743
cue_schedule,51001,err2,no_swap,,,39,40,False,0.8681315779685974
compatibility,51002,base,aligned,0,0.05412175878882408,,,,
compatibility,51002,base,aligned,1,0.18441595137119293,,,,
compatibility,51002,base,aligned,2,0.19483116269111633,,,,
compatibility,51002,base,aligned,3,0.16166068613529205,,,,
compatibility,51002,base,aligned,4,0.19788524508476257,,,,
compatibility,51002,base,aligned,5,0.16923436522483826,,,,
compatibility,51002,base,aligned,6,0.038034938275814056,,,,
compatibility,51002,base,aligned,7,0.15238364040851593,,,,
compatibility,51002,base,aligned,8,0.05340929701924324,,,,
compatibility,51002,base,aligned,9,0.07897832989692688,,,,
compatibility,51002,base,aligned,10,0.1523229330778122,,,,
compatibility,51002,base,aligned,11,0.09284593164920807,,,,
compatibility,51002,base,aligned,12,0.04551415890455246,,,,
compatibility,51002,base,aligned,13,0.04071247950196266,,,,
compatibility,51002,base,aligned,14,0.2722811996936798,,,,
compatibility,51002,base,aligned,15,0.23167376220226288,,,,
compatibility,51002,base,aligned,16,0.25047528743743896,,,,
compatibility,51002,base,aligned,17,0.28670045733451843,,,,
compatibility,51002,base,aligned,18,0.1873469203710556,,,,
compatibility,51002,base,aligned,19,0.08379770815372467,,,,
compatibility,51002,base,aligned,20,0.04461117088794708,,,,
compatibility,51002,base,aligned,21,0.17270424962043762,,,,
compatibility,51002,base,aligned,22,0.41433748602867126,,,,
compatibility,51002,base,aligned,23,0.004523002542555332,,,,
compatibility,51002,base,aligned,24,0.036472175270318985,,,,
compatibility,51002,base,aligned,25,0.05371472239494324,,,,
compatibility,51002,base,aligned,26,0.24413032829761505,,,,
compatibility,51002,base,aligned,27,0.03769269585609436,,,,
compatibility,51002,base,fixed_permutation,0,0.24722468852996826,,,,
compatibility,51002,base,fixed_permutation,1,0.1300494521856308,,,,
compatibility,51002,base,fixed_permutation,2,0.2404639720916748,,,,
compatibility,51002,base,fixed_permutation,3,0.1341787427663803,,,,
compatibility,51002,base,fixed_permutation,4,0.3429693877696991,,,,
compatibility,51002,base,fixed_permutation,5,0.22286686301231384,,,,
compatibility,51002,base,fixed_permutation,6,0.1696442812681198,,,,
compatibility,51002,base,fixed_permutation,7,0.3656502962112427,,,,
compatibility,51002,base,fixed_permutation,8,0.1719527691602707,,,,
compatibility,51002,base,fixed_permutation,9,0.21790455281734467,,,,
compatibility,51002,base,fixed_permutation,10,0.09262815117835999,,,,
compatibility,51002,base,fixed_permutation,11,0.1674472540616989,,,,
compatibility,51002,base,fixed_permutation,12,0.1634490042924881,,,,
compatibility,51002,base,fixed_permutation,13,0.15095296502113342,,,,
compatibility,51002,base,fixed_permutation,14,0.25307947397232056,,,,
compatibility,51002,base,fixed_permutation,15,0.25833195447921753,,,,
compatibility,51002,base,fixed_permutation,16,0.32431861758232117,,,,
compatibility,51002,base,fixed_permutation,17,0.39584335684776306,,,,
compatibility,51002,base,fixed_permutation,18,0.23752346634864807,,,,
compatibility,51002,base,fixed_permutation,19,0.23144617676734924,,,,
compatibility,51002,base,fixed_permutation,20,0.11255473643541336,,,,
compatibility,51002,base,fixed_permutation,21,0.35762256383895874,,,,
compatibility,51002,base,fixed_permutation,22,0.30007123947143555,,,,
compatibility,51002,base,fixed_permutation,23,0.2790035009384155,,,,
compatibility,51002,base,fixed_permutation,24,0.053680162876844406,,,,
compatibility,51002,base,fixed_permutation,25,0.12436133623123169,,,,
compatibility,51002,base,fixed_permutation,26,0.1570165753364563,,,,
compatibility,51002,base,fixed_permutation,27,0.2581559121608734,,,,
compatibility,51002,base,matched_decoder,0,0.054121747612953186,,,,
compatibility,51002,base,matched_decoder,1,0.18441595137119293,,,,
compatibility,51002,base,matched_decoder,2,0.19483117759227753,,,,
compatibility,51002,base,matched_decoder,3,0.16166065633296967,,,,
compatibility,51002,base,matched_decoder,4,0.19788525998592377,,,,
compatibility,51002,base,matched_decoder,5,0.16923433542251587,,,,
compatibility,51002,base,matched_decoder,6,0.038034942001104355,,,,
compatibility,51002,base,matched_decoder,7,0.15238367021083832,,,,
compatibility,51002,base,matched_decoder,8,0.053409308195114136,,,,
compatibility,51002,base,matched_decoder,9,0.07897830754518509,,,,
compatibility,51002,base,matched_decoder,10,0.15232296288013458,,,,
compatibility,51002,base,matched_decoder,11,0.09284592419862747,,,,
compatibility,51002,base,matched_decoder,12,0.04551416635513306,,,,
compatibility,51002,base,matched_decoder,13,0.04071249067783356,,,,
compatibility,51002,base,matched_decoder,14,0.2722811996936798,,,,
compatibility,51002,base,matched_decoder,15,0.23167376220226288,,,,
compatibility,51002,base,matched_decoder,16,0.25047531723976135,,,,
compatibility,51002,base,matched_decoder,17,0.28670045733451843,,,,
compatibility,51002,base,matched_decoder,18,0.18734689056873322,,,,
compatibility,51002,base,matched_decoder,19,0.08379770815372467,,,,
compatibility,51002,base,matched_decoder,20,0.04461117088794708,,,,
compatibility,51002,base,matched_decoder,21,0.17270424962043762,,,,
compatibility,51002,base,matched_decoder,22,0.41433748602867126,,,,
compatibility,51002,base,matched_decoder,23,0.004523000214248896,,,,
compatibility,51002,base,matched_decoder,24,0.036472175270318985,,,,
compatibility,51002,base,matched_decoder,25,0.053714703768491745,,,,
compatibility,51002,base,matched_decoder,26,0.24413032829761505,,,,
compatibility,51002,base,matched_decoder,27,0.03769270330667496,,,,
compatibility,51002,base,random_content,0,0.026390185579657555,,,,
compatibility,51002,base,random_content,1,0.3089335560798645,,,,
compatibility,51002,base,random_content,2,0.28995785117149353,,,,
compatibility,51002,base,random_content,3,0.02013579197227955,,,,
compatibility,51002,base,random_content,4,0.2376614362001419,,,,
compatibility,51002,base,random_content,5,0.16371050477027893,,,,
compatibility,51002,base,random_content,6,0.0196150504052639,,,,
compatibility,51002,base,random_content,7,0.06941673159599304,,,,
compatibility,51002,base,random_content,8,0.0958283469080925,,,,
compatibility,51002,base,random_content,9,0.10034168511629105,,,,
compatibility,51002,base,random_content,10,0.18898563086986542,,,,
compatibility,51002,base,random_content,11,0.04332059621810913,,,,
compatibility,51002,base,random_content,12,0.03561171889305115,,,,
compatibility,51002,base,random_content,13,0.033293481916189194,,,,
compatibility,51002,base,random_content,14,0.34960928559303284,,,,
compatibility,51002,base,random_content,15,0.09160079807043076,,,,
compatibility,51002,base,random_content,16,0.15006399154663086,,,,
compatibility,51002,base,random_content,17,0.1434592604637146,,,,
compatibility,51002,base,random_content,18,0.2649517357349396,,,,
compatibility,51002,base,random_content,19,0.35651376843452454,,,,
compatibility,51002,base,random_content,20,0.10958351939916611,,,,
compatibility,51002,base,random_content,21,0.35846078395843506,,,,
compatibility,51002,base,random_content,22,0.38998791575431824,,,,
compatibility,51002,base,random_content,23,0.005406881682574749,,,,
compatibility,51002,base,random_content,24,0.029601074755191803,,,,
compatibility,51002,base,random_content,25,0.03508135303854942,,,,
compatibility,51002,base,random_content,26,0.23312056064605713,,,,
compatibility,51002,base,random_content,27,0.1844201534986496,,,,
compatibility,51002,base,no_plasticity,0,0.005534099414944649,,,,
compatibility,51002,base,no_plasticity,1,0.18582777678966522,,,,
compatibility,51002,base,no_plasticity,2,0.0002828664146363735,,,,
compatibility,51002,base,no_plasticity,3,0.0007775772246532142,,,,
compatibility,51002,base,no_plasticity,4,0.36866509914398193,,,,
compatibility,51002,base,no_plasticity,5,0.002187924925237894,,,,
compatibility,51002,base,no_plasticity,6,0.029435498639941216,,,,
compatibility,51002,base,no_plasticity,7,0.2975054681301117,,,,
compatibility,51002,base,no_plasticity,8,4.7917576011968777e-05,,,,
compatibility,51002,base,no_plasticity,9,0.1823054999113083,,,,
compatibility,51002,base,no_plasticity,10,0.0016645226860418916,,,,
compatibility,51002,base,no_plasticity,11,0.0010215286165475845,,,,
compatibility,51002,base,no_plasticity,12,0.0019388264045119286,,,,
compatibility,51002,base,no_plasticity,13,0.0060630845837295055,,,,
compatibility,51002,base,no_plasticity,14,0.3380378782749176,,,,
compatibility,51002,base,no_plasticity,15,2.8828817448811606e-05,,,,
compatibility,51002,base,no_plasticity,16,0.16478528082370758,,,,
compatibility,51002,base,no_plasticity,17,0.19417743384838104,,,,
compatibility,51002,base,no_plasticity,18,0.0063241710886359215,,,,
compatibility,51002,base,no_plasticity,19,0.19261206686496735,,,,
compatibility,51002,base,no_plasticity,20,0.00010087414557347074,,,,
compatibility,51002,base,no_plasticity,21,0.448806494474411,,,,
compatibility,51002,base,no_plasticity,22,0.34914520382881165,,,,
compatibility,51002,base,no_plasticity,23,0.0012841441202908754,,,,
compatibility,51002,base,no_plasticity,24,0.028522374108433723,,,,
compatibility,51002,base,no_plasticity,25,0.013362539000809193,,,,
compatibility,51002,base,no_plasticity,26,0.0026228209026157856,,,,
compatibility,51002,base,no_plasticity,27,0.19906258583068848,,,,
cue_schedule,51002,base,swap,,,1,2,False,0.9041259288787842
cue_schedule,51002,base,swap,,,2,3,False,0.884392261505127
cue_schedule,51002,base,swap,,,3,4,False,0.8786100745201111
cue_schedule,51002,base,swap,,,4,5,False,0.844245970249176
cue_schedule,51002,base,swap,,,5,6,False,0.7807874083518982
cue_schedule,51002,base,swap,,,6,7,False,0.7268418073654175
cue_schedule,51002,base,swap,,,7,8,False,0.7677900195121765
cue_schedule,51002,base,swap,,,8,9,False,0.8551141619682312
cue_schedule,51002,base,swap,,,9,10,False,0.8557509779930115
cue_schedule,51002,base,swap,,,10,11,True,0.3340894281864166
cue_schedule,51002,base,swap,,,11,12,False,0.8321674466133118
cue_schedule,51002,base,swap,,,12,13,False,0.7616313695907593
cue_schedule,51002,base,swap,,,13,14,False,0.8162176609039307
cue_schedule,51002,base,swap,,,14,15,False,0.8090152740478516
cue_schedule,51002,base,swap,,,15,16,False,0.8153600096702576
cue_schedule,51002,base,swap,,,16,17,False,0.8140383362770081
cue_schedule,51002,base,swap,,,17,18,False,0.8324495553970337
cue_schedule,51002,base,swap,,,18,19,False,0.8228775262832642
cue_schedule,51002,base,swap,,,19,20,False,0.8092625141143799
cue_schedule,51002,base,swap,,,20,21,True,0.3349109888076782
cue_schedule,51002,base,swap,,,21,22,False,0.8131163716316223
cue_schedule,51002,base,swap,,,22,23,False,0.808268129825592
cue_schedule,51002,base,swap,,,23,24,False,0.8746523261070251
cue_schedule,51002,base,swap,,,24,25,False,0.8576576709747314
cue_schedule,51002,base,swap,,,25,26,False,0.8767103552818298
cue_schedule,51002,base,swap,,,26,27,False,0.8470313549041748
cue_schedule,51002,base,swap,,,27,28,False,0.8772203922271729
cue_schedule,51002,base,swap,,,28,29,False,0.8491775393486023
cue_schedule,51002,base,swap,,,29,30,False,0.8657934069633484
cue_schedule,51002,base,swap,,,30,31,True,0.28113916516304016
cue_schedule,51002,base,swap,,,31,32,False,0.8159382343292236
cue_schedule,51002,base,swap,,,32,33,False,0.8499895334243774
cue_schedule,51002,base,swap,,,33,34,False,0.8618753552436829
cue_schedule,51002,base,swap,,,34,35,False,0.904410183429718
cue_schedule,51002,base,swap,,,35,36,False,0.884853184223175
cue_schedule,51002,base,swap,,,36,37,False,0.8921430706977844
cue_schedule,51002,base,swap,,,37,38,False,0.8488537073135376
cue_schedule,51002,base,swap,,,38,39,False,0.870408296585083
cue_schedule,51002,base,swap,,,39,40,False,0.8413795232772827
cue_schedule,51002,base,no_swap,,,1,2,False,0.9041259288787842
cue_schedule,51002,base,no_swap,,,2,3,False,0.884392261505127
cue_schedule,51002,base,no_swap,,,3,4,False,0.8786100745201111
cue_schedule,51002,base,no_swap,,,4,5,False,0.844245970249176
cue_schedule,51002,base,no_swap,,,5,6,False,0.7807874083518982
cue_schedule,51002,base,no_swap,,,6,7,False,0.7268418073654175
cue_schedule,51002,base,no_swap,,,7,8,False,0.7677900195121765
cue_schedule,51002,base,no_swap,,,8,9,False,0.8551141619682312
cue_schedule,51002,base,no_swap,,,9,10,False,0.8557509779930115
cue_schedule,51002,base,no_swap,,,10,11,False,0.8392913341522217
cue_schedule,51002,base,no_swap,,,11,12,False,0.8654932379722595
cue_schedule,51002,base,no_swap,,,12,13,False,0.8421176075935364
cue_schedule,51002,base,no_swap,,,13,14,False,0.8834952712059021
cue_schedule,51002,base,no_swap,,,14,15,False,0.789959192276001
cue_schedule,51002,base,no_swap,,,15,16,False,0.8010415434837341
cue_schedule,51002,base,no_swap,,,16,17,False,0.772716224193573
cue_schedule,51002,base,no_swap,,,17,18,False,0.8034024238586426
cue_schedule,51002,base,no_swap,,,18,19,False,0.8414628505706787
cue_schedule,51002,base,no_swap,,,19,20,False,0.8891645073890686
cue_schedule,51002,base,no_swap,,,20,21,False,0.8523761630058289
cue_schedule,51002,base,no_swap,,,21,22,False,0.8470650315284729
cue_schedule,51002,base,no_swap,,,22,23,False,0.839895486831665
cue_schedule,51002,base,no_swap,,,23,24,False,0.8494763374328613
cue_schedule,51002,base,no_swap,,,24,25,False,0.8807569146156311
cue_schedule,51002,base,no_swap,,,25,26,False,0.8735972046852112
cue_schedule,51002,base,no_swap,,,26,27,False,0.8400394320487976
cue_schedule,51002,base,no_swap,,,27,28,False,0.8453001379966736
cue_schedule,51002,base,no_swap,,,28,29,False,0.8234241604804993
cue_schedule,51002,base,no_swap,,,29,30,False,0.846417248249054
cue_schedule,51002,base,no_swap,,,30,31,False,0.8066011071205139
cue_schedule,51002,base,no_swap,,,31,32,False,0.8832945823669434
cue_schedule,51002,base,no_swap,,,32,33,False,0.8423415422439575
cue_schedule,51002,base,no_swap,,,33,34,False,0.8407865166664124
cue_schedule,51002,base,no_swap,,,34,35,False,0.8835218548774719
cue_schedule,51002,base,no_swap,,,35,36,False,0.8822353482246399
cue_schedule,51002,base,no_swap,,,36,37,False,0.8307124376296997
cue_schedule,51002,base,no_swap,,,37,38,False,0.8715288639068604
cue_schedule,51002,base,no_swap,,,38,39,False,0.8776248097419739
cue_schedule,51002,base,no_swap,,,39,40,False,0.8315724730491638
compatibility,51002,err2,aligned,0,0.04482218623161316,,,,
compatibility,51002,err2,aligned,1,0.12244553118944168,,,,
compatibility,51002,err2,aligned,2,0.007353367283940315,,,,
compatibility,51002,err2,aligned,3,0.230214923620224,,,,
compatibility,51002,err2,aligned,4,0.17028222978115082,,,,
compatibility,51002,err2,aligned,5,0.018412932753562927,,,,
compatibility,51002,err2,aligned,6,0.09086547046899796,,,,
compatibility,51002,err2,aligned,7,0.12280777841806412,,,,
compatibility,51002,err2,aligned,8,0.015220376662909985,,,,
compatibility,51002,err2,aligned,9,0.05593540519475937,,,,
compatibility,51002,err2,aligned,10,0.0074273063801229,,,,
compatibility,51002,err2,aligned,11,0.10842356085777283,,,,
compatibility,51002,err2,aligned,12,0.04593847319483757,,,,
compatibility,51002,err2,aligned,13,0.13156987726688385,,,,
compatibility,51002,err2,aligned,14,0.21264466643333435,,,,
compatibility,51002,err2,aligned,15,0.010342476889491081,,,,
compatibility,51002,err2,aligned,16,0.15205062925815582,,,,
compatibility,51002,err2,aligned,17,0.155909925699234,,,,
compatibility,51002,err2,aligned,18,0.21598339080810547,,,,
compatibility,51002,err2,aligned,19,0.040365610271692276,,,,
compatibility,51002,err2,aligned,20,0.03457973152399063,,,,
compatibility,51002,err2,aligned,21,0.0727003961801529,,,,
compatibility,51002,err2,aligned,22,0.46666038036346436,,,,
compatibility,51002,err2,aligned,23,0.008570531383156776,,,,
compatibility,51002,err2,aligned,24,0.1282976120710373,,,,
compatibility,51002,err2,aligned,25,0.1301451474428177,,,,
compatibility,51002,err2,aligned,26,0.23347504436969757,,,,
compatibility,51002,err2,aligned,27,0.0604170598089695,,,,
compatibility,51002,err2,fixed_permutation,0,0.13009382784366608,,,,
compatibility,51002,err2,fixed_permutation,1,0.1407424658536911,,,,
compatibility,51002,err2,fixed_permutation,2,0.127486452460289,,,,
compatibility,51002,err2,fixed_permutation,3,0.1153227835893631,,,,
compatibility,51002,err2,fixed_permutation,4,0.4634024500846863,,,,
compatibility,51002,err2,fixed_permutation,5,0.1486520916223526,,,,
compatibility,51002,err2,fixed_permutation,6,0.053143832832574844,,,,
compatibility,51002,err2,fixed_permutation,7,0.38523897528648376,,,,
compatibility,51002,err2,fixed_permutation,8,0.040468864142894745,,,,
compatibility,51002,err2,fixed_permutation,9,0.17665131390094757,,,,
compatibility,51002,err2,fixed_permutation,10,0.08548291027545929,,,,
compatibility,51002,err2,fixed_permutation,11,0.2352270781993866,,,,
compatibility,51002,err2,fixed_permutation,12,0.13429607450962067,,,,
compatibility,51002,err2,fixed_permutation,13,0.1264466494321823,,,,
compatibility,51002,err2,fixed_permutation,14,0.36436980962753296,,,,
compatibility,51002,err2,fixed_permutation,15,0.1258402019739151,,,,
compatibility,51002,err2,fixed_permutation,16,0.22286108136177063,,,,
compatibility,51002,err2,fixed_permutation,17,0.4214532673358917,,,,
compatibility,51002,err2,fixed_permutation,18,0.25106480717658997,,,,
compatibility,51002,err2,fixed_permutation,19,0.21420995891094208,,,,
compatibility,51002,err2,fixed_permutation,20,0.04649220034480095,,,,
compatibility,51002,err2,fixed_permutation,21,0.3204292356967926,,,,
compatibility,51002,err2,fixed_permutation,22,0.3349341154098511,,,,
compatibility,51002,err2,fixed_permutation,23,0.2578669488430023,,,,
compatibility,51002,err2,fixed_permutation,24,0.01462167501449585,,,,
compatibility,51002,err2,fixed_permutation,25,0.11931414157152176,,,,
compatibility,51002,err2,fixed_permutation,26,0.09062577039003372,,,,
compatibility,51002,err2,fixed_permutation,27,0.20945900678634644,,,,
compatibility,51002,err2,matched_decoder,0,0.04482216760516167,,,,
compatibility,51002,err2,matched_decoder,1,0.12244552373886108,,,,
compatibility,51002,err2,matched_decoder,2,0.007353371940553188,,,,
compatibility,51002,err2,matched_decoder,3,0.23021498322486877,,,,
compatibility,51002,err2,matched_decoder,4,0.170282244682312,,,,
compatibility,51002,err2,matched_decoder,5,0.018412930890917778,,,,
compatibility,51002,err2,matched_decoder,6,0.09086549282073975,,,,
compatibility,51002,err2,matched_decoder,7,0.12280777096748352,,,,
compatibility,51002,err2,matched_decoder,8,0.01522037759423256,,,,
compatibility,51002,err2,matched_decoder,9,0.055935412645339966,,,,
compatibility,51002,err2,matched_decoder,10,0.0074273063801229,,,,
compatibility,51002,err2,matched_decoder,11,0.10842353105545044,,,,
compatibility,51002,err2,matched_decoder,12,0.04593849182128906,,,,
compatibility,51002,err2,matched_decoder,13,0.13156989216804504,,,,
compatibility,51002,err2,matched_decoder,14,0.21264471113681793,,,,
compatibility,51002,err2,matched_decoder,15,0.010342481546103954,,,,
compatibility,51002,err2,matched_decoder,16,0.15205064415931702,,,,
compatibility,51002,err2,matched_decoder,17,0.155909925699234,,,,
compatibility,51002,err2,matched_decoder,18,0.21598337590694427,,,,
compatibility,51002,err2,matched_decoder,19,0.04036559537053108,,,,
compatibility,51002,err2,matched_decoder,20,0.034579720348119736,,,,
compatibility,51002,err2,matched_decoder,21,0.07270041108131409,,,,
compatibility,51002,err2,matched_decoder,22,0.4666604697704315,,,,
compatibility,51002,err2,matched_decoder,23,0.008570533245801926,,,,
compatibility,51002,err2,matched_decoder,24,0.1282976120710373,,,,
compatibility,51002,err2,matched_decoder,25,0.13014517724514008,,,,
compatibility,51002,err2,matched_decoder,26,0.23347504436969757,,,,
compatibility,51002,err2,matched_decoder,27,0.06041707843542099,,,,
compatibility,51002,err2,random_content,0,0.08594685792922974,,,,
compatibility,51002,err2,random_content,1,0.2241961658000946,,,,
compatibility,51002,err2,random_content,2,0.06555142998695374,,,,
compatibility,51002,err2,random_content,3,0.011802123859524727,,,,
compatibility,51002,err2,random_content,4,0.22626851499080658,,,,
compatibility,51002,err2,random_content,5,0.04408790543675423,,,,
compatibility,51002,err2,random_content,6,0.0860111340880394,,,,
compatibility,51002,err2,random_content,7,0.07396727800369263,,,,
compatibility,51002,err2,random_content,8,0.06225337088108063,,,,
compatibility,51002,err2,random_content,9,0.11989490687847137,,,,
compatibility,51002,err2,random_content,10,0.03766190633177757,,,,
compatibility,51002,err2,random_content,11,0.05149689316749573,,,,
compatibility,51002,err2,random_content,12,0.005121852271258831,,,,
compatibility,51002,err2,random_content,13,0.03337487578392029,,,,
compatibility,51002,err2,random_content,14,0.3178626596927643,,,,
compatibility,51002,err2,random_content,15,0.005125828552991152,,,,
compatibility,51002,err2,random_content,16,0.037377502769231796,,,,
compatibility,51002,err2,random_content,17,0.05382417514920235,,,,
compatibility,51002,err2,random_content,18,0.18741002678871155,,,,
compatibility,51002,err2,random_content,19,0.23988735675811768,,,,
compatibility,51002,err2,random_content,20,0.04577033966779709,,,,
compatibility,51002,err2,random_content,21,0.24614422023296356,,,,
compatibility,51002,err2,random_content,22,0.2789436876773834,,,,
compatibility,51002,err2,random_content,23,0.004085054155439138,,,,
compatibility,51002,err2,random_content,24,0.052241913974285126,,,,
compatibility,51002,err2,random_content,25,0.040299996733665466,,,,
compatibility,51002,err2,random_content,26,0.10944925248622894,,,,
compatibility,51002,err2,random_content,27,0.21755321323871613,,,,
compatibility,51002,err2,no_plasticity,0,0.005534099414944649,,,,
compatibility,51002,err2,no_plasticity,1,0.18582777678966522,,,,
compatibility,51002,err2,no_plasticity,2,0.0002828664146363735,,,,
compatibility,51002,err2,no_plasticity,3,0.0007775772246532142,,,,
compatibility,51002,err2,no_plasticity,4,0.36866509914398193,,,,
compatibility,51002,err2,no_plasticity,5,0.002187924925237894,,,,
compatibility,51002,err2,no_plasticity,6,0.029435498639941216,,,,
compatibility,51002,err2,no_plasticity,7,0.2975054681301117,,,,
compatibility,51002,err2,no_plasticity,8,4.7917576011968777e-05,,,,
compatibility,51002,err2,no_plasticity,9,0.1823054999113083,,,,
compatibility,51002,err2,no_plasticity,10,0.0016645226860418916,,,,
compatibility,51002,err2,no_plasticity,11,0.0010215286165475845,,,,
compatibility,51002,err2,no_plasticity,12,0.0019388264045119286,,,,
compatibility,51002,err2,no_plasticity,13,0.0060630845837295055,,,,
compatibility,51002,err2,no_plasticity,14,0.3380378782749176,,,,
compatibility,51002,err2,no_plasticity,15,2.8828817448811606e-05,,,,
compatibility,51002,err2,no_plasticity,16,0.16478528082370758,,,,
compatibility,51002,err2,no_plasticity,17,0.19417743384838104,,,,
compatibility,51002,err2,no_plasticity,18,0.0063241710886359215,,,,
compatibility,51002,err2,no_plasticity,19,0.19261206686496735,,,,
compatibility,51002,err2,no_plasticity,20,0.00010087414557347074,,,,
compatibility,51002,err2,no_plasticity,21,0.448806494474411,,,,
compatibility,51002,err2,no_plasticity,22,0.34914520382881165,,,,
compatibility,51002,err2,no_plasticity,23,0.0012841441202908754,,,,
compatibility,51002,err2,no_plasticity,24,0.028522374108433723,,,,
compatibility,51002,err2,no_plasticity,25,0.013362539000809193,,,,
compatibility,51002,err2,no_plasticity,26,0.0026228209026157856,,,,
compatibility,51002,err2,no_plasticity,27,0.19906258583068848,,,,
cue_schedule,51002,err2,swap,,,1,2,False,0.8295029401779175
cue_schedule,51002,err2,swap,,,2,3,False,0.8433766961097717
cue_schedule,51002,err2,swap,,,3,4,False,0.9086567759513855
cue_schedule,51002,err2,swap,,,4,5,False,0.9250453114509583
cue_schedule,51002,err2,swap,,,5,6,False,0.9046963453292847
cue_schedule,51002,err2,swap,,,6,7,False,0.8362575769424438
cue_schedule,51002,err2,swap,,,7,8,False,0.8131300210952759
cue_schedule,51002,err2,swap,,,8,9,False,0.8060270547866821
cue_schedule,51002,err2,swap,,,9,10,False,0.7886260151863098
cue_schedule,51002,err2,swap,,,10,11,True,0.3997100591659546
cue_schedule,51002,err2,swap,,,11,12,False,0.8089924454689026
cue_schedule,51002,err2,swap,,,12,13,False,0.8013795614242554
cue_schedule,51002,err2,swap,,,13,14,False,0.7944565415382385
cue_schedule,51002,err2,swap,,,14,15,False,0.8213323950767517
cue_schedule,51002,err2,swap,,,15,16,False,0.7959693670272827
cue_schedule,51002,err2,swap,,,16,17,False,0.8081479668617249
cue_schedule,51002,err2,swap,,,17,18,False,0.773796796798706
cue_schedule,51002,err2,swap,,,18,19,False,0.7748964428901672
cue_schedule,51002,err2,swap,,,19,20,False,0.7696648240089417
cue_schedule,51002,err2,swap,,,20,21,True,0.40173041820526123
cue_schedule,51002,err2,swap,,,21,22,False,0.8205734491348267
cue_schedule,51002,err2,swap,,,22,23,False,0.8059214949607849
cue_schedule,51002,err2,swap,,,23,24,False,0.8328831195831299
cue_schedule,51002,err2,swap,,,24,25,False,0.8469516038894653
cue_schedule,51002,err2,swap,,,25,26,False,0.8338114023208618
cue_schedule,51002,err2,swap,,,26,27,False,0.842276930809021
cue_schedule,51002,err2,swap,,,27,28,False,0.8333234190940857
cue_schedule,51002,err2,swap,,,28,29,False,0.8373486995697021
cue_schedule,51002,err2,swap,,,29,30,False,0.8477161526679993
cue_schedule,51002,err2,swap,,,30,31,True,0.4549452066421509
cue_schedule,51002,err2,swap,,,31,32,False,0.8371849656105042
cue_schedule,51002,err2,swap,,,32,33,False,0.8251263499259949
cue_schedule,51002,err2,swap,,,33,34,False,0.8298780918121338
cue_schedule,51002,err2,swap,,,34,35,False,0.8483492136001587
cue_schedule,51002,err2,swap,,,35,36,False,0.8303161859512329
cue_schedule,51002,err2,swap,,,36,37,False,0.8407115340232849
cue_schedule,51002,err2,swap,,,37,38,False,0.8244742751121521
cue_schedule,51002,err2,swap,,,38,39,False,0.8421453833580017
cue_schedule,51002,err2,swap,,,39,40,False,0.8338369727134705
cue_schedule,51002,err2,no_swap,,,1,2,False,0.8295029401779175
cue_schedule,51002,err2,no_swap,,,2,3,False,0.8433766961097717
cue_schedule,51002,err2,no_swap,,,3,4,False,0.9086567759513855
cue_schedule,51002,err2,no_swap,,,4,5,False,0.9250453114509583
cue_schedule,51002,err2,no_swap,,,5,6,False,0.9046963453292847
cue_schedule,51002,err2,no_swap,,,6,7,False,0.8362575769424438
cue_schedule,51002,err2,no_swap,,,7,8,False,0.8131300210952759
cue_schedule,51002,err2,no_swap,,,8,9,False,0.8060270547866821
cue_schedule,51002,err2,no_swap,,,9,10,False,0.7886260151863098
cue_schedule,51002,err2,no_swap,,,10,11,False,0.7849128842353821
cue_schedule,51002,err2,no_swap,,,11,12,False,0.8275279998779297
cue_schedule,51002,err2,no_swap,,,12,13,False,0.8331478238105774
cue_schedule,51002,err2,no_swap,,,13,14,False,0.8235206007957458
cue_schedule,51002,err2,no_swap,,,14,15,False,0.8146247863769531
cue_schedule,51002,err2,no_swap,,,15,16,False,0.8225305080413818
cue_schedule,51002,err2,no_swap,,,16,17,False,0.8417513966560364
cue_schedule,51002,err2,no_swap,,,17,18,False,0.8207376599311829
cue_schedule,51002,err2,no_swap,,,18,19,False,0.8293669819831848
cue_schedule,51002,err2,no_swap,,,19,20,False,0.8155391812324524
cue_schedule,51002,err2,no_swap,,,20,21,False,0.8327800035476685
cue_schedule,51002,err2,no_swap,,,21,22,False,0.8260043263435364
cue_schedule,51002,err2,no_swap,,,22,23,False,0.8160387277603149
cue_schedule,51002,err2,no_swap,,,23,24,False,0.8379065990447998
cue_schedule,51002,err2,no_swap,,,24,25,False,0.8475003242492676
cue_schedule,51002,err2,no_swap,,,25,26,False,0.8362029194831848
cue_schedule,51002,err2,no_swap,,,26,27,False,0.8573840260505676
cue_schedule,51002,err2,no_swap,,,27,28,False,0.8426586985588074
cue_schedule,51002,err2,no_swap,,,28,29,False,0.838056743144989
cue_schedule,51002,err2,no_swap,,,29,30,False,0.8630719780921936
cue_schedule,51002,err2,no_swap,,,30,31,False,0.8491250872612
cue_schedule,51002,err2,no_swap,,,31,32,False,0.8383193016052246
cue_schedule,51002,err2,no_swap,,,32,33,False,0.8524200320243835
cue_schedule,51002,err2,no_swap,,,33,34,False,0.8536660075187683
cue_schedule,51002,err2,no_swap,,,34,35,False,0.8638038635253906
cue_schedule,51002,err2,no_swap,,,35,36,False,0.8698902130126953
cue_schedule,51002,err2,no_swap,,,36,37,False,0.8630357384681702
cue_schedule,51002,err2,no_swap,,,37,38,False,0.8629875183105469
cue_schedule,51002,err2,no_swap,,,38,39,False,0.8520031571388245
cue_schedule,51002,err2,no_swap,,,39,40,False,0.8611979484558105
