record_type,seed,plasticity_rule,schedule,event,event_lap,relative_lap,old_map_similarity,new_map_similarity,step_similarity,ca1_unit,endpoint_unit_similarity
event_timecourse,51001,base,swap,0,11,-3,0.7582969069480896,0.20919303596019745,0.9254918098449707,,
event_timecourse,51001,base,swap,0,11,-2,0.8396654725074768,0.20948874950408936,0.8476259708404541,,
event_timecourse,51001,base,swap,0,11,-1,0.8858080506324768,0.1976073980331421,0.8396654725074768,,
event_timecourse,51001,base,swap,0,11,0,0.41536790132522583,0.543641984462738,0.41536790132522583,,
event_timecourse,51001,base,swap,0,11,1,0.37057170271873474,0.5773148536682129,0.8109886646270752,,
event_timecourse,51001,base,swap,0,11,2,0.34449732303619385,0.5938065052032471,0.8319361209869385,,
event_timecourse,51001,base,swap,0,11,3,0.3070186674594879,0.6362158060073853,0.7508836984634399,,
event_timecourse,51001,base,swap,0,11,4,0.24944446980953217,0.7299242615699768,0.7151797413825989,,
event_timecourse,51001,base,swap,0,11,5,0.26016029715538025,0.7298747897148132,0.7085685133934021,,
event_timecourse,51001,base,swap,0,11,6,0.27926525473594666,0.7729511260986328,0.7820637226104736,,
event_timecourse,51001,base,swap,0,11,7,0.221453458070755,0.7896729111671448,0.8666791319847107,,
event_timecourse,51001,base,swap,0,11,8,0.2424165904521942,0.8059608340263367,0.825490415096283,,
event_timecourse,51001,base,swap,0,11,9,0.1976073980331421,0.8932154178619385,0.8059608340263367,,
endpoint_unit,51001,base,swap,0,11,,,,,0,-0.015070966444909573
endpoint_unit,51001,base,swap,0,11,,,,,1,-0.46933963894844055
endpoint_unit,51001,base,swap,0,11,,,,,2,0.6058590412139893
endpoint_unit,51001,base,swap,0,11,,,,,3,-0.16340628266334534
endpoint_unit,51001,base,swap,0,11,,,,,4,0.7586309909820557
endpoint_unit,51001,base,swap,0,11,,,,,5,0.630955159664154
endpoint_unit,51001,base,swap,0,11,,,,,6,-0.4601801931858063
endpoint_unit,51001,base,swap,0,11,,,,,7,0.7780366539955139
endpoint_unit,51001,base,swap,0,11,,,,,8,-0.03542222082614899
endpoint_unit,51001,base,swap,0,11,,,,,9,0.05140778794884682
endpoint_unit,51001,base,swap,0,11,,,,,10,0.8531464338302612
endpoint_unit,51001,base,swap,0,11,,,,,11,0.09946555644273758
endpoint_unit,51001,base,swap,0,11,,,,,12,0.0002530703495722264
endpoint_unit,51001,base,swap,0,11,,,,,13,-0.01869550533592701
endpoint_unit,51001,base,swap,0,11,,,,,14,-0.05371811240911484
endpoint_unit,51001,base,swap,0,11,,,,,15,0.5140224695205688
endpoint_unit,51001,base,swap,0,11,,,,,16,0.7073009610176086
endpoint_unit,51001,base,swap,0,11,,,,,17,0.04453905671834946
endpoint_unit,51001,base,swap,0,11,,,,,18,0.5012137293815613
endpoint_unit,51001,base,swap,0,11,,,,,19,0.704964816570282
endpoint_unit,51001,base,swap,0,11,,,,,20,-0.29403969645500183
endpoint_unit,51001,base,swap,0,11,,,,,21,0.0028487408999353647
endpoint_unit,51001,base,swap,0,11,,,,,22,-0.4336239695549011
endpoint_unit,51001,base,swap,0,11,,,,,23,0.03692876920104027
endpoint_unit,51001,base,swap,0,11,,,,,24,0.966452419757843
endpoint_unit,51001,base,swap,0,11,,,,,25,-0.2646053433418274
endpoint_unit,51001,base,swap,0,11,,,,,26,0.061523184180259705
endpoint_unit,51001,base,swap,0,11,,,,,27,-0.364496111869812
endpoint_unit,51001,base,swap,0,11,,,,,28,0.3765990436077118
endpoint_unit,51001,base,swap,0,11,,,,,29,-0.2521445155143738
endpoint_unit,51001,base,swap,0,11,,,,,30,-0.4381549656391144
endpoint_unit,51001,base,swap,0,11,,,,,31,-0.01926456019282341
endpoint_unit,51001,base,swap,0,11,,,,,32,0.11226240545511246
endpoint_unit,51001,base,swap,0,11,,,,,33,0.8997356295585632
endpoint_unit,51001,base,swap,0,11,,,,,34,-0.203976571559906
endpoint_unit,51001,base,swap,0,11,,,,,35,-0.21456079185009003
endpoint_unit,51001,base,swap,0,11,,,,,36,0.8301676511764526
endpoint_unit,51001,base,swap,0,11,,,,,37,0.8901801109313965
endpoint_unit,51001,base,swap,0,11,,,,,38,0.010646783746778965
endpoint_unit,51001,base,swap,0,11,,,,,39,-0.009792991913855076
endpoint_unit,51001,base,swap,0,11,,,,,40,-0.06080508977174759
endpoint_unit,51001,base,swap,0,11,,,,,41,-0.050665728747844696
endpoint_unit,51001,base,swap,0,11,,,,,42,0.48804107308387756
endpoint_unit,51001,base,swap,0,11,,,,,43,0.7802753448486328
endpoint_unit,51001,base,swap,0,11,,,,,44,0.9663996696472168
endpoint_unit,51001,base,swap,0,11,,,,,45,-0.00037921033799648285
endpoint_unit,51001,base,swap,0,11,,,,,46,0.44579386711120605
endpoint_unit,51001,base,swap,0,11,,,,,47,-0.03276378661394119
endpoint_unit,51001,base,swap,0,11,,,,,48,0.61723792552948
endpoint_unit,51001,base,swap,0,11,,,,,49,0.0005876818322576582
event_timecourse,51001,base,no_swap,0,11,-3,0.7582969069480896,0.6250061392784119,0.9254918098449707,,
event_timecourse,51001,base,no_swap,0,11,-2,0.8396654725074768,0.6442424058914185,0.8476259708404541,,
event_timecourse,51001,base,no_swap,0,11,-1,0.8858080506324768,0.6623676419258118,0.8396654725074768,,
event_timecourse,51001,base,no_swap,0,11,0,0.7999109029769897,0.6805199384689331,0.7999109029769897,,
event_timecourse,51001,base,no_swap,0,11,1,0.773917555809021,0.722787618637085,0.8222524523735046,,
event_timecourse,51001,base,no_swap,0,11,2,0.7701976299285889,0.7035718560218811,0.8999741077423096,,
event_timecourse,51001,base,no_swap,0,11,3,0.7016203999519348,0.7244486808776855,0.8018134236335754,,
event_timecourse,51001,base,no_swap,0,11,4,0.6921307444572449,0.7652356028556824,0.7718877196311951,,
event_timecourse,51001,base,no_swap,0,11,5,0.7053897380828857,0.7524392008781433,0.7794718742370605,,
event_timecourse,51001,base,no_swap,0,11,6,0.6848981976509094,0.790179967880249,0.8227955102920532,,
event_timecourse,51001,base,no_swap,0,11,7,0.6250865459442139,0.790605366230011,0.8111045360565186,,
event_timecourse,51001,base,no_swap,0,11,8,0.6525235772132874,0.7989600896835327,0.8180094957351685,,
event_timecourse,51001,base,no_swap,0,11,9,0.6623676419258118,0.8854802846908569,0.7989600896835327,,
endpoint_unit,51001,base,no_swap,0,11,,,,,0,0.9785228371620178
endpoint_unit,51001,base,no_swap,0,11,,,,,1,0.9986283183097839
endpoint_unit,51001,base,no_swap,0,11,,,,,2,0.6044303178787231
endpoint_unit,51001,base,no_swap,0,11,,,,,3,0.9151639938354492
endpoint_unit,51001,base,no_swap,0,11,,,,,4,0.999973475933075
endpoint_unit,51001,base,no_swap,0,11,,,,,5,0.7481116652488708
endpoint_unit,51001,base,no_swap,0,11,,,,,6,0.9984637498855591
endpoint_unit,51001,base,no_swap,0,11,,,,,7,0.7637467384338379
endpoint_unit,51001,base,no_swap,0,11,,,,,8,0.4853565990924835
endpoint_unit,51001,base,no_swap,0,11,,,,,9,0.9084071516990662
endpoint_unit,51001,base,no_swap,0,11,,,,,10,0.9056097269058228
endpoint_unit,51001,base,no_swap,0,11,,,,,11,0.5177701115608215
endpoint_unit,51001,base,no_swap,0,11,,,,,12,0.0007066478719934821
endpoint_unit,51001,base,no_swap,0,11,,,,,13,0.9897056221961975
endpoint_unit,51001,base,no_swap,0,11,,,,,14,0.6576338410377502
endpoint_unit,51001,base,no_swap,0,11,,,,,15,0.5932727456092834
endpoint_unit,51001,base,no_swap,0,11,,,,,16,0.5772574543952942
endpoint_unit,51001,base,no_swap,0,11,,,,,17,0.0505334809422493
endpoint_unit,51001,base,no_swap,0,11,,,,,18,0.7670683264732361
endpoint_unit,51001,base,no_swap,0,11,,,,,19,0.6463544368743896
endpoint_unit,51001,base,no_swap,0,11,,,,,20,0.9630649089813232
endpoint_unit,51001,base,no_swap,0,11,,,,,21,0.7743822336196899
endpoint_unit,51001,base,no_swap,0,11,,,,,22,0.9739411473274231
endpoint_unit,51001,base,no_swap,0,11,,,,,23,0.9982710480690002
endpoint_unit,51001,base,no_swap,0,11,,,,,24,0.966228187084198
endpoint_unit,51001,base,no_swap,0,11,,,,,25,0.993118405342102
endpoint_unit,51001,base,no_swap,0,11,,,,,26,-0.020191507413983345
endpoint_unit,51001,base,no_swap,0,11,,,,,27,0.9776611924171448
endpoint_unit,51001,base,no_swap,0,11,,,,,28,0.5945449471473694
endpoint_unit,51001,base,no_swap,0,11,,,,,29,0.8858873844146729
endpoint_unit,51001,base,no_swap,0,11,,,,,30,0.9993082284927368
endpoint_unit,51001,base,no_swap,0,11,,,,,31,-0.018407700583338737
endpoint_unit,51001,base,no_swap,0,11,,,,,32,0.32900360226631165
endpoint_unit,51001,base,no_swap,0,11,,,,,33,0.8784742951393127
endpoint_unit,51001,base,no_swap,0,11,,,,,34,0.9444758892059326
endpoint_unit,51001,base,no_swap,0,11,,,,,35,0.8331698179244995
endpoint_unit,51001,base,no_swap,0,11,,,,,36,0.8990209698677063
endpoint_unit,51001,base,no_swap,0,11,,,,,37,0.8968343138694763
endpoint_unit,51001,base,no_swap,0,11,,,,,38,0.028583059087395668
endpoint_unit,51001,base,no_swap,0,11,,,,,39,0.001857064082287252
endpoint_unit,51001,base,no_swap,0,11,,,,,40,0.8849033713340759
endpoint_unit,51001,base,no_swap,0,11,,,,,41,0.8510880470275879
endpoint_unit,51001,base,no_swap,0,11,,,,,42,0.01237080991268158
endpoint_unit,51001,base,no_swap,0,11,,,,,43,0.7809434533119202
endpoint_unit,51001,base,no_swap,0,11,,,,,44,0.9168412089347839
endpoint_unit,51001,base,no_swap,0,11,,,,,45,0.0022745393216609955
endpoint_unit,51001,base,no_swap,0,11,,,,,46,0.6909223198890686
endpoint_unit,51001,base,no_swap,0,11,,,,,47,-0.02829788066446781
endpoint_unit,51001,base,no_swap,0,11,,,,,48,0.9998557567596436
endpoint_unit,51001,base,no_swap,0,11,,,,,49,0.0015379928518086672
event_timecourse,51001,err2,swap,0,11,-3,0.7907710075378418,0.3103015124797821,0.8789801597595215,,
event_timecourse,51001,err2,swap,0,11,-2,0.8210350871086121,0.3033744692802429,0.8248069286346436,,
event_timecourse,51001,err2,swap,0,11,-1,0.847744882106781,0.3087042570114136,0.8210350871086121,,
event_timecourse,51001,err2,swap,0,11,0,0.35808444023132324,0.6134627461433411,0.35808444023132324,,
event_timecourse,51001,err2,swap,0,11,1,0.3244625926017761,0.6523138284683228,0.7778505086898804,,
event_timecourse,51001,err2,swap,0,11,2,0.3256184756755829,0.6880952715873718,0.7912355661392212,,
event_timecourse,51001,err2,swap,0,11,3,0.329420804977417,0.6918196678161621,0.7812191247940063,,
event_timecourse,51001,err2,swap,0,11,4,0.3262218236923218,0.7384631633758545,0.7826277017593384,,
event_timecourse,51001,err2,swap,0,11,5,0.3127724528312683,0.7298703789710999,0.8021848201751709,,
event_timecourse,51001,err2,swap,0,11,6,0.32051441073417664,0.7568454146385193,0.8091248273849487,,
event_timecourse,51001,err2,swap,0,11,7,0.2740861475467682,0.7545469403266907,0.7868837118148804,,
event_timecourse,51001,err2,swap,0,11,8,0.2966965436935425,0.7907952070236206,0.7872943878173828,,
event_timecourse,51001,err2,swap,0,11,9,0.3087042570114136,0.8600000143051147,0.7907952070236206,,
endpoint_unit,51001,err2,swap,0,11,,,,,0,-0.04928811267018318
endpoint_unit,51001,err2,swap,0,11,,,,,1,-0.4317876994609833
endpoint_unit,51001,err2,swap,0,11,,,,,2,0.18620479106903076
endpoint_unit,51001,err2,swap,0,11,,,,,3,-0.20976758003234863
endpoint_unit,51001,err2,swap,0,11,,,,,4,0.7695809006690979
endpoint_unit,51001,err2,swap,0,11,,,,,5,0.7317115068435669
endpoint_unit,51001,err2,swap,0,11,,,,,6,-0.4248620867729187
endpoint_unit,51001,err2,swap,0,11,,,,,7,0.9488859176635742
endpoint_unit,51001,err2,swap,0,11,,,,,8,0.9016035199165344
endpoint_unit,51001,err2,swap,0,11,,,,,9,0.6904701590538025
endpoint_unit,51001,err2,swap,0,11,,,,,10,0.9051256775856018
endpoint_unit,51001,err2,swap,0,11,,,,,11,0.30831074714660645
endpoint_unit,51001,err2,swap,0,11,,,,,12,3.293192940567735e-10
endpoint_unit,51001,err2,swap,0,11,,,,,13,-0.002481951145455241
endpoint_unit,51001,err2,swap,0,11,,,,,14,0.8427202105522156
endpoint_unit,51001,err2,swap,0,11,,,,,15,0.14378821849822998
endpoint_unit,51001,err2,swap,0,11,,,,,16,0.9116659164428711
endpoint_unit,51001,err2,swap,0,11,,,,,17,1.476850712833766e-07
endpoint_unit,51001,err2,swap,0,11,,,,,18,0.7561070322990417
endpoint_unit,51001,err2,swap,0,11,,,,,19,0.6533634066581726
endpoint_unit,51001,err2,swap,0,11,,,,,20,-0.07687125355005264
endpoint_unit,51001,err2,swap,0,11,,,,,21,0.03928217664361
endpoint_unit,51001,err2,swap,0,11,,,,,22,-0.42513296008110046
endpoint_unit,51001,err2,swap,0,11,,,,,23,0.5318244695663452
endpoint_unit,51001,err2,swap,0,11,,,,,24,0.7986756563186646
endpoint_unit,51001,err2,swap,0,11,,,,,25,-0.44576409459114075
endpoint_unit,51001,err2,swap,0,11,,,,,26,-0.035112056881189346
endpoint_unit,51001,err2,swap,0,11,,,,,27,-0.017100287601351738
endpoint_unit,51001,err2,swap,0,11,,,,,28,0.40547287464141846
endpoint_unit,51001,err2,swap,0,11,,,,,29,0.17603543400764465
endpoint_unit,51001,err2,swap,0,11,,,,,30,-0.4229845404624939
endpoint_unit,51001,err2,swap,0,11,,,,,31,0.9024722576141357
endpoint_unit,51001,err2,swap,0,11,,,,,32,3.5909934581468406e-07
endpoint_unit,51001,err2,swap,0,11,,,,,33,0.8063430190086365
endpoint_unit,51001,err2,swap,0,11,,,,,34,-0.0735177993774414
endpoint_unit,51001,err2,swap,0,11,,,,,35,-0.12244954705238342
endpoint_unit,51001,err2,swap,0,11,,,,,36,0.7550772428512573
endpoint_unit,51001,err2,swap,0,11,,,,,37,0.8716627955436707
endpoint_unit,51001,err2,swap,0,11,,,,,38,1.3383416153089911e-08
endpoint_unit,51001,err2,swap,0,11,,,,,39,1.0784494408611067e-09
endpoint_unit,51001,err2,swap,0,11,,,,,40,0.33402371406555176
endpoint_unit,51001,err2,swap,0,11,,,,,41,-0.09923376888036728
endpoint_unit,51001,err2,swap,0,11,,,,,42,0.9999971985816956
endpoint_unit,51001,err2,swap,0,11,,,,,43,0.8510832190513611
endpoint_unit,51001,err2,swap,0,11,,,,,44,0.6820560693740845
endpoint_unit,51001,err2,swap,0,11,,,,,45,1.1163989732665414e-09
endpoint_unit,51001,err2,swap,0,11,,,,,46,0.7246700525283813
endpoint_unit,51001,err2,swap,0,11,,,,,47,0.5816642642021179
endpoint_unit,51001,err2,swap,0,11,,,,,48,0.061687592417001724
endpoint_unit,51001,err2,swap,0,11,,,,,49,7.2778860715772e-10
event_timecourse,51001,err2,no_swap,0,11,-3,0.7907710075378418,0.7015661001205444,0.8789801597595215,,
event_timecourse,51001,err2,no_swap,0,11,-2,0.8210350871086121,0.6980487108230591,0.8248069286346436,,
event_timecourse,51001,err2,no_swap,0,11,-1,0.847744882106781,0.7238010168075562,0.8210350871086121,,
event_timecourse,51001,err2,no_swap,0,11,0,0.8040913939476013,0.7551016211509705,0.8040913939476013,,
event_timecourse,51001,err2,no_swap,0,11,1,0.76888108253479,0.7433822154998779,0.79459547996521,,
event_timecourse,51001,err2,no_swap,0,11,2,0.7653681039810181,0.7822028994560242,0.7970966100692749,,
event_timecourse,51001,err2,no_swap,0,11,3,0.7548101544380188,0.7840202450752258,0.8172106146812439,,
event_timecourse,51001,err2,no_swap,0,11,4,0.7464666962623596,0.7857570052146912,0.8233312368392944,,
event_timecourse,51001,err2,no_swap,0,11,5,0.7183573246002197,0.7717740535736084,0.8147910833358765,,
event_timecourse,51001,err2,no_swap,0,11,6,0.745807409286499,0.7848808169364929,0.8087133169174194,,
event_timecourse,51001,err2,no_swap,0,11,7,0.7435230016708374,0.7861872315406799,0.8055774569511414,,
event_timecourse,51001,err2,no_swap,0,11,8,0.7254557609558105,0.7725040912628174,0.7819370031356812,,
event_timecourse,51001,err2,no_swap,0,11,9,0.7238010168075562,0.8600000143051147,0.7725040912628174,,
endpoint_unit,51001,err2,no_swap,0,11,,,,,0,0.7979025840759277
endpoint_unit,51001,err2,no_swap,0,11,,,,,1,0.9855350255966187
endpoint_unit,51001,err2,no_swap,0,11,,,,,2,0.26567021012306213
endpoint_unit,51001,err2,no_swap,0,11,,,,,3,0.9780490398406982
endpoint_unit,51001,err2,no_swap,0,11,,,,,4,0.9879796504974365
endpoint_unit,51001,err2,no_swap,0,11,,,,,5,0.7879056930541992
endpoint_unit,51001,err2,no_swap,0,11,,,,,6,0.971671462059021
endpoint_unit,51001,err2,no_swap,0,11,,,,,7,0.990809977054596
endpoint_unit,51001,err2,no_swap,0,11,,,,,8,0.974188506603241
endpoint_unit,51001,err2,no_swap,0,11,,,,,9,0.7820373773574829
endpoint_unit,51001,err2,no_swap,0,11,,,,,10,0.7047392129898071
endpoint_unit,51001,err2,no_swap,0,11,,,,,11,0.8390166163444519
endpoint_unit,51001,err2,no_swap,0,11,,,,,12,4.644789886043554e-09
endpoint_unit,51001,err2,no_swap,0,11,,,,,13,0.9610226154327393
endpoint_unit,51001,err2,no_swap,0,11,,,,,14,0.8736734390258789
endpoint_unit,51001,err2,no_swap,0,11,,,,,15,0.28907909989356995
endpoint_unit,51001,err2,no_swap,0,11,,,,,16,0.904417097568512
endpoint_unit,51001,err2,no_swap,0,11,,,,,17,1.6633508721497492e-06
endpoint_unit,51001,err2,no_swap,0,11,,,,,18,0.7847095131874084
endpoint_unit,51001,err2,no_swap,0,11,,,,,19,0.6655304431915283
endpoint_unit,51001,err2,no_swap,0,11,,,,,20,0.7412742972373962
endpoint_unit,51001,err2,no_swap,0,11,,,,,21,-0.01851937733590603
endpoint_unit,51001,err2,no_swap,0,11,,,,,22,0.9657297730445862
endpoint_unit,51001,err2,no_swap,0,11,,,,,23,0.9004005789756775
endpoint_unit,51001,err2,no_swap,0,11,,,,,24,0.8017687201499939
endpoint_unit,51001,err2,no_swap,0,11,,,,,25,0.9585055112838745
endpoint_unit,51001,err2,no_swap,0,11,,,,,26,0.9783952236175537
endpoint_unit,51001,err2,no_swap,0,11,,,,,27,0.8878635168075562
endpoint_unit,51001,err2,no_swap,0,11,,,,,28,0.9888725876808167
endpoint_unit,51001,err2,no_swap,0,11,,,,,29,0.8431069254875183
endpoint_unit,51001,err2,no_swap,0,11,,,,,30,0.9539589285850525
endpoint_unit,51001,err2,no_swap,0,11,,,,,31,0.9817247986793518
endpoint_unit,51001,err2,no_swap,0,11,,,,,32,5.246562523097964e-06
endpoint_unit,51001,err2,no_swap,0,11,,,,,33,0.8340024948120117
endpoint_unit,51001,err2,no_swap,0,11,,,,,34,0.8860393166542053
endpoint_unit,51001,err2,no_swap,0,11,,,,,35,0.9273017048835754
endpoint_unit,51001,err2,no_swap,0,11,,,,,36,0.9675436615943909
endpoint_unit,51001,err2,no_swap,0,11,,,,,37,0.8727160692214966
endpoint_unit,51001,err2,no_swap,0,11,,,,,38,1.90851125125846e-07
endpoint_unit,51001,err2,no_swap,0,11,,,,,39,1.3004537002814232e-08
endpoint_unit,51001,err2,no_swap,0,11,,,,,40,0.8938672542572021
endpoint_unit,51001,err2,no_swap,0,11,,,,,41,0.7963011264801025
endpoint_unit,51001,err2,no_swap,0,11,,,,,42,1.0
endpoint_unit,51001,err2,no_swap,0,11,,,,,43,0.877090334892273
endpoint_unit,51001,err2,no_swap,0,11,,,,,44,0.8429507613182068
endpoint_unit,51001,err2,no_swap,0,11,,,,,45,1.572709074082468e-08
endpoint_unit,51001,err2,no_swap,0,11,,,,,46,0.9535617232322693
endpoint_unit,51001,err2,no_swap,0,11,,,,,47,0.8484621644020081
endpoint_unit,51001,err2,no_swap,0,11,,,,,48,0.9631895422935486
endpoint_unit,51001,err2,no_swap,0,11,,,,,49,1.0096222524680343e-08
event_timecourse,51002,base,swap,0,11,-3,0.7194628715515137,0.29594671726226807,0.7424329519271851,,
event_timecourse,51002,base,swap,0,11,-2,0.6952545046806335,0.3291710615158081,0.7460289597511292,,
event_timecourse,51002,base,swap,0,11,-1,0.7814969420433044,0.2722429633140564,0.6952545046806335,,
event_timecourse,51002,base,swap,0,11,0,0.33340877294540405,0.5280525088310242,0.33340877294540405,,
event_timecourse,51002,base,swap,0,11,1,0.33632954955101013,0.5791309475898743,0.7538252472877502,,
event_timecourse,51002,base,swap,0,11,2,0.3461829125881195,0.6372679471969604,0.7498576641082764,,
event_timecourse,51002,base,swap,0,11,3,0.3126990795135498,0.6734087467193604,0.8116210699081421,,
event_timecourse,51002,base,swap,0,11,4,0.338324636220932,0.6778151988983154,0.7703064680099487,,
event_timecourse,51002,base,swap,0,11,5,0.31082531809806824,0.7484433054924011,0.8640180230140686,,
event_timecourse,51002,base,swap,0,11,6,0.3193356394767761,0.7766974568367004,0.8244263529777527,,
event_timecourse,51002,base,swap,0,11,7,0.31508776545524597,0.818247377872467,0.8385224342346191,,
event_timecourse,51002,base,swap,0,11,8,0.2971551716327667,0.8281369805335999,0.8387854695320129,,
event_timecourse,51002,base,swap,0,11,9,0.2722429633140564,0.9203815460205078,0.8281369805335999,,
endpoint_unit,51002,base,swap,0,11,,,,,0,0.9295397996902466
endpoint_unit,51002,base,swap,0,11,,,,,1,7.234647796394711e-07
endpoint_unit,51002,base,swap,0,11,,,,,2,0.004659903701394796
endpoint_unit,51002,base,swap,0,11,,,,,3,0.7216387391090393
endpoint_unit,51002,base,swap,0,11,,,,,4,-0.39402374625205994
endpoint_unit,51002,base,swap,0,11,,,,,5,-0.49437215924263
endpoint_unit,51002,base,swap,0,11,,,,,6,0.012806468643248081
endpoint_unit,51002,base,swap,0,11,,,,,7,0.8382077813148499
endpoint_unit,51002,base,swap,0,11,,,,,8,-0.07390881329774857
endpoint_unit,51002,base,swap,0,11,,,,,9,0.8217676281929016
endpoint_unit,51002,base,swap,0,11,,,,,10,9.28662939259084e-06
endpoint_unit,51002,base,swap,0,11,,,,,11,-0.0742393359541893
endpoint_unit,51002,base,swap,0,11,,,,,12,0.9888389706611633
endpoint_unit,51002,base,swap,0,11,,,,,13,-0.12942105531692505
endpoint_unit,51002,base,swap,0,11,,,,,14,-0.18920275568962097
endpoint_unit,51002,base,swap,0,11,,,,,15,-0.1608356386423111
endpoint_unit,51002,base,swap,0,11,,,,,16,0.9566922783851624
endpoint_unit,51002,base,swap,0,11,,,,,17,0.29663607478141785
endpoint_unit,51002,base,swap,0,11,,,,,18,-0.052209801971912384
endpoint_unit,51002,base,swap,0,11,,,,,19,0.22102373838424683
endpoint_unit,51002,base,swap,0,11,,,,,20,-0.4862869381904602
endpoint_unit,51002,base,swap,0,11,,,,,21,0.06922221928834915
endpoint_unit,51002,base,swap,0,11,,,,,22,-0.01961350254714489
endpoint_unit,51002,base,swap,0,11,,,,,23,0.45094001293182373
endpoint_unit,51002,base,swap,0,11,,,,,24,-0.16637013852596283
endpoint_unit,51002,base,swap,0,11,,,,,25,0.9935097694396973
endpoint_unit,51002,base,swap,0,11,,,,,26,-0.06978312879800797
endpoint_unit,51002,base,swap,0,11,,,,,27,0.9906902313232422
endpoint_unit,51002,base,swap,0,11,,,,,28,0.41127344965934753
endpoint_unit,51002,base,swap,0,11,,,,,29,0.9371275901794434
endpoint_unit,51002,base,swap,0,11,,,,,30,0.14816194772720337
endpoint_unit,51002,base,swap,0,11,,,,,31,0.08491663634777069
endpoint_unit,51002,base,swap,0,11,,,,,32,-0.12439847737550735
endpoint_unit,51002,base,swap,0,11,,,,,33,0.005121063441038132
endpoint_unit,51002,base,swap,0,11,,,,,34,0.9028365015983582
endpoint_unit,51002,base,swap,0,11,,,,,35,-0.08837643265724182
endpoint_unit,51002,base,swap,0,11,,,,,36,1.5265858337443206e-06
endpoint_unit,51002,base,swap,0,11,,,,,37,0.6128492951393127
endpoint_unit,51002,base,swap,0,11,,,,,38,0.3477391004562378
endpoint_unit,51002,base,swap,0,11,,,,,39,0.9999991655349731
endpoint_unit,51002,base,swap,0,11,,,,,40,-0.16566118597984314
endpoint_unit,51002,base,swap,0,11,,,,,41,0.2876098155975342
endpoint_unit,51002,base,swap,0,11,,,,,42,0.4605168104171753
endpoint_unit,51002,base,swap,0,11,,,,,43,0.9157441854476929
endpoint_unit,51002,base,swap,0,11,,,,,44,-0.38287198543548584
endpoint_unit,51002,base,swap,0,11,,,,,45,0.9985944628715515
endpoint_unit,51002,base,swap,0,11,,,,,46,-0.14433003962039948
endpoint_unit,51002,base,swap,0,11,,,,,47,0.43311187624931335
endpoint_unit,51002,base,swap,0,11,,,,,48,0.6004791259765625
endpoint_unit,51002,base,swap,0,11,,,,,49,0.3857872486114502
event_timecourse,51002,base,no_swap,0,11,-3,0.7194628715515137,0.7171263098716736,0.7424329519271851,,
event_timecourse,51002,base,no_swap,0,11,-2,0.6952545046806335,0.7171082496643066,0.7460289597511292,,
event_timecourse,51002,base,no_swap,0,11,-1,0.7814969420433044,0.6920942664146423,0.6952545046806335,,
event_timecourse,51002,base,no_swap,0,11,0,0.7277137637138367,0.715904951095581,0.7277137637138367,,
event_timecourse,51002,base,no_swap,0,11,1,0.7205871343612671,0.7235966324806213,0.7815041542053223,,
event_timecourse,51002,base,no_swap,0,11,2,0.7355984449386597,0.7344506978988647,0.7840077877044678,,
event_timecourse,51002,base,no_swap,0,11,3,0.7214288115501404,0.7578074932098389,0.8061267733573914,,
event_timecourse,51002,base,no_swap,0,11,4,0.7181215882301331,0.7510247826576233,0.797924280166626,,
event_timecourse,51002,base,no_swap,0,11,5,0.700340986251831,0.7986504435539246,0.8405502438545227,,
event_timecourse,51002,base,no_swap,0,11,6,0.7165238261222839,0.7743805646896362,0.8242087364196777,,
event_timecourse,51002,base,no_swap,0,11,7,0.7037794589996338,0.8145538568496704,0.8025755286216736,,
event_timecourse,51002,base,no_swap,0,11,8,0.6986151337623596,0.8383665680885315,0.8368847370147705,,
event_timecourse,51002,base,no_swap,0,11,9,0.6920942664146423,0.9001980423927307,0.8383665680885315,,
endpoint_unit,51002,base,no_swap,0,11,,,,,0,0.9385659098625183
endpoint_unit,51002,base,no_swap,0,11,,,,,1,4.5558806505141547e-07
endpoint_unit,51002,base,no_swap,0,11,,,,,2,0.0022869023960083723
endpoint_unit,51002,base,no_swap,0,11,,,,,3,0.9686251282691956
endpoint_unit,51002,base,no_swap,0,11,,,,,4,0.9975107312202454
endpoint_unit,51002,base,no_swap,0,11,,,,,5,0.9999999403953552
endpoint_unit,51002,base,no_swap,0,11,,,,,6,0.6897501349449158
endpoint_unit,51002,base,no_swap,0,11,,,,,7,0.9999998211860657
endpoint_unit,51002,base,no_swap,0,11,,,,,8,0.8235426545143127
endpoint_unit,51002,base,no_swap,0,11,,,,,9,0.9179078340530396
endpoint_unit,51002,base,no_swap,0,11,,,,,10,8.362635526282247e-06
endpoint_unit,51002,base,no_swap,0,11,,,,,11,7.830529966668109e-07
endpoint_unit,51002,base,no_swap,0,11,,,,,12,0.9908099174499512
endpoint_unit,51002,base,no_swap,0,11,,,,,13,-0.03351716324687004
endpoint_unit,51002,base,no_swap,0,11,,,,,14,0.9986453056335449
endpoint_unit,51002,base,no_swap,0,11,,,,,15,0.6475396156311035
endpoint_unit,51002,base,no_swap,0,11,,,,,16,0.9902345538139343
endpoint_unit,51002,base,no_swap,0,11,,,,,17,0.867985725402832
endpoint_unit,51002,base,no_swap,0,11,,,,,18,0.6558776497840881
endpoint_unit,51002,base,no_swap,0,11,,,,,19,0.992106556892395
endpoint_unit,51002,base,no_swap,0,11,,,,,20,0.9999595284461975
endpoint_unit,51002,base,no_swap,0,11,,,,,21,0.970202624797821
endpoint_unit,51002,base,no_swap,0,11,,,,,22,0.46366482973098755
endpoint_unit,51002,base,no_swap,0,11,,,,,23,0.9969590902328491
endpoint_unit,51002,base,no_swap,0,11,,,,,24,0.9052591323852539
endpoint_unit,51002,base,no_swap,0,11,,,,,25,0.9923682808876038
endpoint_unit,51002,base,no_swap,0,11,,,,,26,-0.010130144655704498
endpoint_unit,51002,base,no_swap,0,11,,,,,27,0.9791207313537598
endpoint_unit,51002,base,no_swap,0,11,,,,,28,0.9913653135299683
endpoint_unit,51002,base,no_swap,0,11,,,,,29,0.9365841150283813
endpoint_unit,51002,base,no_swap,0,11,,,,,30,0.01896839775145054
endpoint_unit,51002,base,no_swap,0,11,,,,,31,0.811345636844635
endpoint_unit,51002,base,no_swap,0,11,,,,,32,0.9570822715759277
endpoint_unit,51002,base,no_swap,0,11,,,,,33,0.010436766780912876
endpoint_unit,51002,base,no_swap,0,11,,,,,34,0.9947760701179504
endpoint_unit,51002,base,no_swap,0,11,,,,,35,0.7481160163879395
endpoint_unit,51002,base,no_swap,0,11,,,,,36,1.6498516970386845e-06
endpoint_unit,51002,base,no_swap,0,11,,,,,37,0.7848512530326843
endpoint_unit,51002,base,no_swap,0,11,,,,,38,0.27131766080856323
endpoint_unit,51002,base,no_swap,0,11,,,,,39,1.0000008344650269
endpoint_unit,51002,base,no_swap,0,11,,,,,40,0.4638446867465973
endpoint_unit,51002,base,no_swap,0,11,,,,,41,0.9935043454170227
endpoint_unit,51002,base,no_swap,0,11,,,,,42,0.5479250550270081
endpoint_unit,51002,base,no_swap,0,11,,,,,43,0.8745136260986328
endpoint_unit,51002,base,no_swap,0,11,,,,,44,0.9945569634437561
endpoint_unit,51002,base,no_swap,0,11,,,,,45,0.9997105002403259
endpoint_unit,51002,base,no_swap,0,11,,,,,46,0.2329702526330948
endpoint_unit,51002,base,no_swap,0,11,,,,,47,0.6635650396347046
endpoint_unit,51002,base,no_swap,0,11,,,,,48,0.5837065577507019
endpoint_unit,51002,base,no_swap,0,11,,,,,49,0.9802863597869873
event_timecourse,51002,err2,swap,0,11,-3,0.7614598274230957,0.35149329900741577,0.8142594695091248,,
event_timecourse,51002,err2,swap,0,11,-2,0.8166045546531677,0.36773836612701416,0.8059415221214294,,
event_timecourse,51002,err2,swap,0,11,-1,0.8807811141014099,0.36786967515945435,0.8166045546531677,,
event_timecourse,51002,err2,swap,0,11,0,0.3400530517101288,0.6692034006118774,0.3400530517101288,,
event_timecourse,51002,err2,swap,0,11,1,0.3458981215953827,0.726712167263031,0.8147081136703491,,
event_timecourse,51002,err2,swap,0,11,2,0.3640846014022827,0.7375096678733826,0.8018269538879395,,
event_timecourse,51002,err2,swap,0,11,3,0.3523390591144562,0.7317875027656555,0.7998864650726318,,
event_timecourse,51002,err2,swap,0,11,4,0.3415912985801697,0.7571372985839844,0.7791812419891357,,
event_timecourse,51002,err2,swap,0,11,5,0.3722684979438782,0.7643830180168152,0.7823916077613831,,
event_timecourse,51002,err2,swap,0,11,6,0.38822388648986816,0.7663604021072388,0.7934929728507996,,
event_timecourse,51002,err2,swap,0,11,7,0.3530411124229431,0.7722226977348328,0.7873444557189941,,
event_timecourse,51002,err2,swap,0,11,8,0.3642957806587219,0.7998693585395813,0.8030674457550049,,
event_timecourse,51002,err2,swap,0,11,9,0.36786967515945435,0.8800289630889893,0.7998693585395813,,
endpoint_unit,51002,err2,swap,0,11,,,,,0,0.9983986616134644
endpoint_unit,51002,err2,swap,0,11,,,,,1,9.863031918966314e-11
endpoint_unit,51002,err2,swap,0,11,,,,,2,0.0904962494969368
endpoint_unit,51002,err2,swap,0,11,,,,,3,0.879266619682312
endpoint_unit,51002,err2,swap,0,11,,,,,4,-0.47115427255630493
endpoint_unit,51002,err2,swap,0,11,,,,,5,-0.4899826943874359
endpoint_unit,51002,err2,swap,0,11,,,,,6,0.43808290362358093
endpoint_unit,51002,err2,swap,0,11,,,,,7,0.782025933265686
endpoint_unit,51002,err2,swap,0,11,,,,,8,0.21109908819198608
endpoint_unit,51002,err2,swap,0,11,,,,,9,0.022810926660895348
endpoint_unit,51002,err2,swap,0,11,,,,,10,-5.8514277867516284e-08
endpoint_unit,51002,err2,swap,0,11,,,,,11,-0.037590719759464264
endpoint_unit,51002,err2,swap,0,11,,,,,12,0.902715802192688
endpoint_unit,51002,err2,swap,0,11,,,,,13,-0.0908709317445755
endpoint_unit,51002,err2,swap,0,11,,,,,14,-0.0759769007563591
endpoint_unit,51002,err2,swap,0,11,,,,,15,-0.11616085469722748
endpoint_unit,51002,err2,swap,0,11,,,,,16,0.9574942588806152
endpoint_unit,51002,err2,swap,0,11,,,,,17,-0.0019050852861255407
endpoint_unit,51002,err2,swap,0,11,,,,,18,-0.07358552515506744
endpoint_unit,51002,err2,swap,0,11,,,,,19,0.5993831157684326
endpoint_unit,51002,err2,swap,0,11,,,,,20,-0.48818838596343994
endpoint_unit,51002,err2,swap,0,11,,,,,21,0.7545672655105591
endpoint_unit,51002,err2,swap,0,11,,,,,22,0.6568554043769836
endpoint_unit,51002,err2,swap,0,11,,,,,23,0.7988084554672241
endpoint_unit,51002,err2,swap,0,11,,,,,24,0.2660946846008301
endpoint_unit,51002,err2,swap,0,11,,,,,25,0.9290245175361633
endpoint_unit,51002,err2,swap,0,11,,,,,26,0.8094538450241089
endpoint_unit,51002,err2,swap,0,11,,,,,27,0.9728860259056091
endpoint_unit,51002,err2,swap,0,11,,,,,28,0.19370071589946747
endpoint_unit,51002,err2,swap,0,11,,,,,29,0.9555439352989197
endpoint_unit,51002,err2,swap,0,11,,,,,30,0.9974026083946228
endpoint_unit,51002,err2,swap,0,11,,,,,31,0.3839944303035736
endpoint_unit,51002,err2,swap,0,11,,,,,32,0.14349527657032013
endpoint_unit,51002,err2,swap,0,11,,,,,33,0.7718474864959717
endpoint_unit,51002,err2,swap,0,11,,,,,34,0.651660144329071
endpoint_unit,51002,err2,swap,0,11,,,,,35,-0.26891306042671204
endpoint_unit,51002,err2,swap,0,11,,,,,36,3.359142963788031e-09
endpoint_unit,51002,err2,swap,0,11,,,,,37,0.9464921355247498
endpoint_unit,51002,err2,swap,0,11,,,,,38,0.9991824626922607
endpoint_unit,51002,err2,swap,0,11,,,,,39,0.9904214143753052
endpoint_unit,51002,err2,swap,0,11,,,,,40,-0.630935549736023
endpoint_unit,51002,err2,swap,0,11,,,,,41,0.2864986062049866
endpoint_unit,51002,err2,swap,0,11,,,,,42,0.3104495108127594
endpoint_unit,51002,err2,swap,0,11,,,,,43,0.877538800239563
endpoint_unit,51002,err2,swap,0,11,,,,,44,-0.5025187730789185
endpoint_unit,51002,err2,swap,0,11,,,,,45,0.9991829991340637
endpoint_unit,51002,err2,swap,0,11,,,,,46,-0.10807327181100845
endpoint_unit,51002,err2,swap,0,11,,,,,47,0.31425759196281433
endpoint_unit,51002,err2,swap,0,11,,,,,48,0.029169881716370583
endpoint_unit,51002,err2,swap,0,11,,,,,49,0.8290412425994873
event_timecourse,51002,err2,no_swap,0,11,-3,0.7614598274230957,0.70868319272995,0.8142594695091248,,
event_timecourse,51002,err2,no_swap,0,11,-2,0.8166045546531677,0.7580513954162598,0.8059415221214294,,
event_timecourse,51002,err2,no_swap,0,11,-1,0.8807811141014099,0.757643461227417,0.8166045546531677,,
event_timecourse,51002,err2,no_swap,0,11,0,0.7810671925544739,0.7666860818862915,0.7810671925544739,,
event_timecourse,51002,err2,no_swap,0,11,1,0.7893576622009277,0.7823761701583862,0.8143650889396667,,
event_timecourse,51002,err2,no_swap,0,11,2,0.7731130123138428,0.7975202798843384,0.8054160475730896,,
event_timecourse,51002,err2,no_swap,0,11,3,0.7814189791679382,0.7868340015411377,0.767540454864502,,
event_timecourse,51002,err2,no_swap,0,11,4,0.7591726183891296,0.8040670156478882,0.8001540303230286,,
event_timecourse,51002,err2,no_swap,0,11,5,0.7808965444564819,0.799482524394989,0.8072212338447571,,
event_timecourse,51002,err2,no_swap,0,11,6,0.7902126908302307,0.8156596422195435,0.8337777853012085,,
event_timecourse,51002,err2,no_swap,0,11,7,0.7688832879066467,0.8200871348381042,0.8302345871925354,,
event_timecourse,51002,err2,no_swap,0,11,8,0.749824583530426,0.8112871050834656,0.8149356842041016,,
event_timecourse,51002,err2,no_swap,0,11,9,0.757643461227417,0.9000149369239807,0.8112871050834656,,
endpoint_unit,51002,err2,no_swap,0,11,,,,,0,0.9939606189727783
endpoint_unit,51002,err2,no_swap,0,11,,,,,1,2.2912827191134966e-10
endpoint_unit,51002,err2,no_swap,0,11,,,,,2,0.07019397616386414
endpoint_unit,51002,err2,no_swap,0,11,,,,,3,0.9186729192733765
endpoint_unit,51002,err2,no_swap,0,11,,,,,4,0.9997316598892212
endpoint_unit,51002,err2,no_swap,0,11,,,,,5,0.997641384601593
endpoint_unit,51002,err2,no_swap,0,11,,,,,6,0.8179641366004944
endpoint_unit,51002,err2,no_swap,0,11,,,,,7,0.9757965207099915
endpoint_unit,51002,err2,no_swap,0,11,,,,,8,0.8364346623420715
endpoint_unit,51002,err2,no_swap,0,11,,,,,9,0.04870344698429108
endpoint_unit,51002,err2,no_swap,0,11,,,,,10,2.613046312660572e-08
endpoint_unit,51002,err2,no_swap,0,11,,,,,11,1.0882529011269071e-07
endpoint_unit,51002,err2,no_swap,0,11,,,,,12,0.9091238379478455
endpoint_unit,51002,err2,no_swap,0,11,,,,,13,0.9876307249069214
endpoint_unit,51002,err2,no_swap,0,11,,,,,14,0.7746143937110901
endpoint_unit,51002,err2,no_swap,0,11,,,,,15,0.9642348885536194
endpoint_unit,51002,err2,no_swap,0,11,,,,,16,0.9855242967605591
endpoint_unit,51002,err2,no_swap,0,11,,,,,17,0.9969027042388916
endpoint_unit,51002,err2,no_swap,0,11,,,,,18,0.9396729469299316
endpoint_unit,51002,err2,no_swap,0,11,,,,,19,0.9335483312606812
endpoint_unit,51002,err2,no_swap,0,11,,,,,20,0.9997550249099731
endpoint_unit,51002,err2,no_swap,0,11,,,,,21,0.6740456819534302
endpoint_unit,51002,err2,no_swap,0,11,,,,,22,0.7954787611961365
endpoint_unit,51002,err2,no_swap,0,11,,,,,23,0.6624093055725098
endpoint_unit,51002,err2,no_swap,0,11,,,,,24,0.9291751980781555
endpoint_unit,51002,err2,no_swap,0,11,,,,,25,0.9468732476234436
endpoint_unit,51002,err2,no_swap,0,11,,,,,26,0.8271258473396301
endpoint_unit,51002,err2,no_swap,0,11,,,,,27,0.9821853637695312
endpoint_unit,51002,err2,no_swap,0,11,,,,,28,0.9922915101051331
endpoint_unit,51002,err2,no_swap,0,11,,,,,29,0.9083268642425537
endpoint_unit,51002,err2,no_swap,0,11,,,,,30,0.21592369675636292
endpoint_unit,51002,err2,no_swap,0,11,,,,,31,0.8867618441581726
endpoint_unit,51002,err2,no_swap,0,11,,,,,32,0.8766322135925293
endpoint_unit,51002,err2,no_swap,0,11,,,,,33,0.8055678606033325
endpoint_unit,51002,err2,no_swap,0,11,,,,,34,0.7577072978019714
endpoint_unit,51002,err2,no_swap,0,11,,,,,35,-0.04431169107556343
endpoint_unit,51002,err2,no_swap,0,11,,,,,36,6.62532118056447e-09
endpoint_unit,51002,err2,no_swap,0,11,,,,,37,0.7802180051803589
endpoint_unit,51002,err2,no_swap,0,11,,,,,38,0.9991822242736816
endpoint_unit,51002,err2,no_swap,0,11,,,,,39,0.9782500267028809
endpoint_unit,51002,err2,no_swap,0,11,,,,,40,0.9301332831382751
endpoint_unit,51002,err2,no_swap,0,11,,,,,41,0.8665521740913391
endpoint_unit,51002,err2,no_swap,0,11,,,,,42,0.7513158321380615
endpoint_unit,51002,err2,no_swap,0,11,,,,,43,0.9432394504547119
endpoint_unit,51002,err2,no_swap,0,11,,,,,44,0.9989060163497925
endpoint_unit,51002,err2,no_swap,0,11,,,,,45,0.9990253448486328
endpoint_unit,51002,err2,no_swap,0,11,,,,,46,0.8705734014511108
endpoint_unit,51002,err2,no_swap,0,11,,,,,47,0.8314091563224792
endpoint_unit,51002,err2,no_swap,0,11,,,,,48,0.6309109330177307
endpoint_unit,51002,err2,no_swap,0,11,,,,,49,0.9361523389816284
