generation,candidate,composite_score,ca3_inputs_per_unit,k_ca3,beta_ca3,beta_ca1,alpha
0,0,0.6786265959563078,33.0,5.0,156.6698616504669,25.042506980895993,0.04802117776870727
0,1,0.6790721240970824,23.0,5.0,202.95225081443786,40.4762934923172,0.09591501523554324
0,2,0.6745178390653045,20.0,2.0,210.22277889251708,39.59098317027092,0.03933275771141052
0,3,0.674196720123291,34.0,3.0,175.95020768642425,8.743933963775632,0.17543762755393982
0,4,0.699727048697295,24.0,3.0,125.8301013469696,14.669591712951657,0.0830484105348587
0,5,0.6752666281108503,26.0,1.0,156.47172597646713,45.55464379787445,0.022253463983535768
0,6,0.6778119086115448,35.0,4.0,242.63413486480712,62.74475507736206,0.005
0,7,0.6854353040677531,12.0,4.0,161.18481514453887,22.875170040130612,0.07060883474349976
1,0,0.6835360020619851,23.0,4.0,205.39525685310363,11.999913978576657,0.1571356518268585
1,1,0.6881845072022191,21.0,3.0,259.07076892852785,20.372614192962644,0.005
1,2,0.6898759667520169,22.0,4.0,245.29453573226928,18.816015052795407,0.01979871225357055
1,3,0.6712081820876511,17.0,2.0,134.85777673721313,5.0,0.049244104146957395
1,4,0.6846142680335928,14.0,1.0,169.95938242822885,28.61234002113342,0.08207723852992058
1,5,0.6783649039930767,22.0,7.0,123.70685038566589,28.693464326858518,0.0815153172314167
1,6,0.6749568504095077,25.0,1.0,206.935631608963,52.16557793617248,0.12770192754268647
1,7,0.6611992065994827,19.0,3.0,160.14558700323104,25.320251512527463,0.20206582975387574
2,0,0.6970531297613073,24.0,4.0,247.14214859008788,7.58320503234863,0.06710374188423157
2,1,0.6682911790079541,29.0,4.0,300.0,41.1993204832077,0.005
2,2,0.7017186005247963,36.0,7.0,282.23777351379397,5.0,0.06494123768806458
2,3,0.6629517942004733,28.0,5.0,232.4136954307556,45.02341233491897,0.005
2,4,0.6801575324049702,31.0,8.0,165.5555167555809,34.95902829170227,0.04561598134040832
2,5,0.7030932277661783,21.0,6.0,207.53166851997375,5.0,0.061025763869285585
2,6,0.6924703514575957,14.0,5.0,191.80436072349548,10.089206027984616,0.005
2,7,0.6846032564286834,15.0,6.0,300.0,40.15423544049263,0.053985197663307186
3,0,0.7097735654866254,23.0,4.0,223.2188325881958,5.0,0.0467213852405548
3,1,0.6795080601286005,40.0,3.0,300.0,18.42330389022827,0.011567507505416866
3,2,0.6582776182006906,28.0,5.0,230.05745706558227,53.88698511123657,0.04369317424297332
3,3,0.6910387679603365,20.0,7.0,153.96395263671874,10.821892547607419,0.05715150964260101
3,4,0.6997910747925441,24.0,4.0,293.6098104476929,5.0,0.005
3,5,0.6958367253232884,37.0,5.0,278.3605938911438,6.927167701721189,0.1578567667007446
3,6,0.6676801265831346,28.0,8.0,241.79760751724243,27.143123674392697,0.05944099557399749
3,7,0.6974074024624294,21.0,8.0,300.0,5.0,0.05557528269290924
4,0,0.6592911336598573,28.0,2.0,222.22640810012817,22.297870445251462,0.09346244736388326
4,1,0.6362025066768682,47.0,4.0,204.71366820335388,28.741443681716916,0.10412948933243751
4,2,0.6827979270175651,16.0,8.0,250.20721969604492,9.456221389770505,0.03069882822036743
4,3,0.6699720506535636,30.0,6.0,268.82082042694094,5.0,0.07558836323022843
4,4,0.5983567133214739,39.0,1.0,251.90746126174926,5.0,0.06421936583518982
4,5,0.6577507281524163,33.0,1.0,200.40145037174224,57.80180864334106,0.12862124872207642
4,6,0.6672020570657872,25.0,1.0,129.73038730621337,18.71923141479492,0.18520046305656435
4,7,0.6738137375866926,30.0,6.0,152.5695347547531,6.30552701950073,0.01678300333023071
5,0,0.6799310856395296,29.0,4.0,188.87756106853485,5.0,0.06080508959293365
5,1,0.6682578669433242,21.0,8.0,176.08487961292266,52.46126465797424,0.13348492813110352
5,2,0.675924839620237,25.0,6.0,253.55395851135253,14.002510833740232,0.02148756217956542
5,3,0.6895546095901066,27.0,10.0,175.2186915040016,5.0,0.005
5,4,0.6850319153511966,16.0,5.0,266.38169107437136,17.011596488952634,0.005
5,5,0.6894015696755161,14.0,7.0,169.85533959642052,6.162163543701169,0.005981121778488155
5,6,0.6707006129291323,16.0,8.0,190.20944592952728,39.759651499986646,0.06314440500736236
5,7,0.692845150563452,12.0,7.0,207.83457932472228,5.0,0.005
6,0,0.6686765019761193,1.0,7.0,198.32598206996917,5.0,0.005
6,1,0.6935758020701233,19.0,5.0,258.3198076248169,8.801869678497312,0.03583805394172668
6,2,0.6935913991707343,12.0,3.0,209.6015685558319,5.0,0.01389337611198424
6,3,0.6904394174063647,23.0,6.0,254.52192125320434,11.52722768783569,0.005
6,4,0.691165600352817,4.0,2.0,242.90777740478515,41.55681247189641,0.005
6,5,0.6736665110455619,18.0,8.0,124.79854521751403,29.48330335617065,0.005
6,6,0.6977121553156111,6.0,3.0,162.38985744714736,5.0,0.005
6,7,0.6833267308606041,12.0,8.0,181.74630043506622,20.948571491241452,0.03084204030036926
7,0,0.6710561888526986,32.0,3.0,300.0,30.236118364334104,0.07549279463291168
7,1,0.7034545918747229,10.0,4.0,300.0,5.0,0.0062603456974029414
7,2,0.6940140977612247,10.0,3.0,255.01682815551757,22.104459333419797,0.005
7,3,0.6685073972410626,30.0,4.0,300.0,5.0,0.06798709762096405
7,4,0.6961904809430793,12.0,5.0,192.21496579647064,5.0,0.005
7,5,0.6992019601883711,10.0,5.0,225.88724074363708,5.0,0.010891704082489004
7,6,0.6824163930725168,24.0,5.0,167.80907121896743,37.02428750991821,0.005
7,7,0.6894211256945574,21.0,5.0,228.46754012107849,14.776083755493161,0.01669409704208373
8,0,0.6877619861894183,9.0,4.0,206.9143527507782,23.027557659149167,0.005
8,1,0.6941138796453122,11.0,4.0,281.2577229499817,13.041750717163083,0.005
8,2,0.6841289819390685,11.0,4.0,120.54565963745117,42.38746874332428,0.07909236532449722
8,3,0.692604832428473,35.0,4.0,126.18810830116271,8.517264652252194,0.1283759845495224
8,4,0.6908980302898972,8.0,4.0,177.5962941110134,6.193644332885739,0.005
8,5,0.6903778173084612,16.0,2.0,143.9495032787323,11.8905966758728,0.012879560708999621
8,6,0.7199026670941601,1.0,2.0,291.57841262817385,5.0,0.005
8,7,0.6788215705200478,14.0,6.0,225.92724857330322,18.715190219879148,0.005
9,0,0.6905567559489496,3.0,3.0,284.286215877533,5.741133022308347,0.033840982437133786
9,1,0.7029908209597622,15.0,6.0,240.70451078414916,5.0,0.024248473167419432
9,2,0.6683243682870158,8.0,2.0,176.48588193058967,5.0,0.05399522912502289
9,3,0.6994427659555718,11.0,4.0,202.23490295410156,5.0,0.005
9,4,0.6842208775546815,19.0,3.0,285.7534628868103,6.342052745819089,0.030035678863525386
9,5,0.6791659631552521,4.0,2.0,191.2417280435562,5.0,0.005
9,6,0.6922497332979131,12.0,3.0,185.1576286315918,5.0,0.03477976751327514
9,7,0.706394918318148,2.0,4.0,263.45068035125735,5.0,0.009295974493026729
10,0,0.6749073617546646,20.0,5.0,294.1504722595215,28.896828222274777,0.006917761087417595
10,1,0.6940648771215369,9.0,5.0,118.53091654777526,15.51451139450073,0.05181024205684662
10,2,0.6956966130380277,12.0,6.0,286.41089019775393,5.0,0.032939646959304805
10,3,0.6907537413526464,12.0,8.0,267.76506719589236,5.0,0.005
10,4,0.6953655180003908,11.0,6.0,300.0,6.920646953582761,0.013621125936508174
10,5,0.7014343165909803,9.0,6.0,291.2013298034668,5.0,0.0624525500535965
10,6,0.6924192766127764,16.0,4.0,266.84783754348757,5.0,0.028101371049880974
10,7,0.6835298118105642,18.0,5.0,231.590149974823,21.01243906021118,0.03363693785667419
11,0,0.6902187064621184,10.0,7.0,205.77062664031982,6.376084613800046,0.0344038827419281
11,1,0.6851379061628271,3.0,8.0,247.02724990844726,16.39247827529907,0.050383521437644956
11,2,0.6812015293924896,8.0,4.0,243.26868114471435,22.408128309249875,0.05756529402732849
11,3,0.6811115832240492,8.0,6.0,214.56753549575805,35.768673944473264,0.08296675291657447
11,4,0.6952644250128004,5.0,5.0,234.61292085647582,7.619261074066159,0.005
11,5,0.6945917807022731,11.0,6.0,244.6303635597229,8.11888151168823,0.030309550285339354
11,6,0.6888872022761238,13.0,7.0,279.2746120452881,11.243149566650388,0.01167511773109435
11,7,0.69124879527975,12.0,6.0,241.9095235824585,8.915612030029294,0.033994214057922356
12,0,0.6938059362217232,5.0,5.0,295.1600557327271,5.0,0.005
12,1,0.6945150824167111,12.0,6.0,290.2944284439087,5.0,0.005
12,2,0.691398027671708,12.0,6.0,257.86280212402346,6.981133747100827,0.06504932177066802
12,3,0.6900488522759191,15.0,6.0,261.20758829116824,13.473018932342526,0.025381354808807363
12,4,0.6830468524606138,13.0,5.0,208.9021342754364,22.91136198043823,0.06416472327709198
12,5,0.6951195868739375,8.0,6.0,187.72959349155425,13.046769428253171,0.04130613040924072
12,6,0.6997421817647087,9.0,6.0,230.0909417629242,5.0,0.0106670184135437
12,7,0.7020054033067491,12.0,4.0,252.47253475189208,5.0,0.01742574405670165
13,0,0.6967837692190101,15.0,5.0,143.5833960533142,5.0,0.03559543323516845
13,1,0.6991264259815216,13.0,5.0,231.09985647201538,5.0,0.05383518767356872
13,2,0.7046072961003692,15.0,6.0,270.5833679199219,5.0,0.0253267331123352
13,3,0.6924755296000727,11.0,7.0,222.88249430656433,8.24205570220947,0.02366805505752563
13,4,0.7020237137211693,11.0,6.0,226.02509913444518,5.0,0.018415789127349855
13,5,0.6967254425198943,8.0,6.0,197.08915112018585,10.687109756469724,0.029478530406951906
13,6,0.6838615161180496,3.0,7.0,218.87336072921752,17.275428104400632,0.029902879714965816
13,7,0.7029780939331761,8.0,7.0,238.0222445487976,5.0,0.026421747922897337
14,0,0.6986460839819024,15.0,7.0,242.05712375640869,5.0,0.005
14,1,0.695155480393657,12.0,6.0,290.18298444747927,5.0,0.00561539959907531
14,2,0.6950196616958689,10.0,6.0,267.22830352783205,5.0,0.010599838018417351
14,3,0.6960756932585328,21.0,8.0,264.46126518249514,5.0,0.02493963670730591
14,4,0.6950760485066306,12.0,6.0,233.1979447364807,5.0,0.036008332490921016
14,5,0.6868290269154089,17.0,7.0,275.57528791427615,5.997776317596433,0.03320551943778991
14,6,0.6991496424101017,9.0,7.0,271.86402616500857,5.0,0.005
14,7,0.6949879675441318,12.0,6.0,294.4236141204834,5.510038661956784,0.034941981554031366
15,0,0.6965100308700843,21.0,7.0,251.28500995635986,5.0,0.032141874551773066
15,1,0.6899468762124026,15.0,6.0,259.9324661254883,15.911187458038327,0.027373407602310176
15,2,0.6886428133646647,10.0,5.0,224.38803968429565,12.703158187866208,0.026821444749832155
15,3,0.6985953188604778,13.0,7.0,292.78409061431887,5.0,0.005
15,4,0.6976039966388985,21.0,7.0,230.588534450531,5.0,0.034086768150329586
15,5,0.7011306830688758,21.0,5.0,246.31152925491332,5.0,0.03732772898674011
15,6,0.6820758205652236,14.0,7.0,253.5334020614624,10.910312461853025,0.005
15,7,0.6896645328733656,11.0,7.0,274.67242059707644,9.610404300689694,0.005
16,0,0.699513628217909,19.0,5.0,212.03703937530517,5.0,0.022239778757095333
16,1,0.6751020717400092,26.0,5.0,227.68724975585937,10.18555812835693,0.06690909695625305
16,2,0.6991392311564198,18.0,4.0,215.67960438728332,5.312384891510007,0.08297703248262406
16,3,0.7005095850759083,23.0,6.0,220.01437244415283,5.0,0.04880776238441467
16,4,0.6935304741947738,18.0,7.0,274.59302005767825,5.0,0.02113544178009033
16,5,0.6895221969374904,26.0,6.0,263.412979221344,5.0,0.04473540914058685
16,6,0.6921866215820666,25.0,6.0,267.52018508911135,5.0,0.02440074515342712
16,7,0.6869571437217571,25.0,6.0,224.3984824180603,5.0,0.038220058202743525
17,0,0.6904602882597181,19.0,4.0,228.93505630493163,5.0,0.07802698296308518
17,1,0.6883165252208708,17.0,6.0,223.75520644187927,5.0,0.054287434935569756
17,2,0.6875163123563484,7.0,7.0,250.49287853240966,8.11778001785278,0.005359898328781115
17,3,0.6939741466663502,16.0,4.0,192.5190138578415,5.0,0.05571733546257019
17,4,0.6967741069087275,20.0,5.0,281.5420371055603,5.0,0.06701802742481232
17,5,0.6916453718476826,17.0,4.0,260.66944417953493,5.0,0.09473086819797755
17,6,0.6968373977917212,23.0,6.0,224.20790610313415,9.068795967102048,0.08199345451593398
17,7,0.698514759408103,22.0,6.0,200.70087966918945,5.0,0.08979368285089731
18,0,0.689847248064147,20.0,4.0,212.08993968963622,15.463849830627439,0.08390848842263221
18,1,0.6993134907660661,20.0,6.0,198.20694921016693,5.0,0.07524874937534332
18,2,0.7017557674204862,23.0,5.0,197.51946864128112,5.0,0.10770001542568207
18,3,0.6758647490210002,29.0,7.0,182.11767820119857,5.0,0.1306070638895035
18,4,0.6990482364981263,18.0,6.0,244.69783363342285,5.3875415802001925,0.06660392713546753
18,5,0.6657517004454577,30.0,4.0,264.2113834381104,5.0,0.12385044229030609
18,6,0.7005875101575145,23.0,5.0,224.885306930542,5.0,0.1109902052283287
18,7,0.6941228292606495,16.0,4.0,250.2985363960266,8.842975425720212,0.054343004345893856
19,0,0.6976718612511953,18.0,7.0,266.9838291168213,5.0,0.08895352744311094
19,1,0.7034804993867874,24.0,6.0,272.7805834770203,5.0,0.07794560325145722
19,2,0.6937839635654731,16.0,6.0,250.2878433227539,8.293391990661618,0.0645778192281723
19,3,0.6809035765020935,26.0,6.0,223.11745223999023,6.813823509216306,0.09634167273342609
19,4,0.6978191214358365,19.0,7.0,260.7740860939026,5.117275047302243,0.05567429792881012
19,5,0.7019633790961018,19.0,6.0,253.88182458877563,5.0,0.07718582135438919
19,6,0.6936623741741533,16.0,5.0,270.42774257659914,7.886354255676267,0.06710626465082169
19,7,0.7030122827821308,10.0,5.0,241.9124418258667,5.0,0.028180776357650747
20,0,0.6784123705493079,26.0,7.0,282.3392468452454,5.0,0.07238040697574616
20,1,0.6960945798511858,20.0,6.0,242.5640827178955,7.4574034690856905,0.05052459669113159
20,2,0.6984620280839778,19.0,5.0,255.61890182495117,5.0,0.06587349307537078
20,3,0.6979900180631212,19.0,7.0,275.04157123565676,5.0,0.061472569227218624
20,4,0.6995812654936756,22.0,5.0,221.21554074287414,5.0,0.09929951858520508
20,5,0.7024301311704848,22.0,7.0,276.0356408119202,5.0,0.04689939153194427
20,6,0.7010315709202377,19.0,6.0,274.3209153175354,5.0,0.05275048744678497
20,7,0.6986883756849501,19.0,7.0,300.0,5.0,0.04911460411548614
21,0,0.7005774753402781,19.0,6.0,245.85114059448242,5.0,0.03430574369430542
21,1,0.6948509116084486,16.0,6.0,277.2711521148682,5.0,0.02444166970252991
21,2,0.6862914757816879,19.0,6.0,234.6165901184082,15.800549316406247,0.07641530913114547
21,3,0.695746028246703,24.0,7.0,233.34832010269164,5.0,0.05074229967594146
21,4,0.6935951007295538,16.0,7.0,239.34387264251708,5.0,0.05908436906337738
21,5,0.6979715682621355,21.0,7.0,300.0,6.293622779846189,0.04489660096168518
21,6,0.6956040657670409,20.0,6.0,266.24167976379397,5.0,0.033473972797393794
21,7,0.6975215551367512,19.0,5.0,300.0,5.0,0.018201933622360222
22,0,0.6878435846611305,19.0,7.0,275.9097772598267,9.126323986053464,0.02586722207069396
22,1,0.6899481026110825,16.0,7.0,276.9947415351868,5.0,0.005
22,2,0.6956229776144026,24.0,6.0,256.8864708900452,5.0,0.027193347930908204
22,3,0.698310470117463,23.0,6.0,269.7725254058838,5.432216453552243,0.041647659063339226
22,4,0.6934145831399494,19.0,8.0,280.645177936554,5.0,0.01622231435775756
22,5,0.6971133947593193,19.0,7.0,300.0,5.0,0.03813609910011291
22,6,0.6989866716994179,22.0,6.0,257.3590618133545,5.0,0.022292916297912593
22,7,0.6897717689143287,16.0,6.0,252.50344095230102,12.01888971328735,0.04053529334068298
23,0,0.6753857377281896,29.0,5.0,227.28858408927917,5.327753353118894,0.08095228430628776
23,1,0.6912182369938602,24.0,5.0,266.3415366172791,11.224881935119626,0.03856879305839538
23,2,0.6949171156132663,21.0,5.0,259.0964394569397,10.54775171279907,0.0336259229183197
23,3,0.6951544606244123,24.0,7.0,250.04122314453124,5.0,0.025322763442993154
23,4,0.6889455093277825,26.0,6.0,293.2903772354126,5.0,0.04148247671127319
23,5,0.6998101763372069,24.0,6.0,269.6644931793213,5.0,0.05377270114421844
23,6,0.6998137928159149,22.0,6.0,259.25281581878664,5.0,0.02554554176330566
23,7,0.7016529383261999,22.0,7.0,270.9130292892456,5.0,0.049556465268135064
24,0,0.6850952126361706,25.0,5.0,249.5878797531128,9.309570121765134,0.0674408448934555
24,1,0.6775422668236274,26.0,5.0,259.63924703598025,6.262268352508542,0.04593233895301818
24,2,0.6854277309002699,25.0,7.0,269.0463906288147,6.78411417007446,0.034684239149093625
24,3,0.6996200822680084,21.0,6.0,278.8590484619141,6.673065948486325,0.03788861465454101
24,4,0.6892644071358222,25.0,6.0,250.13689575195312,6.6199987411498995,0.05004690718650817
24,5,0.693968984418445,23.0,6.0,284.0422063827515,8.492404747009275,0.02685051989555358
24,6,0.6981993580747533,23.0,5.0,243.58425912857055,10.194784927368161,0.031742487668991085
24,7,0.7063087647049514,23.0,4.0,265.44254598617556,5.0,0.03294281792640685
25,0,0.7075142579829251,23.0,4.0,256.8435841560364,6.377007293701169,0.03707406949996948
25,1,0.6846583879214746,25.0,6.0,294.95763835906985,6.840094852447507,0.03458432984352111
25,2,0.692769989547906,20.0,4.0,266.8380957603455,7.230283546447751,0.03234097790718078
25,3,0.7005871006073775,23.0,5.0,257.87203607559206,8.952631282806394,0.05137474370002746
25,4,0.7028764913037971,22.0,5.0,276.20288190841677,5.0,0.02981284689903259
25,5,0.6879795129652376,20.0,6.0,289.21964225769045,7.077955532073972,0.01715482306480408
25,6,0.7044102803424552,23.0,5.0,260.0972395896912,5.286044406890866,0.06307415199279785
25,7,0.6961562952288874,20.0,4.0,251.140292263031,6.156932640075681,0.03744259905815124
26,0,0.6880560192355403,19.0,4.0,267.8244119644165,7.793106365203855,0.03758092355728149
26,1,0.6999869867828158,22.0,4.0,284.4864803314209,8.715605068206784,0.03341640067100524
26,2,0.6949375311092094,24.0,4.0,252.90242490768432,10.802707004547116,0.06314626169204712
26,3,0.6974641955119592,24.0,6.0,276.6565972328186,5.907308387756345,0.042590908527374266
26,4,0.704293091804893,22.0,4.0,254.18399152755737,5.0,0.06568153929710388
26,5,0.6930449902349048,25.0,4.0,265.01076755523684,5.0,0.06092736852169037
26,6,0.6901544180402048,25.0,4.0,262.86208925247195,7.238015460968015,0.07190671694278716
26,7,0.6931807828611797,25.0,4.0,253.303275680542,5.0,0.058922298073768614
27,0,0.6990668478056237,20.0,4.0,276.01110038757326,9.621812629699704,0.05013923776149749
27,1,0.7022200925041128,22.0,7.0,283.455281829834,5.0,0.047200943350791925
27,2,0.6941979049532501,23.0,5.0,253.48215398788452,12.322241592407224,0.06902299356460571
27,3,0.6786009887191984,26.0,4.0,247.90201482772827,7.274691390991208,0.07520624083280564
27,4,0.6906002888193837,19.0,4.0,247.01813039779663,6.241013336181638,0.046471522569656365
27,5,0.6965520649927633,18.0,4.0,244.98270568847656,6.496924686431882,0.07081690859794616
27,6,0.7020569864908853,21.0,5.0,293.35040149688723,5.0,0.0422585619688034
27,7,0.705208506208879,22.0,5.0,262.0721751213074,5.0,0.043507467031478876
28,0,0.6971564933326508,19.0,7.0,278.27821073532107,5.0,0.03868912887573242
28,1,0.69201900711766,20.0,5.0,296.5849882125855,5.0,0.02296735477447509
28,2,0.7018000891252799,23.0,5.0,291.9957214355469,5.094856548309323,0.046934334754943845
28,3,0.6885151906808217,19.0,6.0,278.3165412902832,9.623951244354245,0.018540416479110713
28,4,0.6972238474422031,22.0,6.0,247.3489504814148,9.057592678070066,0.06832221281528472
28,5,0.701420572091032,22.0,6.0,279.94582948684695,5.0,0.03690575790405273
28,6,0.6988410143057505,27.0,6.0,252.5664978981018,5.216056632995603,0.0638684047460556
28,7,0.6987022499684935,18.0,5.0,279.51295671463015,5.0,0.026065389633178712
29,0,0.7013274132763897,22.0,7.0,300.0,5.0,0.03617557120323181
29,1,0.6878497085747896,25.0,7.0,289.27099046707156,5.832297134399411,0.045919723629951475
29,2,0.6863513470358319,25.0,6.0,268.3111864089966,7.018293666839597,0.04187045526504516
29,3,0.6998667236610695,22.0,5.0,296.527209854126,9.335016536712644,0.034543488740921016
29,4,0.7014215599828296,22.0,6.0,273.4383541107178,5.0,0.0404351634979248
29,5,0.6954717600345611,23.0,6.0,286.63965759277346,5.0,0.013113145351409908
29,6,0.7050426298600656,23.0,5.0,289.7162443161011,5.196186828613278,0.06067956817150116
29,7,0.6987775921380078,24.0,6.0,276.11334619522097,5.0,0.043387944817543024
30,0,0.6957042699831503,23.0,7.0,296.9390111923218,5.0,0.03477889728546142
30,1,0.6987527613948892,20.0,6.0,286.1493211746216,5.0,0.05173446369171142
30,2,0.7024048544521685,21.0,5.0,280.6210738182068,5.767568874359128,0.050058673143386835
30,3,0.7038484236266879,23.0,5.0,263.82562456130984,5.0,0.06108456981182098
30,4,0.7045965221193101,23.0,5.0,285.97360429763796,7.0551817893981905,0.07503359299898148
30,5,0.6868496261481886,25.0,5.0,280.1706343650818,6.1836045265197725,0.047086866021156304
30,6,0.6993728047609329,20.0,6.0,285.8716588973999,5.0,0.040738396167755125
30,7,0.7082545468983827,23.0,4.0,262.28174505233767,6.849228668212888,0.05632603299617767
31,0,0.7016089900776192,21.0,4.0,280.6918841362,8.244470882415769,0.060310159444808956
31,1,0.7020434431676511,22.0,4.0,266.9397765159607,7.494546699523923,0.08117713686823845
31,2,0.6879958951914752,25.0,5.0,283.14338026046755,5.0,0.06087540817260742
31,3,0.7038205014997058,21.0,4.0,255.65319833755493,7.673672962188718,0.07557502967119217
31,4,0.694847897666472,23.0,5.0,252.72385416030883,11.25489406585693,0.07351747733354569
31,5,0.7021915201566836,24.0,4.0,253.00054368972778,5.348514842987058,0.06952098888158798
31,6,0.6771976845573495,26.0,5.0,272.71188316345217,7.882947254180905,0.0728520644903183
31,7,0.6976986074447632,20.0,4.0,282.65607652664187,5.833508300781247,0.07065344434976578
32,0,0.6861072087508662,25.0,4.0,276.84885082244875,12.216800975799558,0.0703836618065834
32,1,0.7007270415623982,23.0,6.0,271.0560732841492,5.0,0.0576898558139801
32,2,0.6899409960817406,17.0,3.0,259.0570074081421,13.312520313262937,0.0653392834663391
32,3,0.704893349033815,22.0,5.0,258.5448199272156,5.0,0.06835378092527389
32,4,0.6946098676655028,21.0,3.0,252.1093207359314,5.0,0.07699933183193207
32,5,0.6970299677274845,24.0,3.0,254.36302003860473,8.548700141906735,0.08785367925465107
32,6,0.6987194222211838,23.0,4.0,265.92629489898684,11.96245603561401,0.06602589917182922
32,7,0.698220463130209,21.0,3.0,266.7426591873169,10.742966461181638,0.05356985759735107
33,0,0.6981658109912164,24.0,4.0,237.04898891448974,7.247664260864255,0.09131219592690468
33,1,0.7016972567417005,21.0,3.0,245.17650423049926,8.796028423309323,0.061928744435310365
33,2,0.6808119282016047,23.0,2.0,263.6429339408875,12.515544223785398,0.1105907319188118
33,3,0.6845521953591595,25.0,7.0,298.2405191421509,6.830231475830075,0.03216820192337036
33,4,0.7068313642563643,23.0,4.0,275.57106790542605,7.162539291381833,0.06421292853355408
33,5,0.6895643828312554,25.0,4.0,253.2984405517578,8.178331184387204,0.07347800415754319
33,6,0.7004282245591834,24.0,5.0,266.43338260650637,7.35904150009155,0.0741549415588379
33,7,0.6898026925325395,19.0,4.0,244.64067039489746,6.007551479339597,0.079046380341053
34,0,0.6918916194968753,17.0,4.0,294.0416389465332,5.26778869628906,0.06527962517738342
34,1,0.6902465802872623,23.0,2.0,262.2899919509888,12.33826808929443,0.07894303184747696
34,2,0.6861126206318536,19.0,3.0,243.29203424453735,7.242771911621091,0.10258700978755951
34,3,0.6948716331190532,13.0,2.0,254.54932270050048,9.895130920410153,0.051272426366806026
34,4,0.6992491649919086,19.0,5.0,266.7711835861206,5.0,0.04309559297561645
34,5,0.6580632415524236,24.0,1.0,244.85360918045043,6.606389808654782,0.06615947616100311
34,6,0.6831104506165891,20.0,2.0,266.3667922973633,10.589694309234616,0.05339271557331085
34,7,0.6874712749984528,25.0,6.0,280.80023822784426,7.389416027069089,0.06125409436225891
35,0,0.6979632065914295,10.0,3.0,276.1078458786011,5.0,0.05076506268978118
35,1,0.6845540970784647,16.0,3.0,273.4722214698792,6.434239673614499,0.04410815966129303
35,2,0.6929450152096924,14.0,4.0,259.2858320236206,6.4159958839416475,0.04065697622299194
35,3,0.6918711532486809,12.0,3.0,239.29964838027954,5.0,0.05785805118083954
35,4,0.6798594270149866,16.0,2.0,272.463968372345,7.696151065826413,0.0814170232117176
35,5,0.7027598051892386,13.0,3.0,263.6256533622742,8.356727886199948,0.04541110229492187
35,6,0.6838031917589683,16.0,3.0,213.69624314308166,5.0,0.0524741632938385
35,7,0.666559979474103,15.0,1.0,224.90240511894226,12.423545646667478,0.0920145862257341
36,0,0.6817222174450204,8.0,2.0,276.0783058166504,8.496677207946775,0.07718072515726089
36,1,0.6970723516632008,13.0,3.0,256.9016986846924,5.0,0.08589219284057617
36,2,0.6810884273714489,8.0,3.0,266.6478663444519,5.78907661437988,0.015562514781951892
36,3,0.703262846801016,15.0,6.0,269.4281011581421,5.0,0.011261389970779412
36,4,0.703962069330392,2.0,3.0,268.5442882537842,5.0,0.03244368863105773
36,5,0.6946307844144327,20.0,5.0,288.69563875198367,8.168739604949948,0.05063730609416961
36,6,0.6949537640589254,15.0,6.0,260.13856706619265,9.568430709838864,0.04785779547691345
36,7,0.7039620058624833,2.0,3.0,265.44915494918826,5.0,0.031533030986785886
37,0,0.7083062877919938,2.0,4.0,267.81984148025515,5.0,0.005
37,1,0.6967592997904176,15.0,4.0,241.71915111541747,5.0,0.052835731029510495
37,2,0.6685592169894111,9.0,1.0,187.9226624727249,10.204490947723386,0.09104944580048323
37,3,0.6943462876037314,1.0,1.0,236.073473072052,15.981401729583737,0.0473181767463684
37,4,0.721612483461698,1.0,1.0,271.9969922065735,6.222733783721921,0.02778909039497375
37,5,0.718092722605776,1.0,3.0,280.2827292442322,7.186085510253903,0.006760553836822503
37,6,0.6952866925575115,7.0,3.0,242.40973052978515,5.0,0.06000537407398224
37,7,0.7061675630013147,1.0,5.0,300.0,5.0,0.005
38,0,0.704227610649886,1.0,1.0,214.1097074508667,9.934434223175046,0.031863169193267815
38,1,0.6948639852029306,21.0,3.0,209.90028080940246,14.576186466217038,0.10911651384830474
38,2,0.6883644070227941,7.0,1.0,261.29391250610354,16.810330677032468,0.057359145402908325
38,3,0.7059254949401925,1.0,5.0,228.135343170166,5.0,0.005
38,4,0.6733759765713302,26.0,2.0,286.0148602485657,7.722651290893552,0.06738339793682098
38,5,0.6847397337357203,11.0,2.0,300.0,11.998931694030759,0.005
38,6,0.6812826791516056,18.0,1.0,255.0125723838806,18.22543315887451,0.07679732125997543
38,7,0.697579623637376,1.0,4.0,292.78786716461184,11.635045337676999,0.043379466056823725
39,0,0.6946086181093145,4.0,1.0,277.2566038131714,26.24093346595764,0.046589676856994625
39,1,0.6938448488270795,11.0,2.0,237.2893434524536,22.668064165115354,0.049824012637138364
39,2,0.6456638750102784,11.0,1.0,296.81153831481936,6.55664138793945,0.057257334709167475
39,3,0.6827057461606132,21.0,1.0,199.27194175720214,23.280565071105954,0.07663265150785446
39,4,0.6957098159525129,24.0,3.0,228.07187495231628,8.496846485137937,0.09522285369038581
39,5,0.6982718336802941,5.0,1.0,264.8986869812012,21.131102371215817,0.09140226986072958
39,6,0.6795925562911563,16.0,2.0,193.07868001461028,9.085306453704831,0.10869561415910721
39,7,0.6762166015307107,21.0,2.0,255.04817066192626,23.21309857368469,0.10963014942407608
40,0,0.6885399124578192,14.0,2.0,257.38633451461794,8.453530597686765,0.0662256909608841
40,1,0.6821594429678387,25.0,1.0,220.85283098220825,19.938329982757566,0.12836232018470764
40,2,0.6879043426337065,7.0,4.0,300.0,18.340009975433347,0.029190842628479
40,3,0.7000846375800945,1.0,5.0,300.0,9.16591577529907,0.005
40,4,0.6700843851433861,32.0,3.0,265.3614431381226,23.50922517776489,0.11155848187208176
40,5,0.6961604908881363,4.0,1.0,298.35862216949465,15.462312030792233,0.07673881930112839
40,6,0.6524270847550145,19.0,1.0,261.3372355461121,32.33218781948089,0.10429280307888984
40,7,0.6845721234877904,3.0,1.0,212.38988575935363,20.442549514770505,0.08967174888402224
41,0,0.7038825083661963,1.0,1.0,277.2729760169983,10.431515502929685,0.02963849139213562
41,1,0.7003868350938515,1.0,2.0,300.0,13.172752189636228,0.005
41,2,0.6929865792724822,5.0,5.0,299.32032642364504,10.065361785888669,0.023499099731445303
41,3,0.6616697983830063,4.0,6.0,277.1682125091553,7.449359226226804,0.05627229046821594
41,4,0.7095486694353598,1.0,4.0,300.0,7.166017818450925,0.04317293000221252
41,5,0.7011648977685857,24.0,2.0,270.8196598052979,7.6929944038391085,0.07602198255062104
41,6,0.7002210126982794,1.0,1.0,300.0,13.140556144714353,0.04143841099739074
41,7,0.7228379584904069,1.0,1.0,260.9558969497681,5.0,0.00890362691879272
42,0,0.6948988519553785,6.0,1.0,284.7674613952637,21.59256153106689,0.05041107368469238
42,1,0.6711794459378276,28.0,5.0,300.0,11.958483982086179,0.09473527055978775
42,2,0.6621081180925722,24.0,1.0,280.8342486381531,9.229871559143064,0.09069642546400428
42,3,0.6937763069514875,12.0,6.0,240.0119143486023,5.0,0.009416298389434807
42,4,0.7018136012554169,1.0,1.0,273.52569398880007,13.19076471328735,0.020997826576232906
42,5,0.6486238442747682,7.0,1.0,182.23595110177993,5.0,0.05311176908016205
42,6,0.6826106544777198,10.0,1.0,279.5193868637085,26.722355413436887,0.04847580027580261
42,7,0.6775671849206643,8.0,5.0,300.0,15.154575634002683,0.011427388906478875
43,0,0.6998925026699349,1.0,1.0,281.30118188858035,13.714920806884763,0.005
43,1,0.7009859346460413,1.0,2.0,188.57347009181976,10.94056062698364,0.024948619127273558
43,2,0.6944206100040011,1.0,4.0,280.12402830123904,15.924243259429929,0.005
43,3,0.6909224556331282,17.0,5.0,242.12109622955322,6.891567039489743,0.03947067093849182
43,4,0.6985149762586311,1.0,4.0,300.0,13.48868541717529,0.005
43,5,0.6987554013508337,1.0,4.0,288.64609298706057,13.183335590362546,0.005
43,6,0.6581497976294269,9.0,1.0,224.60158643722534,8.623332309722898,0.10643165391683579
43,7,0.6958417869497229,1.0,1.0,275.6655031204224,18.202204036712644,0.02703463268280029
44,0,0.6916569586153383,8.0,7.0,226.42176566123962,15.369869995117185,0.03542861175537109
44,1,0.6892223950227102,7.0,1.0,207.19554123878478,21.366318988800046,0.08501777705550194
44,2,0.6994393527949297,18.0,6.0,192.000408744812,5.0,0.046451784491539
44,3,0.6800490689939923,4.0,5.0,254.50567064285278,5.0,0.05928821098804474
44,4,0.7216331665383445,1.0,1.0,239.07261905670165,5.498647022247312,0.006143711328506468
44,5,0.6730391678765967,3.0,2.0,209.99905405044555,5.0,0.005
44,6,0.6936139476078528,16.0,4.0,169.06126675605773,12.500860023498532,0.005
44,7,0.7024813059303495,2.0,2.0,265.74743089675906,12.546340751647946,0.009996335029602038
45,0,0.6899172329461133,9.0,4.0,285.1304536819458,16.365680027008054,0.013879529953002928
45,1,0.6888494906381325,18.0,4.0,136.55455288887023,22.566832828521726,0.05806682240962982
45,2,0.7063316707699387,1.0,5.0,204.04778299331664,5.0,0.005
45,3,0.6841934573871118,17.0,6.0,227.68433866500854,11.394585895538327,0.048941533088684076
45,4,0.6858560094126949,8.0,3.0,211.74151000976562,12.322525310516355,0.013875762939453112
45,5,0.639617843583778,1.0,8.0,299.0718179702759,5.0,0.005
45,6,0.700737430607831,9.0,4.0,224.94619307518005,8.590716648101804,0.014667831182479857
45,7,0.6835719862690679,3.0,4.0,300.0,15.605143833160398,0.014320395708084105
46,0,0.6817971349645543,3.0,3.0,261.8916731834412,16.64619855880737,0.021265135526657097
46,1,0.6923942096365824,7.0,2.0,198.3709913253784,12.799467372894284,0.05581497979164123
46,2,0.6788775730795331,8.0,6.0,265.35399017333987,10.795170593261716,0.005
46,3,0.6955658874909082,1.0,5.0,211.78375301361083,11.759404468536374,0.005
46,4,0.6969817758489537,5.0,3.0,180.12706068754196,6.552843379974362,0.03701985311508178
46,5,0.6871793064364681,21.0,6.0,215.6191617012024,12.339095401763913,0.005
46,6,0.6976790333235705,1.0,5.0,244.93594942092895,8.665091323852536,0.012184898376464831
46,7,0.6886421787076525,18.0,4.0,213.9429205417633,12.489885616302487,0.07467063200473785
47,0,0.7018339911434385,8.0,6.0,168.37161493897437,8.60099010467529,0.038634489297866816
47,1,0.683943982830754,4.0,4.0,164.21754104495048,7.346987056732175,0.01036131215095519
47,2,0.6960291535986793,1.0,3.0,166.50615332126617,13.245147991180417,0.03718903493881225
47,3,0.6856214004975779,2.0,5.0,229.7378629207611,14.314014244079587,0.017667202472686758
47,4,0.6927754731310739,15.0,4.0,236.611323928833,11.88024454116821,0.06071124804019928
47,5,0.6843946907255386,3.0,4.0,188.8921040058136,8.440920639038083,0.02028288674354553
47,6,0.6960491196093735,5.0,3.0,175.56235713362693,8.110153007507321,0.033086715459823605
47,7,0.6760731835056234,2.0,4.0,184.63351247310638,8.964895534515378,0.02929579448699951
48,0,0.6915948655649468,8.0,4.0,212.81468329429626,7.199761199951169,0.02374596428871155
48,1,0.6943839972769773,14.0,5.0,184.26215527057647,5.0,0.06463676822185516
48,2,0.6920169336045229,8.0,4.0,210.03075776100158,5.029832649230954,0.02242055368423461
48,3,0.6919605698850421,19.0,5.0,162.62069729566574,12.209712791442868,0.04691439998149871
48,4,0.7029765106572045,1.0,6.0,227.74735269546508,5.84069900512695,0.005
48,5,0.6983643721871906,9.0,5.0,196.16769251823425,8.541044521331784,0.03243996930122375
48,6,0.6975390893220901,6.0,6.0,199.00630292892455,12.030093002319333,0.033793859004974364
48,7,0.6957464066920457,5.0,6.0,217.75204000473022,5.0,0.02612896990776062
49,0,0.6981914590464697,14.0,4.0,190.1928931236267,8.46812181472778,0.06468316745758057
49,1,0.6901611855294969,12.0,4.0,196.01959524154663,9.142715263366696,0.07048835438489914
49,2,0.694695292380121,12.0,6.0,233.2333999633789,5.761813449859616,0.023423127651214598
49,3,0.6894114049275716,19.0,5.0,193.56717822551727,12.98718862533569,0.07784638684988021
49,4,0.7042204949149378,10.0,4.0,197.75736627578735,5.0,0.06078807544708252
49,5,0.6909961308594103,9.0,6.0,219.68158540725707,12.095505523681638,0.027209649801254274
49,6,0.6939776715084358,3.0,3.0,251.28430185317993,5.0,0.01709453296661377
49,7,0.695661091627898,13.0,4.0,192.117533659935,11.070529747009275,0.05644973647594451
50,0,0.6869312390353944,8.0,3.0,191.73144397735595,8.12348537445068,0.03905322980880737
50,1,0.6884682773660731,8.0,4.0,191.93169412612914,7.789382266998288,0.058829606890678406
50,2,0.6957536570893393,15.0,4.0,190.97993907928466,5.0,0.05713775587081909
50,3,0.7032462379888251,6.0,5.0,209.51711115837097,7.623984146118161,0.035395763635635374
50,4,0.6897113314602111,12.0,5.0,157.80660150051116,5.0,0.07943873238563537
50,5,0.6916862784712402,3.0,3.0,243.8738447189331,7.455217170715329,0.013025097370147704
50,6,0.7023973354145333,7.0,4.0,191.40823957920074,5.427109527587888,0.05198386442661285
50,7,0.6992629437976413,13.0,5.0,212.98910913467407,5.0,0.052374966263771056
51,0,0.6940111799372567,11.0,3.0,190.51138219833373,9.423636722564694,0.06261904966831207
51,1,0.6934135304115436,4.0,2.0,172.10324136018752,7.426208782196042,0.07115928214788436
51,2,0.6999152342257675,9.0,5.0,180.36903438568115,8.342921066284177,0.04393414688110351
51,3,0.7023415482264977,7.0,4.0,205.58974561691284,5.0,0.05089160633087158
51,4,0.6927179826630484,12.0,4.0,218.00145683288574,5.0,0.06113577318191528
51,5,0.6975966878732045,10.0,4.0,194.74701223373413,10.507308769226071,0.04800298941135406
51,6,0.6947297694727227,11.0,5.0,210.8643060684204,9.791898059844968,0.03480893206596374
51,7,0.6987099061851149,10.0,3.0,194.94591233730316,5.0,0.046231515526771544
52,0,0.6906728920450916,8.0,5.0,177.151815867424,5.0,0.04549429249763488
52,1,0.6883118245557501,3.0,4.0,212.50112590789794,7.216057109832761,0.020525805473327635
52,2,0.6928476650185056,8.0,3.0,193.97516903877258,8.846530246734616,0.05105348360538482
52,3,0.701589485892543,9.0,5.0,192.4847906589508,5.0,0.03895147275924682
52,4,0.7016117020006533,9.0,4.0,181.17629615068435,7.39383153915405,0.059619457840919494
52,5,0.700339341075332,7.0,4.0,188.42546579837799,6.881975460052487,0.048068271398544304
52,6,0.7008317055525602,9.0,4.0,188.5299932718277,5.306689071655271,0.046794681072235104
52,7,0.7027911593958184,9.0,4.0,178.51238158941268,5.0,0.058376468539237975
53,0,0.6965462423695458,5.0,5.0,176.7982300877571,5.0,0.043903572678565976
53,1,0.7018028558625117,9.0,3.0,197.07636234760284,6.4475720405578585,0.062076295733451844
53,2,0.7023044190804164,9.0,4.0,188.0726516008377,5.952796268463132,0.056911904931068416
53,3,0.6942841921912298,15.0,5.0,188.98892996311187,5.0,0.06911732834577561
53,4,0.7028996003336377,9.0,5.0,163.89314664006233,5.0,0.05789678823947906
53,5,0.7043366083171633,6.0,4.0,172.29785004109144,9.031714725494382,0.05518687200546264
53,6,0.6965911268304895,10.0,3.0,168.76186249256133,5.0,0.07821148765087127
53,7,0.6983625457242683,11.0,4.0,176.1355867743492,6.874830055236814,0.050619320392608635
54,0,0.6968500442195822,11.0,4.0,169.6113042294979,7.818159389495847,0.06788515877723694
54,1,0.6819531694827257,2.0,5.0,179.01028183698654,8.10259275436401,0.03741762471199035
54,2,0.6872471143581249,12.0,4.0,161.18238953351974,10.580152797698972,0.06864138078689574
54,3,0.7001037174904788,7.0,4.0,190.03596065044403,6.066078472137448,0.05532743763923645
54,4,0.7013905165151314,9.0,5.0,181.6054326057434,6.927370357513425,0.057188574790954586
54,5,0.7075324928981287,6.0,5.0,179.7874849796295,5.0,0.053449319124221795
54,6,0.6851441194613774,4.0,4.0,192.1003353357315,5.085658359527585,0.04170623850822448
54,7,0.6713850992034983,2.0,4.0,172.76789990663528,12.128443050384519,0.04478753936290741
55,0,0.7077479769123926,6.0,5.0,173.7527393311262,5.12489728927612,0.05839483869075775
55,1,0.7024984624209227,7.0,4.0,196.7710786819458,5.0,0.04677547645568847
55,2,0.7082483483023113,6.0,4.0,180.1603996515274,7.246329116821286,0.05989506077766418
55,3,0.702005995578236,7.0,4.0,191.17375013828277,7.3553269386291475,0.05598058235645294
55,4,0.7060138736389302,6.0,4.0,177.84070101976394,5.0,0.05856463444232941
55,5,0.7076599875644402,6.0,4.0,191.96614084243774,7.416116523742673,0.05610767138004303
55,6,0.6906458942536955,8.0,5.0,171.44612859413027,5.0,0.05284981262683868
55,7,0.6830685710023952,4.0,4.0,182.09318784475326,5.099641609191892,0.04937421810626983
56,0,0.689618205472275,8.0,4.0,175.0146178662777,6.6207640647888155,0.06472261381149291
56,1,0.6988267244012268,7.0,4.0,186.64171991348266,7.909888553619382,0.061045293331146236
56,2,0.7066533577000653,6.0,4.0,166.88141403198242,5.377733039855954,0.0602672917842865
56,3,0.6904478081508919,5.0,4.0,185.29009667634963,5.7392542839050265,0.06137160193920135
56,4,0.7051469402401537,6.0,4.0,186.312012052536,9.06206541061401,0.05038889181613922
56,5,0.7088833027857321,6.0,4.0,186.09973487854003,6.589009094238278,0.05630273354053497
56,6,0.6906458995960376,5.0,4.0,182.28039798736572,7.299045848846433,0.057059456229209896
56,7,0.6983744618848519,7.0,4.0,187.44444963932037,6.444567966461179,0.06109233629703521
57,0,0.7096173405868035,6.0,4.0,178.24477759599685,5.738689231872556,0.054355509400367735
57,1,0.7018795906835131,7.0,4.0,177.67722306251525,7.4992030143737765,0.05618405473232269
57,2,0.6909986463078747,5.0,4.0,190.81525144577026,7.837554740905759,0.04998513889312744
57,3,0.69897746236236,7.0,4.0,180.90757188796997,6.622459220886228,0.06178426277637482
57,4,0.6849157073321166,4.0,4.0,178.11341193914413,8.904024887084958,0.05141717624664306
57,5,0.7001954213998935,7.0,4.0,179.6998938679695,7.708083915710446,0.05795248579978943
57,6,0.7076207088320343,6.0,4.0,179.60958567857742,7.496549415588376,0.060303024768829344
57,7,0.7020939648592913,7.0,4.0,184.75856778621673,7.1387951850891085,0.05681024324893951
58,0,0.7075953921565302,6.0,4.0,183.45871475934982,5.35025768280029,0.05589886140823364
58,1,0.6887880566826573,8.0,4.0,176.22906712293624,5.7677619934082,0.06140135955810547
58,2,0.7017974641146484,9.0,4.0,171.80629668235778,6.130697059631345,0.06292918455600738
58,3,0.7002206570130807,7.0,4.0,174.1162441432476,6.179711151123044,0.05497916769981384
58,4,0.7005159113362982,7.0,4.0,172.4963300436735,7.384869384765622,0.059078867554664606
58,5,0.70150882921837,7.0,4.0,178.77914962768554,6.8122547149658175,0.05711565446853637
58,6,0.7095336059950017,6.0,4.0,179.99402312040328,5.59575967788696,0.05449228417873382
58,7,0.6938950978164319,5.0,4.0,177.62185735106468,5.0,0.05047646594047546
59,0,0.7017716212846614,9.0,4.0,180.87880162000656,6.107494163513181,0.05247400534152984
59,1,0.7090747878507333,6.0,4.0,171.6008106380701,6.618868637084958,0.056152851700782776
59,2,0.7076923803046897,6.0,4.0,186.25487027168273,7.3833935737609835,0.05059265029430389
59,3,0.7026607781648636,7.0,4.0,178.60259679555892,5.0,0.05946298968791961
59,4,0.7090946428201818,6.0,4.0,179.00495496988296,6.60122089385986,0.05580365490913391
59,5,0.707698728022752,6.0,4.0,180.51093665361404,6.938611793518064,0.05719950032234192
59,6,0.7001375900374519,7.0,4.0,180.97964910268783,6.010429191589353,0.05451975893974304
59,7,0.7023809413777456,7.0,4.0,190.98525342941284,5.147277641296384,0.0513789517879486
60,0,0.7090819223721821,6.0,4.0,178.55435905456542,6.70542650222778,0.05896099042892456
60,1,0.7076571775145001,6.0,4.0,178.93943128585815,6.96353368759155,0.05777430963516235
60,2,0.6913443088310736,8.0,4.0,177.92885003089904,6.6479247093200655,0.05783284735679626
60,3,0.7003380639906283,5.0,3.0,178.00762561559677,7.0796006202697725,0.05884381067752838
60,4,0.7083742377493115,6.0,4.0,180.7122748851776,6.704310703277585,0.053604458093643184
60,5,0.7058956088401652,6.0,4.0,176.19347465634345,5.148946571350095,0.058774281859397884
60,6,0.7070272524489297,6.0,4.0,183.24485597610473,7.591156291961667,0.05877356958389282
60,7,0.691314554589766,5.0,4.0,168.3864348143339,7.183863449096677,0.06122180652618408
61,0,0.7068858838522876,6.0,4.0,177.19228771924972,7.4723499298095675,0.06074847114086151
61,1,0.7089456510764581,6.0,4.0,184.99375817775726,6.5318029403686495,0.05973076355457305
61,2,0.6838297826272471,4.0,4.0,177.0208386838436,5.51667146682739,0.059145916819572444
61,3,0.7020930332607693,7.0,4.0,183.0874112010002,7.290872859954831,0.0544233067035675
61,4,0.7090124888552559,6.0,4.0,177.91225609779357,6.629747676849362,0.05739095938205719
61,5,0.7059970483735755,6.0,4.0,178.7488710641861,7.891992855072019,0.057949469804763794
61,6,0.7080258392183869,6.0,4.0,177.08433461785316,6.896235275268552,0.05901791286468506
61,7,0.6915402133597267,5.0,4.0,179.3672820687294,6.726314353942868,0.054652054429054256
62,0,0.7087223249673844,6.0,4.0,176.79197875261306,7.347041893005368,0.05967606139183044
62,1,0.691614235330511,5.0,4.0,180.59373376369476,6.8993919372558565,0.057850996971130365
62,2,0.7091357253215932,6.0,4.0,181.41064522266387,6.023423004150388,0.0584040744304657
62,3,0.6912818623692901,5.0,4.0,183.50270924568176,6.425043869018552,0.05534505379199981
62,4,0.7004998622558736,7.0,4.0,177.45591712594032,5.989255237579343,0.06194229853153228
62,5,0.7077975321036797,6.0,4.0,181.35473636388778,6.822661685943601,0.0568563951253891
62,6,0.6906782312525643,5.0,4.0,185.3453412413597,6.262809562683103,0.055308331370353694
62,7,0.6906703156012076,5.0,4.0,177.97429559230804,7.723428535461423,0.05868017506599426
63,0,0.7076793222957187,6.0,4.0,181.8462905049324,6.870226192474362,0.05878079068660736
63,1,0.7087138970030677,6.0,4.0,178.6101990699768,6.448833274841306,0.06152201426029205
63,2,0.709568815032641,6.0,4.0,176.82920423746108,6.6396754264831515,0.061168385863304135
63,3,0.708757130238745,6.0,4.0,178.94961384534835,6.436845588684079,0.06077693831920623
63,4,0.7016012552270182,7.0,4.0,179.40373328924179,6.887823867797849,0.05827840995788574
63,5,0.7091516502477505,6.0,4.0,180.38019326925277,6.103746223449704,0.058062951087951654
63,6,0.7091300612246548,6.0,4.0,181.93307874202728,6.128927993774411,0.05844900441169738
63,7,0.6913721273342768,5.0,4.0,179.39237055778503,5.852190780639646,0.05917280149459839
64,0,0.708818947981905,6.0,4.0,174.83086285591125,6.217948722839353,0.06080392432212829
64,1,0.6912846518225141,5.0,4.0,179.54080579280853,6.177746582031247,0.060197593092918396
64,2,0.7094089921757026,6.0,4.0,179.60712072849273,6.558057594299314,0.061461345672607415
64,3,0.6911368486837105,5.0,4.0,179.64918670654296,6.409932899475095,0.06060731244087219
64,4,0.6908561733696196,5.0,4.0,174.4011385500431,6.348504352569577,0.05868686866760254
64,5,0.6913659569731464,5.0,4.0,176.40082550644874,6.823066997528073,0.06046256852149963
64,6,0.7081317818606342,6.0,4.0,179.74241582155227,7.147924232482907,0.06032203567028045
64,7,0.6915040969848633,5.0,4.0,180.16039160490035,6.058117675781247,0.05777513515949249
65,0,0.7094749529935696,6.0,4.0,177.38252607584,6.556462574005124,0.06021140050888061
65,1,0.7088087975316576,6.0,4.0,177.97679317593574,6.408867168426511,0.059979201674461365
65,2,0.6920555398199294,5.0,4.0,174.53460303544998,6.847428607940671,0.0619602335691452
65,3,0.7094243928017439,6.0,4.0,177.40512011051177,6.512991714477536,0.06159733664989471
65,4,0.70965549784678,6.0,4.0,177.35830841064453,6.603280830383298,0.05982318353652954
65,5,0.7079382231500414,6.0,4.0,178.74116418361663,6.869653987884519,0.06122964155673981
65,6,0.7088660869774994,6.0,4.0,181.21562448740005,6.335675048828122,0.059250698804855347
65,7,0.7093756913918036,6.0,4.0,177.3075042426586,6.559159088134763,0.06211202275753021
66,0,0.7094163699061782,6.0,4.0,177.21294475197791,6.5896385192871065,0.061044506549835204
66,1,0.691134739893454,5.0,4.0,176.72835094332694,6.572796630859372,0.06160243582725525
66,2,0.6911932153613479,5.0,4.0,178.05093524456024,6.587666797637937,0.05984210503101348
66,3,0.6914253978817552,5.0,4.0,176.67566609978675,6.1512487411498995,0.061728365540504454
66,4,0.7087709607239123,6.0,4.0,175.4150622844696,6.179036426544187,0.06180413496494293
66,5,0.6906266649564107,5.0,4.0,175.97783220410346,7.144395637512204,0.05941541922092437
66,6,0.7094373220426066,6.0,4.0,177.22704065442085,6.572584438323972,0.060803048133850096
66,7,0.7094941501043461,6.0,4.0,178.63240954875945,6.487378406524655,0.060448200821876526
67,0,0.7094929591152402,6.0,4.0,178.43951580524444,6.529588031768796,0.060095180392265315
67,1,0.7087823562489616,6.0,4.0,178.22323051691055,6.318499374389646,0.06105764937400818
67,2,0.7095024020362782,6.0,4.0,177.85883185863494,6.493264961242673,0.06024367344379425
67,3,0.7097878286132105,6.0,4.0,179.52363429069518,6.657718944549558,0.06025573444366455
67,4,0.7094283371943014,6.0,4.0,177.8623625397682,6.603957939147946,0.06065570545196533
67,5,0.7094244612367064,6.0,4.0,178.96257874965667,6.508135128021237,0.06161882710456848
67,6,0.6917077193216041,5.0,4.0,178.57819763422012,6.1867993354797335,0.05891799461841583
67,7,0.7087700109128598,6.0,4.0,177.49006343483924,6.342255401611325,0.061168791174888604
68,0,0.7088038194400292,6.0,4.0,180.84271428585052,6.50595836639404,0.05920909178256988
68,1,0.7095870645399446,6.0,4.0,178.79337248802184,6.607116985321042,0.06113129985332488
68,2,0.7001352268015896,7.0,4.0,180.97550419569015,6.75362043380737,0.05956007671356201
68,3,0.7088386627700594,6.0,4.0,180.0398719072342,6.2704222679138155,0.06018009614944458
68,4,0.7088107258522952,6.0,4.0,177.9325479030609,6.379749107360837,0.06014463436603546
68,5,0.7080072900321749,6.0,4.0,178.4411814570427,6.877030658721921,0.05969393980503082
68,6,0.7087914630660302,6.0,4.0,177.03233016133308,6.365122127532956,0.060625223636627194
68,7,0.7096608545382818,6.0,4.0,178.71826705932617,6.58314399719238,0.059907437682151794
69,0,0.7088270155809543,6.0,4.0,179.68682346343994,6.4599006652832,0.059171612381935114
69,1,0.7097490000504033,6.0,4.0,178.94806710481643,6.678656864166257,0.06080617439746856
69,2,0.7096761762433582,6.0,4.0,179.96804682016372,6.572760868072507,0.05967514944076538
69,3,0.7087890338014674,6.0,4.0,178.844611620903,6.752242374420163,0.06059310865402221
69,4,0.709485791656706,6.0,4.0,178.36445418596267,6.457549858093259,0.06086095702648163
69,5,0.7079499884446462,6.0,4.0,177.78263253569602,6.900622177124021,0.060548253178596495
69,6,0.7087659977100514,6.0,4.0,177.953605479002,6.778666305541989,0.06073035132884979
69,7,0.709474179788872,6.0,4.0,178.69216111898422,6.508652496337888,0.060656796216964716
70,0,0.7094855157092765,6.0,4.0,179.86593244075775,6.518558788299558,0.0603219701051712
70,1,0.709446523785591,6.0,4.0,178.96035966873168,6.587235260009763,0.06044977736473083
70,2,0.7098175602930562,6.0,4.0,178.78238884210586,6.613327789306638,0.060163478374481195
70,3,0.7097862380522267,6.0,4.0,179.83334181308746,6.682311820983884,0.05998925399780273
70,4,0.7094594182570774,6.0,4.0,178.57222703695297,6.536051559448239,0.06070085000991821
70,5,0.7097566024020865,6.0,4.0,179.15189263820648,6.655666160583493,0.0609130038022995
70,6,0.7097887729053145,6.0,4.0,179.1029798746109,6.655570793151853,0.06026957762241363
70,7,0.7090307004584205,6.0,4.0,179.26632908582687,6.694168376922605,0.06016206574440002
71,0,0.7087815228877243,6.0,4.0,178.9723223209381,6.484522151947019,0.059905521392822264
71,1,0.7097989150771388,6.0,4.0,179.17051253318786,6.648606586456296,0.060142095208168024
71,2,0.7094605347403773,6.0,4.0,178.74950495958328,6.5673583030700655,0.06037391257286071
71,3,0.708837459815873,6.0,4.0,179.06249103546142,6.705691146850583,0.06018949282169342
71,4,0.7098112708992428,6.0,4.0,179.55995497703552,6.624519157409665,0.06015411150455475
71,5,0.7097850581010183,6.0,4.0,179.3877008318901,6.638852882385251,0.06052829754352569
71,6,0.709779503279262,6.0,4.0,178.1897878408432,6.674100685119626,0.06025654506683349
71,7,0.7096689839495552,6.0,4.0,179.3410259246826,6.5815537452697725,0.059745777964591976
72,0,0.7094934022868121,6.0,4.0,179.59401545524597,6.560429859161374,0.05976195764541626
72,1,0.7090570479189907,6.0,4.0,178.30047456026077,6.691188144683835,0.059672207951545715
72,2,0.7097785335999948,6.0,4.0,179.24089280366897,6.682874488830564,0.06015430521965027
72,3,0.7097755986231343,6.0,4.0,179.9905085325241,6.664072799682614,0.06042017471790313
72,4,0.708856138697377,6.0,4.0,179.27713928222656,6.70460395812988,0.059812949419021606
72,5,0.7098170735217906,6.0,4.0,180.0548511505127,6.6025107383728,0.06026464235782623
72,6,0.7090271959260658,6.0,4.0,178.9220389485359,6.700245666503903,0.06016557347774505
72,7,0.7096495765668375,6.0,4.0,180.4100882768631,6.5892951965332,0.06003628206253051
73,0,0.7096654176049761,6.0,4.0,179.8657420039177,6.581832695007321,0.05980421137809753
73,1,0.7098187154089963,6.0,4.0,179.815190410614,6.61262922286987,0.06012725365161895
73,2,0.709798150702759,6.0,4.0,180.2327656507492,6.673943328857419,0.05983376038074493
73,3,0.7095811642320067,6.0,4.0,179.582612490654,6.623467731475827,0.061062918424606316
73,4,0.7097491932136041,6.0,4.0,179.27406994104385,6.677440929412839,0.06081058812141418
73,5,0.7088555879063075,6.0,4.0,180.0285136461258,6.714274215698239,0.05968264770507812
73,6,0.7088523852604407,6.0,4.0,179.9610417842865,6.707846450805661,0.05983348619937896
73,7,0.7087959181379389,6.0,4.0,179.1949456691742,6.7573206901550265,0.060380618095397944
74,0,0.7097630546048835,6.0,4.0,180.1193377137184,6.669685173034665,0.060605014681816095
74,1,0.7098291489813063,6.0,4.0,180.3724425792694,6.624221134185788,0.059770051956176753
74,2,0.708819055226114,6.0,4.0,179.95255616903304,6.766666698455808,0.05975715351104736
74,3,0.709841435264658,6.0,4.0,179.86965713500976,6.60023384094238,0.05979557168483734
74,4,0.7096568334323389,6.0,4.0,179.5742350578308,6.584855842590329,0.05995530617237091
74,5,0.7097785037976724,6.0,4.0,180.324343419075,6.689450073242185,0.06004932355880737
74,6,0.7095922976069979,6.0,4.0,179.3561598420143,6.624917316436765,0.060831819295883174
74,7,0.7098058463246734,6.0,4.0,179.50052706003189,6.611134338378903,0.06041084063053131
75,0,0.7098160674174626,6.0,4.0,180.0422796368599,6.625136661529538,0.06003777813911438
75,1,0.7098099789133778,6.0,4.0,179.2731007695198,6.6274803161621065,0.060153581023216246
75,2,0.7095083729867581,6.0,4.0,180.38654026985168,6.53185062408447,0.059720317840576166
75,3,0.709826417101754,6.0,4.0,180.14431533813476,6.650919246673581,0.05952313673496246
75,4,0.7097963482141495,6.0,4.0,179.51216695308685,6.641735363006589,0.0602657778263092
75,5,0.7098229385084576,6.0,4.0,179.38507405519485,6.619760322570798,0.05997275245189666
75,6,0.7097957952155007,6.0,4.0,179.79157087802886,6.670324134826657,0.05993742477893829
75,7,0.7094807340922179,6.0,4.0,180.1051658153534,6.561645793914792,0.05999678802490234
76,0,0.7094589927461413,6.0,4.0,179.55802825689315,6.586961078643796,0.06019111406803131
76,1,0.7098157655309748,6.0,4.0,179.9639090657234,6.64718322753906,0.05979378950595855
76,2,0.7098264198612284,6.0,4.0,180.30152497291564,6.616861152648923,0.05991058480739593
76,3,0.7098074501311338,6.0,4.0,179.81889185905456,6.668955612182614,0.059711320519447324
76,4,0.7097997302258455,6.0,4.0,179.8779093980789,6.664325523376462,0.059925739288330074
76,5,0.7098460717333687,6.0,4.0,179.9570926785469,6.6012280464172335,0.05968680214881897
76,6,0.7096674905220667,6.0,4.0,179.96128318309783,6.57689981460571,0.05981104803085327
76,7,0.7097997368485839,6.0,4.0,180.29723612070083,6.673144626617429,0.05980865490436554
77,0,0.7097859433403721,6.0,4.0,180.1268478989601,6.688222217559812,0.05991543960571289
77,1,0.7097960650920867,6.0,4.0,179.93436453342437,6.649073886871335,0.06017820370197296
77,2,0.7098338930695145,6.0,4.0,179.7235366463661,6.603335666656491,0.059920380830764765
77,3,0.7096637928265112,6.0,4.0,180.08023468255996,6.591388511657712,0.059730432748794554
77,4,0.709853873319096,6.0,4.0,180.39769468307495,6.63734846115112,0.05909944903850555
77,5,0.7096839055308589,6.0,4.0,180.06829438209533,6.578585433959958,0.05945060086250305
77,6,0.7098294381742124,6.0,4.0,180.26174244880676,6.61819152832031,0.0598348571062088
77,7,0.709832211445879,6.0,4.0,180.1694762468338,6.6148107528686495,0.05981799495220184
78,0,0.7098207259619677,6.0,4.0,180.24858084917068,6.664146709442136,0.05948085021972656
78,1,0.7098193086959697,6.0,4.0,179.86100432872772,6.651453304290769,0.05967258942127227
78,2,0.7098613371451696,6.0,4.0,180.88530865907668,6.653444099426267,0.05872756969928741
78,3,0.709833648028197,6.0,4.0,179.6525832772255,6.6233628273010225,0.05970473420619964
78,4,0.7098439590798483,6.0,4.0,180.306209897995,6.61119632720947,0.05961102974414825
78,5,0.7098583387004004,6.0,4.0,179.98172429800033,6.5995471954345675,0.059449522018432614
78,6,0.709674226950716,6.0,4.0,180.12789306640624,6.587659645080564,0.059553320527076715
78,7,0.709806775715616,6.0,4.0,179.80321345329284,6.653758811950681,0.05990677309036255
79,0,0.7098442278526447,6.0,4.0,180.37521777153015,6.629246997833249,0.0593983097076416
79,1,0.7098596632480622,6.0,4.0,180.3057718038559,6.610950756072995,0.05928594303131103
79,2,0.7098862811371132,6.0,4.0,180.7917415857315,6.601867008209226,0.058809818148612976
79,3,0.7098190371636991,6.0,4.0,180.02655473947524,6.655313301086423,0.05962828826904296
79,4,0.7098569528924094,6.0,4.0,181.04169574975967,6.637954044342038,0.05900717508792877
79,5,0.7098791274759503,6.0,4.0,180.49727169275283,6.598662662506101,0.05900827181339264
79,6,0.7098844681625013,6.0,4.0,180.71254847049713,6.604606437683103,0.058819480061531065
79,7,0.7096956459901951,6.0,4.0,180.54623988866805,6.577638912200925,0.05920330715179443
80,0,0.7097054851717418,6.0,4.0,180.77743557691574,6.57990388870239,0.05896369051933288
80,1,0.6914087266171419,5.0,4.0,181.20494303703308,6.570133495330808,0.058344207525253294
80,2,0.7098819713901591,6.0,4.0,180.881645655632,6.621691513061521,0.058667610406875605
80,3,0.7098660403931581,6.0,4.0,180.69891301393508,6.6158812522888155,0.05908413362503052
80,4,0.6914056911954173,5.0,4.0,181.18156132698059,6.594161319732663,0.0585000170469284
80,5,0.7090069908786703,6.0,4.0,181.2475356221199,6.515516567230222,0.05872360301017761
80,6,0.7098877122004826,6.0,4.0,180.9242865204811,6.604472923278806,0.05874518883228302
80,7,0.7098721338642967,6.0,4.0,180.7173996925354,6.621767807006833,0.0588839156627655
81,0,0.7098648383661552,6.0,4.0,180.70943353176116,6.599280166625974,0.05929718446731567
81,1,0.6914063391199817,5.0,4.0,181.1118542909622,6.60368375778198,0.05851267111301422
81,2,0.7089889378459365,6.0,4.0,181.01277348995208,6.549777317047116,0.05876494479179382
81,3,0.7098350608790361,6.0,4.0,180.7642507314682,6.661297607421872,0.05919891130924224
81,4,0.7098615159591039,6.0,4.0,181.09570471048355,6.625558662414548,0.05905528795719146
81,5,0.7098686265724675,6.0,4.0,180.77895638942718,6.631333160400388,0.058843721270561214
81,6,0.6914034400162873,5.0,4.0,181.53189805746078,6.5481369972228975,0.05838558208942413
81,7,0.7098790154412941,6.0,4.0,180.65214154720306,6.624979305267331,0.058699582338333126
82,0,0.709891175892618,6.0,4.0,181.42518190145492,6.595322418212888,0.058760477423667905
82,1,0.7098642108617005,6.0,4.0,180.85324016809463,6.6363304138183565,0.058876780986785886
82,2,0.7089738871212358,6.0,4.0,180.91013876199722,6.540908145904538,0.05917938780784607
82,3,0.7099131081943159,6.0,4.0,181.252115046978,6.612495708465573,0.058083097457885736
82,4,0.7098515426671064,6.0,4.0,180.64633009433746,6.632754135131833,0.05919617843627929
82,5,0.7097005015611648,6.0,4.0,180.41143474578857,6.591874885559079,0.05894707870483398
82,6,0.7088988818504193,6.0,4.0,180.5601337313652,6.710991191864011,0.05878596436977386
82,7,0.7098947052602415,6.0,4.0,181.12206009626388,6.61375455856323,0.05847835969924926
83,0,0.6914172340763939,5.0,4.0,181.51698318719863,6.560973453521726,0.057990605950355524
83,1,0.7099124072878449,6.0,4.0,181.36762795448303,6.590017604827878,0.05836206209659576
83,2,0.6914312444792854,5.0,4.0,181.6472446680069,6.604780483245847,0.057630090236663815
83,3,0.7098914954397412,6.0,4.0,181.58538488149642,6.637031364440915,0.05824983251094818
83,4,0.7098724230572029,6.0,4.0,181.07774732112884,6.65406160354614,0.05847247374057769
83,5,0.7098668952782949,6.0,4.0,180.4196431994438,6.622118282318112,0.05900096428394317
83,6,0.6914124855730268,5.0,4.0,181.30590317249298,6.6303818702697725,0.05833399426937103
83,7,0.7098414600999267,6.0,4.0,180.56907532215118,6.67223148345947,0.05893091094493866
84,0,0.7098608867989645,6.0,4.0,180.62696812152862,6.631562042236325,0.059011818289756775
84,1,0.7097220513997254,6.0,4.0,181.1618417263031,6.575888919830319,0.05864144694805145
84,2,0.7099094921791994,6.0,4.0,181.775197660923,6.601938533782956,0.058273748874664306
84,3,0.7098910677212255,6.0,4.0,180.91327247619628,6.590322780609128,0.058834813356399535
84,4,0.7089882121041969,6.0,4.0,181.53513637781143,6.582977104187009,0.0583997083902359
84,5,0.7098836519100047,6.0,4.0,181.28199664354324,6.619655418395993,0.05864367318153381
84,6,0.7098957224024666,6.0,4.0,181.44798783063888,6.606554317474362,0.05853116047382354
84,7,0.7098675338206467,6.0,4.0,181.01081368923187,6.610135364532468,0.059108988761901855
85,0,0.7098665862171738,6.0,4.0,181.31427345275878,6.631273555755612,0.05887228977680206
85,1,0.709914219710562,6.0,4.0,181.5521746635437,6.600419807434079,0.05819416773319244
85,2,0.7091815774749826,6.0,4.0,181.67125133275985,6.594125556945798,0.05808574688434601
85,3,0.7098909507195156,6.0,4.0,181.37117294073104,6.59027986526489,0.0588242335319519
85,4,0.7098904065511844,6.0,4.0,181.45907965898513,6.590635108947751,0.05882888865470886
85,5,0.7091807319720586,6.0,4.0,181.9630363345146,6.58250980377197,0.05823089909553528
85,6,0.7098834703365963,6.0,4.0,181.26702991724014,6.593016910552976,0.058956356167793274
85,7,0.7098913905797181,6.0,4.0,181.3556527853012,6.601187515258786,0.05869072210788726
86,0,0.7089912762244542,6.0,4.0,181.6448306798935,6.57912902832031,0.058373211145401
86,1,0.7098506679137548,6.0,4.0,180.6108990073204,6.643459129333493,0.059088177800178526
86,2,0.7098993373137933,6.0,4.0,181.13178757429122,6.612455177307126,0.058391995549201964
86,3,0.7099069192453666,6.0,4.0,181.6907670855522,6.590427684783933,0.05846689474582672
86,4,0.7098846513915945,6.0,4.0,181.45801124572753,6.62246398925781,0.05858270359039306
86,5,0.7098738474978341,6.0,4.0,180.92217293977737,6.626352596282956,0.05878649485111236
86,6,0.7098977119834334,6.0,4.0,181.60130468606948,6.608592796325681,0.058458842158317564
86,7,0.7091660427384906,6.0,4.0,181.73188713788986,6.583022403717038,0.05855320823192596
87,0,0.7091855042069047,6.0,4.0,181.58549038171768,6.589190292358396,0.05805918109416961
87,1,0.7099033484856286,6.0,4.0,181.39526722431182,6.5846031188964815,0.05862027835845947
87,2,0.6914155899816089,5.0,4.0,181.85816732645034,6.618670749664304,0.05810975861549377
87,3,0.7099057619218473,6.0,4.0,181.53067944049835,6.6033738136291475,0.058346326470375055
87,4,0.7098915252420638,6.0,4.0,181.39769015312194,6.608840751647946,0.05859715175628662
87,5,0.691420718740534,5.0,4.0,182.08912876844406,6.604668426513669,0.0578737301826477
87,6,0.7091714777990624,6.0,4.0,181.68717203140258,6.5816967964172335,0.05845157039165497
87,7,0.7099042497299335,6.0,4.0,181.7856010556221,6.607238578796384,0.058325646638870236
88,0,0.6914227088733954,5.0,4.0,182.09890452623367,6.558543968200681,0.05769360792636871
88,1,0.7098806788523991,6.0,4.0,181.01430503129959,6.59856729507446,0.05896094870567321
88,2,0.7098765926228628,6.0,4.0,180.9520706295967,6.602126884460446,0.059009630799293514
88,3,0.709900728088838,6.0,4.0,181.20557156801223,6.586860942840573,0.05865738224983215
88,4,0.7097175457300963,6.0,4.0,181.46106091737747,6.578904914855954,0.058695839166641235
88,5,0.6914121649221138,5.0,4.0,181.6285997390747,6.605686473846433,0.05823699367046356
88,6,0.7098773680351398,6.0,4.0,181.40847352743148,6.624938774108884,0.05871229004859924
88,7,0.709872171945042,6.0,4.0,181.01053652763366,6.6346471786498995,0.058720426082611084
89,0,0.7091752676610593,6.0,4.0,181.54347715377807,6.5836804389953585,0.058350236535072326
89,1,0.7097076116226337,6.0,4.0,180.95143226385116,6.580161380767819,0.058910082101821894
89,2,0.709718666628555,6.0,4.0,181.19240728616714,6.572706031799314,0.05874840450286865
89,3,0.7098849996372505,6.0,4.0,180.8351826429367,6.593314933776853,0.058933414340019225
89,4,0.7099057740635342,6.0,4.0,181.43870202302932,6.589366722106931,0.058512346267700195
89,5,0.7098606119553249,6.0,4.0,180.87078181505203,6.613764095306394,0.059218294739723204
89,6,0.7098943923358564,6.0,4.0,181.02737275362014,6.590453910827634,0.05875864458084106
89,7,0.7097125858509982,6.0,4.0,180.99012491703033,6.580669212341306,0.05879703891277313
90,0,0.709894033604198,6.0,4.0,181.32543144226074,6.590158271789548,0.0587606234550476
90,1,0.7098980232521339,6.0,4.0,181.19396296739578,6.597706604003903,0.0585923535823822
90,2,0.7098848384839517,6.0,4.0,180.99383441209793,6.60366230010986,0.058814410686492916
90,3,0.7097211915475349,6.0,4.0,181.25123349428176,6.5833824157714815,0.05857300889492035
90,4,0.7098918144349698,6.0,4.0,181.32939932346343,6.592189598083493,0.058785496473312375
90,5,0.7097276801753926,6.0,4.0,181.20947597026824,6.586047935485837,0.058402789950370786
90,6,0.7099000873389066,6.0,4.0,181.16102722883224,6.601061153411862,0.05850934517383575
90,7,0.7090122493328872,6.0,4.0,181.7946839094162,6.56708650588989,0.058043421626091
91,0,0.7098972290754318,6.0,4.0,181.37005445957183,6.620799827575681,0.05833018851280212
91,1,0.7098777725740715,6.0,4.0,181.03990939855575,6.620165634155271,0.05877211821079254
91,2,0.7098875091031746,6.0,4.0,181.26371113061904,6.619936752319333,0.05855706167221069
91,3,0.709719629685084,6.0,4.0,180.9947401046753,6.576284694671628,0.058694158315658565
91,4,0.6914171959956485,5.0,4.0,181.61539969444274,6.602706241607663,0.05807432663440704
91,5,0.7099051713943482,6.0,4.0,181.24845830202102,6.588756370544431,0.05853846204280853
91,6,0.7089914859445007,6.0,4.0,181.31085184812545,6.586033630371091,0.058299560666084285
91,7,0.7098926019889337,6.0,4.0,181.18298915624618,6.6091578483581515,0.05857674014568329
92,0,0.7099123118100342,6.0,4.0,181.28501234054565,6.59021072387695,0.05836426150798797
92,1,0.7099067465022758,6.0,4.0,181.51437071561813,6.5972679138183565,0.05839688909053802
92,2,0.7098917951186499,6.0,4.0,181.02120277881622,6.594087409973142,0.058773486137390134
92,3,0.7098925252755482,6.0,4.0,181.20416251420974,6.618720817565915,0.05846398305892944
92,4,0.7098956594864528,6.0,4.0,181.36425731182098,6.609229373931882,0.05850405526161193
92,5,0.7099039357017588,6.0,4.0,181.19710830450057,6.601163673400876,0.058423064470291136
92,6,0.7098861784846694,6.0,4.0,181.0456341266632,6.617595481872556,0.05862076115608215
92,7,0.7098942786455154,6.0,4.0,181.29618821144103,6.611792373657224,0.05850557219982147
93,0,0.7099048336346945,6.0,4.0,181.23340842723846,6.593703556060788,0.05848925542831421
93,1,0.7089976125293308,6.0,4.0,181.6384076833725,6.581839847564694,0.058203284263610836
93,2,0.7099083812148482,6.0,4.0,181.35297236442565,6.599766540527341,0.05833702218532562
93,3,0.7089872391135604,6.0,4.0,181.28431317806243,6.58173494338989,0.05844308269023895
93,4,0.7099120987786186,6.0,4.0,181.3757505774498,6.601726341247556,0.058231146454811096
93,5,0.7099070544596072,6.0,4.0,181.47667942047119,6.593829917907712,0.058431799530982965
93,6,0.7099037303968712,6.0,4.0,181.3535946369171,6.59438781738281,0.058501638293266295
93,7,0.7099033142681476,6.0,4.0,181.53007683753967,6.611704158782956,0.05830073189735412
94,0,0.7099129133754305,6.0,4.0,181.4337140083313,6.598505306243894,0.05824931693077087
94,1,0.7099086439168012,6.0,4.0,181.52702895402908,6.608108806610105,0.05822646749019623
94,2,0.7099100887775421,6.0,4.0,181.35659960508346,6.594943332672116,0.058355633735656734
94,3,0.7099086279118502,6.0,4.0,181.30221245288848,6.597086715698239,0.05836464595794678
94,4,0.6914170491916162,5.0,4.0,181.5938660264015,6.592237281799314,0.058060432791709894
94,5,0.709913468029764,6.0,4.0,181.31563512086868,6.595320034027097,0.05827811193466186
94,6,0.7099086008690021,6.0,4.0,181.4475488424301,6.6024487495422335,0.058297268867492674
94,7,0.7099039798533475,6.0,4.0,181.2754145026207,6.6004651069641085,0.058427785158157344
95,0,0.7099121539681046,6.0,4.0,181.52841655015945,6.604515838623044,0.05819220674037933
95,1,0.709899428376445,6.0,4.0,181.35689822435378,6.608411598205564,0.0584311408996582
95,2,0.7091816641224754,6.0,4.0,181.39706966876983,6.596566963195798,0.05806325209140777
95,3,0.7099129569751245,6.0,4.0,181.31811884641647,6.595775413513181,0.058284009814262384
95,4,0.7099036856933877,6.0,4.0,181.22730997800826,6.605674552917478,0.05837430191040039
95,5,0.7099102813888479,6.0,4.0,181.29952577352523,6.602691936492917,0.058261628270149225
95,6,0.7099094403010827,6.0,4.0,181.2657674908638,6.595982837676999,0.058360929608345026
95,7,0.70898943344752,6.0,4.0,181.16404829025268,6.587702560424802,0.05833020043373108
96,0,0.7099070450773945,6.0,4.0,181.3673007249832,6.593410301208493,0.058440215706825255
96,1,0.7091825559845676,6.0,4.0,181.43449453115463,6.5908544540405245,0.05810978245735168
96,2,0.7091744861779391,6.0,4.0,181.37011615037918,6.59490518569946,0.05824257564544678
96,3,0.7091796855794059,6.0,4.0,181.44139317274093,6.592146682739255,0.058158089041709896
96,4,0.70991064508756,6.0,4.0,181.2157335639,6.6000097274780245,0.058288489103317256
96,5,0.6914132107628715,5.0,4.0,181.3182091474533,6.5952818870544405,0.058241830587387085
96,6,0.6914190338055292,5.0,4.0,181.46054056882858,6.599020290374753,0.05803860855102539
96,7,0.6914109435787908,5.0,4.0,181.31826457977294,6.5955775260925265,0.0583135290145874
97,0,0.7099112720401198,6.0,4.0,181.17039082050323,6.5987866401672335,0.058290521621704096
97,1,0.70990475360994,6.0,4.0,181.26654980182647,6.599065589904782,0.058427722573280334
97,2,0.7099035664840981,6.0,4.0,181.24721554517745,6.601442623138425,0.05842642319202423
97,3,0.709907508669076,6.0,4.0,181.19924691915512,6.595320034027097,0.058413012146949765
97,4,0.7099088023106256,6.0,4.0,181.32684586048126,6.600226688385007,0.05832294952869415
97,5,0.7091766595398937,6.0,4.0,181.2754019856453,6.593632030487058,0.05821264517307281
97,6,0.7099096119403838,6.0,4.0,181.2887701153755,6.596221256256101,0.05835326147079468
97,7,0.7099143792081762,6.0,4.0,181.31806252002715,6.596631336212155,0.058242882609367365
98,0,0.7099090258280435,6.0,4.0,181.14610967636108,6.597027111053464,0.05836163294315338
98,1,0.7099138747762751,6.0,4.0,181.29164723157882,6.599883365631101,0.05821632874011993
98,2,0.7099097311496735,6.0,4.0,181.30987105369567,6.60523347854614,0.05824374091625213
98,3,0.7099118007553948,6.0,4.0,181.29309562444686,6.596059131622312,0.05830699038505554
98,4,0.7099067321530095,6.0,4.0,181.21750382184982,6.604661273956296,0.05831966531276703
98,5,0.7099137318355065,6.0,4.0,181.21847388744354,6.593577194213864,0.05829611551761627
98,6,0.7099117262495889,6.0,4.0,181.31885287761688,6.5969555854797335,0.05829753112792969
98,7,0.7099086610255417,6.0,4.0,181.1565658211708,6.60154752731323,0.05831600558757782
99,0,0.7091759834686915,6.0,4.0,181.2399691104889,6.592726039886472,0.058239234805107114
99,1,0.709908581552682,6.0,4.0,181.25386831760406,6.602336692810056,0.05830511879920959
99,2,0.7099138858141721,6.0,4.0,181.3162046432495,6.597086715698239,0.05824816060066223
99,3,0.7099078960992671,6.0,4.0,181.14333537817,6.6015332221984835,0.05833336544036865
99,4,0.709912418325742,6.0,4.0,181.2567758321762,6.594564247131345,0.05831218791007995
99,5,0.7091770397954517,6.0,4.0,181.25754652023315,6.597127246856687,0.058163340210914606
99,6,0.7091756114915565,6.0,4.0,181.33272705078124,6.592048931121823,0.05825242233276367
99,7,0.7091776910313854,6.0,4.0,181.304887509346,6.591045188903806,0.05821903479099273
100,0,0.7099132671400352,6.0,4.0,181.28909019231796,6.593953895568845,0.05829959046840667
100,1,0.7099120783585088,6.0,4.0,181.26788911819457,6.59727506637573,0.05828760397434234
100,2,0.7099129155830101,6.0,4.0,181.23989490270614,6.594173240661618,0.058306328773498534
100,3,0.7099133195700468,6.0,4.0,181.25735429525375,6.600198078155515,0.0582257581949234
100,4,0.7091758741935094,6.0,4.0,181.39498559236526,6.594681072235105,0.05821407270431518
100,5,0.7099133521318436,6.0,4.0,181.28721175193786,6.595014858245847,0.05828535091876983
100,6,0.7099101654909274,6.0,4.0,181.1748289823532,6.5936081886291475,0.0583753867149353
100,7,0.7099116616778902,6.0,4.0,181.21442106962203,6.596676635742185,0.058305500268936154
101,0,0.7099142826265759,6.0,4.0,181.34886322021484,6.596469211578366,0.05824581515789032
101,1,0.7099126280457885,6.0,4.0,181.23867539167404,6.594421195983884,0.05830962789058685
101,2,0.7091768173818235,6.0,4.0,181.2959468126297,6.596910285949704,0.05816986691951751
101,3,0.7091749216229828,6.0,4.0,181.33844820261,6.59549169540405,0.05822708439826965
101,4,0.7091780354137773,6.0,4.0,181.3846975326538,6.595000553131101,0.058163101792335505
101,5,0.7099139873628263,6.0,4.0,181.27964613437652,6.598579216003415,0.05822958183288574
101,6,0.7091748691929712,6.0,4.0,181.35435370206832,6.595687198638913,0.058225665807723995
101,7,0.7099096202188068,6.0,4.0,181.25829753875732,6.599993038177487,0.05831006002426147
102,0,0.7099141816298166,6.0,4.0,181.2777936220169,6.5966480255126925,0.0582479817867279
102,1,0.7099121462415766,6.0,4.0,181.28700611591339,6.599230098724362,0.058262295842170714
102,2,0.7099129851217624,6.0,4.0,181.2914934515953,6.5990965843200655,0.05824542772769928
102,3,0.7091747290116769,6.0,4.0,181.3666203379631,6.594573783874509,0.05824127924442291
102,4,0.7099111991899983,6.0,4.0,181.25433412790298,6.5971177101135225,0.05830915403366089
102,5,0.7099123509945692,6.0,4.0,181.31428328752517,6.6016810417175265,0.05822789800167084
102,6,0.7091743846292848,6.0,4.0,181.3483696937561,6.593539047241208,0.05826172065734863
102,7,0.7099120755990347,6.0,4.0,181.27532777786254,6.597630310058591,0.05828336906433105
103,0,0.70991199557428,6.0,4.0,181.28769186735153,6.598531532287595,0.058273897886276245
103,1,0.7099122168841184,6.0,4.0,181.2420522928238,6.599909591674802,0.0582541538476944
103,2,0.7099152401641563,6.0,4.0,181.33991805315017,6.596411991119382,0.05822555553913116
103,3,0.709912774849821,6.0,4.0,181.28279147148132,6.599847602844235,0.05824105274677276
103,4,0.7099128719833162,6.0,4.0,181.2802362203598,6.5961950302123995,0.058282570362091064
103,5,0.7099133460610001,6.0,4.0,181.30075780153274,6.597472953796384,0.058256248950958246
103,6,0.7099133074283599,6.0,4.0,181.30918440818786,6.601065921783444,0.058214042901992794
103,7,0.7099146170748604,6.0,4.0,181.29501250982284,6.5978711128234835,0.05822346341609955
104,0,0.7099132710032993,6.0,4.0,181.3162520289421,6.5998619079589815,0.058228935122489923
104,1,0.7091761385511468,6.0,4.0,181.37770054340362,6.595851707458493,0.05819490385055542
104,2,0.7099128239684633,6.0,4.0,181.2731480360031,6.596972274780271,0.05827451479434967
104,3,0.7099130541086196,6.0,4.0,181.32693437337875,6.5998619079589815,0.058233509778976435
104,4,0.7099152081542544,6.0,4.0,181.32699159383773,6.5981858253478975,0.05820570719242096
104,5,0.7099144531620873,6.0,4.0,181.25232068300247,6.595100688934323,0.05826116931438446
104,6,0.7099148819843929,6.0,4.0,181.30711106061935,6.59753494262695,0.05822121632099151
104,7,0.709175171079459,6.0,4.0,181.33828727006912,6.596583652496335,0.05820877385139465
105,0,0.7099140039196721,6.0,4.0,181.31866154670715,6.598729419708249,0.058226518154144286
105,1,0.7099148726021801,6.0,4.0,181.33804676532745,6.595975685119626,0.058238933801650995
105,2,0.70991422743709,6.0,4.0,181.3019594311714,6.59837894439697,0.05822575521469116
105,3,0.7099153384014412,6.0,4.0,181.3117861509323,6.597656536102292,0.05820970070362091
105,4,0.7099138703611162,6.0,4.0,181.27828267812728,6.596686172485349,0.05825462472438812
105,5,0.7099155122483217,6.0,4.0,181.30600688457488,6.5984790802001925,0.058196194291114806
105,6,0.7091760657010254,6.0,4.0,181.3232391834259,6.596888828277585,0.05818595719337463
105,7,0.7099129321398557,6.0,4.0,181.2876230239868,6.5980332374572725,0.058258972883224486
106,0,0.7099158902963003,6.0,4.0,181.33271006345748,6.598274040222165,0.058189506649971
106,1,0.7099149426928273,6.0,4.0,181.30296436548232,6.598152446746823,0.058212636232376096
106,2,0.7099149272397712,6.0,4.0,181.32237104177474,6.597756671905515,0.05821730327606201
106,3,0.709915781573013,6.0,4.0,181.32202056646346,6.597904491424558,0.05819663834571838
106,4,0.7099156160045553,6.0,4.0,181.3059621810913,6.597959327697751,0.05820029509067535
106,5,0.7099152478906844,6.0,4.0,181.29825440645217,6.598996448516843,0.058196063160896296
106,6,0.70917604804039,6.0,4.0,181.31577370166778,6.595043468475339,0.0582082701921463
106,7,0.7099143024947908,6.0,4.0,181.32755217552184,6.598691272735593,0.0582197858095169
107,0,0.7091765590950295,6.0,4.0,181.3262870669365,6.5980332374572725,0.058161575913429256
107,1,0.709913902371018,6.0,4.0,181.30832967758178,6.598734188079831,0.0582287175655365
107,2,0.7099153693075534,6.0,4.0,181.31019381284713,6.598240661621091,0.058201865673065185
107,3,0.709916345057664,6.0,4.0,181.33626846075057,6.600260066986081,0.058155958175659175
107,4,0.7099163224299748,6.0,4.0,181.34131816625595,6.600217151641843,0.05815673899650573
107,5,0.7099138742243802,6.0,4.0,181.2975471973419,6.598252582550046,0.05823550653457641
107,6,0.7099157992336486,6.0,4.0,181.32499603033065,6.599001216888425,0.058183269023895264
107,7,0.709915593376866,6.0,4.0,181.3129654288292,6.597170162200925,0.0582097692489624
108,0,0.7099151369598177,6.0,4.0,181.31345895528793,6.600410270690915,0.05818128716945648
108,1,0.7091779106855393,6.0,4.0,181.39436242580413,6.601452159881589,0.058088607907295225
108,2,0.709916709860166,6.0,4.0,181.337427175045,6.600505638122556,0.05814483594894409
108,3,0.7091764580982702,6.0,4.0,181.33986887931823,6.599726009368894,0.058143003106117246
108,4,0.7091762009152659,6.0,4.0,181.3143199443817,6.598927307128903,0.05815904569625854
108,5,0.7099145122148371,6.0,4.0,181.3191702723503,6.5994589805603,0.058206413507461544
108,6,0.7099153764821864,6.0,4.0,181.31837723255157,6.600977706909177,0.05816929769515991
108,7,0.7099151066056004,6.0,4.0,181.3148116827011,6.602219867706296,0.058160583496093744
109,0,0.7099164835832736,6.0,4.0,181.33062419891357,6.599809455871579,0.05815809202194214
109,1,0.7099161198845616,6.0,4.0,181.36223850250244,6.600579547882077,0.05815615785121917
109,2,0.7099166491517314,6.0,4.0,181.33465019464492,6.600693988800046,0.05814395976066589
109,3,0.7099160646950757,6.0,4.0,181.37387928962707,6.603094863891599,0.05812697839736938
109,4,0.709175738427374,6.0,4.0,181.31387201547622,6.597153472900388,0.05819046330451965
109,5,0.7091776766821191,6.0,4.0,181.38106135129928,6.6004722595214815,0.05810602140426636
109,6,0.7099164057660986,6.0,4.0,181.31346879005432,6.599654483795163,0.05816210341453552
109,7,0.7099160012271669,6.0,4.0,181.34242055416107,6.602765846252439,0.05813352000713348
110,0,0.7099163704448275,6.0,4.0,181.34633926153182,6.600806045532224,0.05814851951599121
110,1,0.7091769211380571,6.0,4.0,181.34933171272277,6.6015022277832,0.058111570596694945
110,2,0.7099147892660564,6.0,4.0,181.32245061397552,6.603760051727292,0.05814893674850464
110,3,0.7099170818373008,6.0,4.0,181.36272577047347,6.603888797760007,0.05809517931938171
110,4,0.709915785988172,6.0,4.0,181.31572095155715,6.600980091094968,0.05816027951240539
110,5,0.7091776833048572,6.0,4.0,181.32496742010116,6.600419807434079,0.05810805988311767
110,6,0.7091769614263818,6.0,4.0,181.33790550231933,6.598865318298337,0.05814233255386352
110,7,0.7099148058229022,6.0,4.0,181.3079228758812,6.6022961616516085,0.05816662740707397
111,0,0.709916384242199,6.0,4.0,181.3103019952774,6.603392887115476,0.058118004918098445
111,1,0.6914202087896841,5.0,4.0,181.3274243235588,6.609045791625974,0.05804859232902527
111,2,0.7099165989292993,6.0,4.0,181.37583998441696,6.603593158721921,0.05810919535160065
111,3,0.7099153152218571,6.0,4.0,181.30745706558227,6.598455238342282,0.058200897097587585
111,4,0.6914191138302838,5.0,4.0,181.35153470039367,6.606442260742185,0.058073411703109735
111,5,0.7091775166326099,6.0,4.0,181.31849346160888,6.60122089385986,0.05810243022441864
111,6,0.7099158886406157,6.0,4.0,181.3385367155075,6.60377912521362,0.05812368524074554
111,7,0.7099140309625201,6.0,4.0,181.35124949216842,6.603850650787351,0.05816394817829132
112,0,0.709914900748818,6.0,4.0,181.28494886159896,6.601154136657712,0.0581785751581192
112,1,0.7099138079969971,6.0,4.0,181.26883504390716,6.59915380477905,0.058227194666862485
112,2,0.6914194582126759,5.0,4.0,181.37380508184432,6.603962707519528,0.058052913665771484
112,3,0.7091761622826258,6.0,4.0,181.36804369688033,6.6009228706359835,0.0581343902349472
112,4,0.7099166844730024,6.0,4.0,181.36457113027572,6.601392555236814,0.05813401174545288
112,5,0.7091772307510729,6.0,4.0,181.3826805114746,6.602572727203366,0.058090664267539976
112,6,0.7099150061607361,6.0,4.0,181.31023136377334,6.606630611419675,0.058110065579414366
112,7,0.709917444432223,6.0,4.0,181.36280444860458,6.6038291931152315,0.05808801186084747
113,0,0.7099153726189225,6.0,4.0,181.33198318481445,6.603380966186521,0.058140192747116085
113,1,0.7099144890352532,6.0,4.0,181.31447640657424,6.603504943847653,0.05815893542766571
113,2,0.7099150403782173,6.0,4.0,181.2758400797844,6.606828498840329,0.05810791683197021
113,3,0.691419320238961,5.0,4.0,181.3229235768318,6.608442592620847,0.05807650816440582
113,4,0.6914204742511113,5.0,4.0,181.39515367746353,6.605319309234616,0.058019695997238156
113,5,0.7099165023476989,6.0,4.0,181.37752709388732,6.6021459579467745,0.05812883508205414
113,6,0.7099170310629738,6.0,4.0,181.35906097888946,6.602358150482175,0.058114810109138486
113,7,0.7099171574468967,6.0,4.0,181.34205309152603,6.605595874786374,0.05807359945774078
114,0,0.7099162628253302,6.0,4.0,181.32728127241134,6.606203842163083,0.05808664393424987
114,1,0.7099148284505915,6.0,4.0,181.30928812026977,6.602570343017575,0.058162478923797604
114,2,0.7099163439538744,6.0,4.0,181.3453191280365,6.600026416778562,0.058158303618431086
114,3,0.7099166072077221,6.0,4.0,181.3455238699913,6.607283878326413,0.05806551110744476
114,4,0.7099154024212448,6.0,4.0,181.31633160114288,6.606034564971921,0.05810832810401916
114,5,0.6914202827435952,5.0,4.0,181.41093311309814,6.605591106414792,0.058022911667823786
114,6,0.7099160994644519,6.0,4.0,181.31585953235626,6.6032188415527315,0.05812661182880401
114,7,0.7099156325614011,6.0,4.0,181.33885947465896,6.604666042327878,0.05811908674240112
115,0,0.7091772097790683,6.0,4.0,181.37175676822662,6.60178356170654,0.05810101759433746
115,1,0.7099174488473822,6.0,4.0,181.3684513926506,6.605743694305417,0.05806478691101074
115,2,0.7099158649091367,6.0,4.0,181.32567462921142,6.605059432983396,0.058109514236450194
115,3,0.7099167231056426,6.0,4.0,181.31310758590698,6.604637432098386,0.05809572470188141
115,4,0.7099171011536209,6.0,4.0,181.33169082403182,6.603354740142819,0.05810230207443237
115,5,0.7099177209315476,6.0,4.0,181.379090821743,6.6048996925353975,0.058068527102470395
115,6,0.7099177871589307,6.0,4.0,181.36319247484207,6.6033714294433565,0.05808583331108093
115,7,0.7091771452073697,6.0,4.0,181.34983417987823,6.601909923553464,0.05810163152217865
116,0,0.7091773483046779,6.0,4.0,181.35580567121505,6.602258014678952,0.05809272360801696
116,1,0.7091774746886005,6.0,4.0,181.39067081212997,6.604720878601071,0.058059270501136774
116,2,0.7091784278110221,6.0,4.0,181.377947306633,6.6035168647766085,0.05805289876461029
116,3,0.7099164328089467,6.0,4.0,181.3395514845848,6.6051643371582,0.05809477400779724
116,4,0.7099165614004489,6.0,4.0,181.36712012290954,6.603304672241208,0.05811400842666626
116,5,0.7091786993432928,6.0,4.0,181.37777296304702,6.602591800689694,0.05805794429779052
116,6,0.7091767081066415,6.0,4.0,181.37815651893615,6.602694320678708,0.05810107123851776
116,7,0.7091777969951982,6.0,4.0,181.38643649816512,6.603419113159177,0.058067776083946226
117,0,0.7099174935508658,6.0,4.0,181.38052759170532,6.604730415344235,0.05807535481452942
117,1,0.7099178114423045,6.0,4.0,181.3874897122383,6.607531833648679,0.058034308075904845
117,2,0.7099176050336272,6.0,4.0,181.37201426029205,6.6045539855957,0.058075307130813596
117,3,0.7099173782048401,6.0,4.0,181.3741305232048,6.604987907409665,0.05807518196105957
117,4,0.7099169543495885,6.0,4.0,181.35259506702423,6.604983139038083,0.05808538329601288
117,5,0.7099174024882139,6.0,4.0,181.3603672146797,6.60335712432861,0.05809456539154052
117,6,0.7099158516636601,6.0,4.0,181.3423686981201,6.605271625518796,0.05810666215419769
117,7,0.7099169217877918,6.0,4.0,181.34477910995483,6.601957607269284,0.05812263917922973
118,0,0.6914216442682125,5.0,4.0,181.41162691116332,6.610528755187985,0.057989574790000914
118,1,0.7099174306348518,6.0,4.0,181.3743129134178,6.607977676391599,0.05803773534297943
118,2,0.7091777616739273,6.0,4.0,181.40240994691848,6.605936813354489,0.05803778600692749
118,3,0.7091780823248404,6.0,4.0,181.39359620809554,6.60206489562988,0.05807755720615387
118,4,0.6914207397125386,5.0,4.0,181.41767708063125,6.608351993560788,0.05801286828517913
118,5,0.7099159598350524,6.0,4.0,181.35661212205886,6.604270267486569,0.05811579656600952
118,6,0.6914201845063103,5.0,4.0,181.40664604902267,6.6070335388183565,0.05802959632873535
118,7,0.6914203583531909,5.0,4.0,181.38814148902892,6.608375835418698,0.058030594706535335
119,0,0.7099173947616859,6.0,4.0,181.387136554718,6.607467460632321,0.05804444980621338
119,1,0.7099163555436663,6.0,4.0,181.35412482023239,6.604301261901853,0.05810669791698456
119,2,0.7099177242429168,6.0,4.0,181.379689848423,6.606835651397702,0.058044941544532776
119,3,0.709916728624591,6.0,4.0,181.36552242040634,6.606046485900876,0.05807719361782074
119,4,0.7099157363176346,6.0,4.0,181.3445466518402,6.605631637573239,0.05810463559627533
119,5,0.7099164973806452,6.0,4.0,181.35446009635925,6.606649684906003,0.05807535779476165
119,6,0.7099183478841073,6.0,4.0,181.37911853790283,6.605772304534909,0.05804414880275726
119,7,0.709915667882672,6.0,4.0,181.34975997209548,6.607693958282468,0.0580814106464386
120,0,0.7099176778837486,6.0,4.0,181.36796054840087,6.607169437408444,0.058042378544807434
120,1,0.7099161828005754,6.0,4.0,181.3504466176033,6.604418087005612,0.05810963642597198
120,2,0.7091765601988191,6.0,4.0,181.376150226593,6.602231788635251,0.05810974669456482
120,3,0.7099185289056212,6.0,4.0,181.39104632139205,6.6070216178894015,0.05802443754673004
120,4,0.6914211944739024,5.0,4.0,181.3999888062477,6.609665679931638,0.058004434227943415
120,5,0.709918068073414,6.0,4.0,181.3876068353653,6.6065757751464815,0.05804003608226776
120,6,0.7099170128504436,6.0,4.0,181.36932042837142,6.605123805999753,0.05808159244060516
120,7,0.7099174637485431,6.0,4.0,181.36575219631194,6.605026054382321,0.058072821617126465
121,0,0.7099183142185211,6.0,4.0,181.3764372229576,6.606489944458005,0.05803613197803497
121,1,0.7099182430240843,6.0,4.0,181.3771784067154,6.606358814239499,0.05803932678699493
121,2,0.7099184941362452,6.0,4.0,181.39033195972442,6.608166027069089,0.058011440753936765
121,3,0.7099184957919297,6.0,4.0,181.4027559518814,6.6083996772766085,0.05800814163684845
121,4,0.7099187364180883,6.0,4.0,181.3861566543579,6.6076438903808565,0.058012507677078246
121,5,0.7099165718864512,6.0,4.0,181.36608031988143,6.608158874511716,0.058054987907409664
121,6,0.7099173533695716,6.0,4.0,181.37408224344253,6.606709289550778,0.058055089235305786
121,7,0.7099186122417449,6.0,4.0,181.39319030046462,6.607972908020017,0.0580109668970108
122,0,0.7099178876037952,6.0,4.0,181.37320516109466,6.607348251342771,0.058035491228103635
122,1,0.7091787247304563,6.0,4.0,181.38720718622207,6.605412292480466,0.05802310836315155
122,2,0.6914210697456643,5.0,4.0,181.39620599746704,6.608471202850339,0.05800666940212249
122,3,0.6914205597948145,5.0,4.0,181.37970951795577,6.606487560272214,0.058022092103958124
122,4,0.7099189936010925,6.0,4.0,181.38663766384124,6.608218479156491,0.05799968373775482
122,5,0.6914214130242665,5.0,4.0,181.39093277454376,6.609560775756833,0.057999323129653925
122,6,0.7091779322094386,6.0,4.0,181.38455805778503,6.6062634468078585,0.058030672192573546
122,7,0.6914208832052018,5.0,4.0,181.38187227249145,6.608454513549802,0.05801556837558746
123,0,0.7099177932297742,6.0,4.0,181.37353060245513,6.6062610626220675,0.05805076491832733
123,1,0.7099183815496938,6.0,4.0,181.38605741262435,6.60659484863281,0.05803293716907501
123,2,0.709177805825516,6.0,4.0,181.3772821187973,6.605757999420163,0.05803995859622955
123,3,0.7099189439305552,6.0,4.0,181.41815361976623,6.608897972106931,0.05799144041538238
123,4,0.7099184345316004,6.0,4.0,181.37905058860778,6.607760715484616,0.0580180777311325
123,5,0.7099190631398448,6.0,4.0,181.37646762132644,6.608964729309079,0.05798924398422241
123,6,0.7091788963697575,6.0,4.0,181.3883185148239,6.6070335388183565,0.057999519824981687
123,7,0.7091787705377296,6.0,4.0,181.40366611480712,6.608762073516843,0.05798093211650848
124,0,0.6914222502487677,5.0,4.0,181.41669628620147,6.609720516204831,0.05796803963184356
124,1,0.7099184505365512,6.0,4.0,181.38527957201003,6.607512760162351,0.05802072417736053
124,2,0.7099175691604613,6.0,4.0,181.3748833298683,6.605850982666013,0.05806038808822631
124,3,0.7099176872659613,6.0,4.0,181.36717734336852,6.61063365936279,0.057999767184257506
124,4,0.6914224919787161,5.0,4.0,181.4260929584503,6.610619354248044,0.057960070490837096
124,5,0.7091782644501438,6.0,4.0,181.38820765018463,6.604782867431638,0.058040956974029535
124,6,0.7099174747864406,6.0,4.0,181.36744377613067,6.608733463287351,0.05802806746959686
124,7,0.7091791717652921,6.0,4.0,181.39123944044113,6.607319641113278,0.05798977446556091
125,0,0.7099178848443207,6.0,4.0,181.38081905841827,6.608278083801267,0.05802402329444885
125,1,0.7099174786497046,6.0,4.0,181.36837182044982,6.6083949089050265,0.05803184640407562
125,2,0.7099186492187005,6.0,4.0,181.39281747341155,6.607364940643308,0.058017523407936096
125,3,0.7099185366321491,6.0,4.0,181.38012257814407,6.608814525604245,0.05800292325019836
125,4,0.709918807612525,6.0,4.0,181.37648729085922,6.610366630554196,0.05797813069820404
125,5,0.7099188501084291,6.0,4.0,181.39945504665374,6.609587001800534,0.05798573923110962
125,6,0.7099186779172332,6.0,4.0,181.364379799366,6.6073935508728,0.05801734459400177
125,7,0.7099177534933442,6.0,4.0,181.38661799430847,6.608378219604489,0.058025409102439876
126,0,0.7091790260650493,6.0,4.0,181.41191837787628,6.609792041778562,0.057962219238281244
126,1,0.7099166458403623,6.0,4.0,181.3588481903076,6.607777404785153,0.05805799794197082
126,2,0.7099192309158818,6.0,4.0,181.38763097524642,6.608914661407468,0.057985915064811704
126,3,0.7099186922664996,6.0,4.0,181.3909470796585,6.609739589691159,0.057987864136695856
126,4,0.7099190366488916,6.0,4.0,181.38650891780853,6.610643196105954,0.05796916019916534
126,5,0.7099187049600811,6.0,4.0,181.38250616788864,6.608304309844968,0.05800512266159057
126,6,0.7099192287083026,6.0,4.0,181.3965126633644,6.610717105865476,0.057963619947433466
126,7,0.7099182546138764,6.0,4.0,181.3860243320465,6.608597564697263,0.05801161658763885
127,0,0.709179148585708,6.0,4.0,181.3912939786911,6.60755805969238,0.05798746180534362
127,1,0.7099178914670589,6.0,4.0,181.39215943813323,6.607968139648435,0.05802728962898254
127,2,0.7099193462619074,6.0,4.0,181.38756660223007,6.609002876281735,0.05798196327686309
127,3,0.6914227165999236,5.0,4.0,181.3953754067421,6.610221195220944,0.05795857143402099
127,4,0.7099189516570833,6.0,4.0,181.387855386734,6.609300899505612,0.057987250208854674
127,5,0.6914230477368389,5.0,4.0,181.40176889896392,6.610714721679685,0.057947768092155454
127,6,0.7091791585198154,6.0,4.0,181.39680323600768,6.608385372161862,0.057976941585540766
127,7,0.7091792793847898,6.0,4.0,181.3904526591301,6.60952978134155,0.0579603863954544
