repetition,seed,dim_ca1,num_cue_patterns,bit_kind,plasticity,train_noise,test_noise,ae_name,mtl_name,evolution_fitness,input_cosine,ae_cosine,mtl_cosine,ae_mse,mtl_mse
0,73200,50,5,0,base,0.05,0.0,ae_27:8:0:44:00,mtl_27:8:1:40:40.json,0.10200708276033402,0.9999999973773956,0.9376953797340393,0.6501745645999908,0.014300190843641758,0.09042958915233612
1,73201,50,5,0,base,0.05,0.0,ae_27:8:0:44:00,mtl_27:8:1:40:40.json,0.10200708276033402,1.0000000007152556,0.9390943274497986,0.6507006075233221,0.013587468303740025,0.08036467432975769
2,73202,50,5,0,base,0.05,0.0,ae_27:8:0:44:00,mtl_27:8:1:40:40.json,0.10200708276033402,0.9999999949932098,0.9391458902359009,0.7098023245334625,0.013701464049518108,0.0704297348856926
3,73203,50,5,0,base,0.05,0.0,ae_27:8:0:44:00,mtl_27:8:1:40:40.json,0.10200708276033402,1.0000000014305115,0.9393156759738922,0.7076060640215873,0.013907741755247116,0.0732044205069542
4,73204,50,5,0,base,0.05,0.0,ae_27:8:0:44:00,mtl_27:8:1:40:40.json,0.10200708276033402,0.9999999985694885,0.9405884408950805,0.7127833401858806,0.013769521377980709,0.0743165910243988
5,73205,50,5,0,base,0.05,0.0,ae_27:8:0:44:00,mtl_27:8:1:40:40.json,0.10200708276033402,1.0000000011920929,0.9344871628284455,0.731392045378685,0.01430534292012453,0.06681250780820847
6,73206,50,5,0,base,0.05,0.0,ae_27:8:0:44:00,mtl_27:8:1:40:40.json,0.10200708276033402,0.9999999990463256,0.9400948741436005,0.7043222101926804,0.013715246692299843,0.08074180781841278
7,73207,50,5,0,base,0.05,0.0,ae_27:8:0:44:00,mtl_27:8:1:40:40.json,0.10200708276033402,0.9999999976158143,0.9373928599357605,0.6844006130844354,0.01449504029005766,0.076308973133564
8,73208,50,5,0,base,0.05,0.0,ae_27:8:0:44:00,mtl_27:8:1:40:40.json,0.10200708276033402,1.000000002861023,0.9379988858699798,0.7057242866754532,0.013796797953546047,0.0734446793794632
9,73209,50,5,0,base,0.05,0.0,ae_27:8:0:44:00,mtl_27:8:1:40:40.json,0.10200708276033402,1.0000000009536743,0.9342276797294616,0.6695970129072666,0.014994381926953793,0.07820552587509155
10,73210,50,5,0,base,0.05,0.0,ae_27:8:0:44:00,mtl_27:8:1:40:40.json,0.10200708276033402,0.9999999949932098,0.9381125569343567,0.6714077106565237,0.01373706292361021,0.0822211354970932
11,73211,50,5,0,base,0.05,0.0,ae_27:8:0:44:00,mtl_27:8:1:40:40.json,0.10200708276033402,0.9999999973773956,0.9346639628410339,0.7726988731622696,0.014868964441120625,0.057778265327215195
0,73200,50,5,0,base,0.05,0.01,ae_27:8:0:44:00,mtl_27:8:1:40:40.json,0.10200708276033402,0.9999999973773956,0.9376953797340393,0.6501745645999908,0.014300190843641758,0.09042958915233612
1,73201,50,5,0,base,0.05,0.01,ae_27:8:0:44:00,mtl_27:8:1:40:40.json,0.10200708276033402,1.0000000007152556,0.9390943274497986,0.6507006075233221,0.013587468303740025,0.08036467432975769
2,73202,50,5,0,base,0.05,0.01,ae_27:8:0:44:00,mtl_27:8:1:40:40.json,0.10200708276033402,0.9999999949932098,0.9391458902359009,0.7098023245334625,0.013701464049518108,0.0704297348856926
3,73203,50,5,0,base,0.05,0.01,ae_27:8:0:44:00,mtl_27:8:1:40:40.json,0.10200708276033402,1.0000000014305115,0.9393156759738922,0.7076060640215873,0.013907741755247116,0.0732044205069542
4,73204,50,5,0,base,0.05,0.01,ae_27:8:0:44:00,mtl_27:8:1:40:40.json,0.10200708276033402,0.9999999985694885,0.9405884408950805,0.7127833401858806,0.013769521377980709,0.0743165910243988
5,73205,50,5,0,base,0.05,0.01,ae_27:8:0:44:00,mtl_27:8:1:40:40.json,0.10200708276033402,1.0000000011920929,0.9344871628284455,0.731392045378685,0.01430534292012453,0.06681250780820847
6,73206,50,5,0,base,0.05,0.01,ae_27:8:0:44:00,mtl_27:8:1:40:40.json,0.10200708276033402,0.9999999990463256,0.9400948741436005,0.7043222101926804,0.013715246692299843,0.08074180781841278
7,73207,50,5,0,base,0.05,0.01,ae_27:8:0:44:00,mtl_27:8:1:40:40.json,0.10200708276033402,0.9999999976158143,0.9373928599357605,0.6844006130844354,0.01449504029005766,0.076308973133564
8,73208,50,5,0,base,0.05,0.01,ae_27:8:0:44:00,mtl_27:8:1:40:40.json,0.10200708276033402,1.000000002861023,0.9379988858699798,0.7057242866754532,0.013796797953546047,0.0734446793794632
9,73209,50,5,0,base,0.05,0.01,ae_27:8:0:44:00,mtl_27:8:1:40:40.json,0.10200708276033402,1.0000000009536743,0.9342276797294616,0.6695970129072666,0.014994381926953793,0.07820552587509155
10,73210,50,5,0,base,0.05,0.01,ae_27:8:0:44:00,mtl_27:8:1:40:40.json,0.10200708276033402,0.9999999949932098,0.9381125569343567,0.6714077106565237,0.01373706292361021,0.0822211354970932
11,73211,50,5,0,base,0.05,0.01,ae_27:8:0:44:00,mtl_27:8:1:40:40.json,0.10200708276033402,0.9999999973773956,0.9346639628410339,0.7726988731622696,0.014868964441120625,0.057778265327215195
0,73200,50,5,0,base,0.05,0.02,ae_27:8:0:44:00,mtl_27:8:1:40:40.json,0.10200708276033402,0.8351650767326355,0.9263617913722992,0.5807410418987274,0.017345985397696495,0.09307047724723816
1,73201,50,5,0,base,0.05,0.02,ae_27:8:0:44:00,mtl_27:8:1:40:40.json,0.10200708276033402,0.8293117349147796,0.9208288474082946,0.5869347334131598,0.017014333978295326,0.09185536950826645
2,73202,50,5,0,base,0.05,0.02,ae_27:8:0:44:00,mtl_27:8:1:40:40.json,0.10200708276033402,0.8357473161220551,0.9196192457675934,0.6659575852155686,0.01810014434158802,0.07920355349779129
3,73203,50,5,0,base,0.05,0.02,ae_27:8:0:44:00,mtl_27:8:1:40:40.json,0.10200708276033402,0.832772340297699,0.9255391731262207,0.5855875795558095,0.01717514917254448,0.09294077008962631
4,73204,50,5,0,base,0.05,0.02,ae_27:8:0:44:00,mtl_27:8:1:40:40.json,0.10200708276033402,0.8403320777416229,0.9212217183113098,0.6534357372522354,0.018441129475831985,0.08792886883020401
5,73205,50,5,0,base,0.05,0.02,ae_27:8:0:44:00,mtl_27:8:1:40:40.json,0.10200708276033402,0.8255099041461944,0.9201122620105744,0.5979270154684782,0.017198825255036354,0.08859406411647797
6,73206,50,5,0,base,0.05,0.02,ae_27:8:0:44:00,mtl_27:8:1:40:40.json,0.10200708276033402,0.8338636815547943,0.9273111457824708,0.6679633751139045,0.016852719709277153,0.07813815772533417
7,73207,50,5,0,base,0.05,0.02,ae_27:8:0:44:00,mtl_27:8:1:40:40.json,0.10200708276033402,0.8348611834049224,0.9169955945014954,0.6196517150402069,0.019229719415307045,0.08962361514568329
8,73208,50,5,0,base,0.05,0.02,ae_27:8:0:44:00,mtl_27:8:1:40:40.json,0.10200708276033402,0.8330378119945526,0.9183105063438416,0.6982071242332458,0.01808999851346016,0.07261022180318832
9,73209,50,5,0,base,0.05,0.02,ae_27:8:0:44:00,mtl_27:8:1:40:40.json,0.10200708276033402,0.8322988021373748,0.9177957620620728,0.5246047507077456,0.018919099122285843,0.10094591975212097
10,73210,50,5,0,base,0.05,0.02,ae_27:8:0:44:00,mtl_27:8:1:40:40.json,0.10200708276033402,0.8328869533538819,0.9256440720558167,0.6229090518504381,0.016495730727910995,0.09177038818597794
11,73211,50,5,0,base,0.05,0.02,ae_27:8:0:44:00,mtl_27:8:1:40:40.json,0.10200708276033402,0.8350050375461578,0.9176417956352234,0.6906088090986013,0.018567819148302078,0.07314316928386688
0,73200,50,5,0,base,0.05,0.03,ae_27:8:0:44:00,mtl_27:8:1:40:40.json,0.10200708276033402,0.8351650767326355,0.9263617913722992,0.5807410418987274,0.017345985397696495,0.09307047724723816
1,73201,50,5,0,base,0.05,0.03,ae_27:8:0:44:00,mtl_27:8:1:40:40.json,0.10200708276033402,0.8293117349147796,0.9208288474082946,0.5869347334131598,0.017014333978295326,0.09185536950826645
2,73202,50,5,0,base,0.05,0.03,ae_27:8:0:44:00,mtl_27:8:1:40:40.json,0.10200708276033402,0.8357473161220551,0.9196192457675934,0.6659575852155686,0.01810014434158802,0.07920355349779129
3,73203,50,5,0,base,0.05,0.03,ae_27:8:0:44:00,mtl_27:8:1:40:40.json,0.10200708276033402,0.832772340297699,0.9255391731262207,0.5855875795558095,0.01717514917254448,0.09294077008962631
4,73204,50,5,0,base,0.05,0.03,ae_27:8:0:44:00,mtl_27:8:1:40:40.json,0.10200708276033402,0.8403320777416229,0.9212217183113098,0.6534357372522354,0.018441129475831985,0.08792886883020401
5,73205,50,5,0,base,0.05,0.03,ae_27:8:0:44:00,mtl_27:8:1:40:40.json,0.10200708276033402,0.8255099041461944,0.9201122620105744,0.5979270154684782,0.017198825255036354,0.08859406411647797
6,73206,50,5,0,base,0.05,0.03,ae_27:8:0:44:00,mtl_27:8:1:40:40.json,0.10200708276033402,0.8338636815547943,0.9273111457824708,0.6679633751139045,0.016852719709277153,0.07813815772533417
7,73207,50,5,0,base,0.05,0.03,ae_27:8:0:44:00,mtl_27:8:1:40:40.json,0.10200708276033402,0.8348611834049224,0.9169955945014954,0.6196517150402069,0.019229719415307045,0.08962361514568329
8,73208,50,5,0,base,0.05,0.03,ae_27:8:0:44:00,mtl_27:8:1:40:40.json,0.10200708276033402,0.8330378119945526,0.9183105063438416,0.6982071242332458,0.01808999851346016,0.07261022180318832
9,73209,50,5,0,base,0.05,0.03,ae_27:8:0:44:00,mtl_27:8:1:40:40.json,0.10200708276033402,0.8322988021373748,0.9177957620620728,0.5246047507077456,0.018919099122285843,0.10094591975212097
10,73210,50,5,0,base,0.05,0.03,ae_27:8:0:44:00,mtl_27:8:1:40:40.json,0.10200708276033402,0.8328869533538819,0.9256440720558167,0.6229090518504381,0.016495730727910995,0.09177038818597794
11,73211,50,5,0,base,0.05,0.03,ae_27:8:0:44:00,mtl_27:8:1:40:40.json,0.10200708276033402,0.8350050375461578,0.9176417956352234,0.6906088090986013,0.018567819148302078,0.07314316928386688
0,73200,50,5,0,base,0.05,0.04,ae_27:8:0:44:00,mtl_27:8:1:40:40.json,0.10200708276033402,0.6703301824331284,0.8727482383549213,0.4904264561235905,0.026326457038521767,0.1065031960606575
1,73201,50,5,0,base,0.05,0.04,ae_27:8:0:44:00,mtl_27:8:1:40:40.json,0.10200708276033402,0.6586234921216965,0.868478774513118,0.5061180277485401,0.025379467755556107,0.10335224866867065
2,73202,50,5,0,base,0.05,0.04,ae_27:8:0:44:00,mtl_27:8:1:40:40.json,0.10200708276033402,0.6714946626424789,0.8787475371062755,0.5874065310135483,0.02569972164928913,0.09176886081695557
3,73203,50,5,0,base,0.05,0.04,ae_27:8:0:44:00,mtl_27:8:1:40:40.json,0.10200708276033402,0.6655447037220001,0.8788004729580134,0.48256292211823165,0.026029197499155998,0.10758055746555328
4,73204,50,5,0,base,0.05,0.04,ae_27:8:0:44:00,mtl_27:8:1:40:40.json,0.10200708276033402,0.6806641825437546,0.87506227106601,0.582301189948339,0.027496976777911186,0.1004749983549118
5,73205,50,5,0,base,0.05,0.04,ae_27:8:0:44:00,mtl_27:8:1:40:40.json,0.10200708276033402,0.6510198291540146,0.8689572042562067,0.4914952856898308,0.02573123760521412,0.10177718847990036
6,73206,50,5,0,base,0.05,0.04,ae_27:8:0:44:00,mtl_27:8:1:40:40.json,0.10200708276033402,0.667727386713028,0.8714428533762694,0.5896785655245185,0.02680305391550064,0.08999791741371155
7,73207,50,5,0,base,0.05,0.04,ae_27:8:0:44:00,mtl_27:8:1:40:40.json,0.10200708276033402,0.6697223908901214,0.8614190309941768,0.5215562964351848,0.028734805062413216,0.10538285970687866
8,73208,50,5,0,base,0.05,0.04,ae_27:8:0:44:00,mtl_27:8:1:40:40.json,0.10200708276033402,0.6660756427049637,0.869594427190721,0.6140924744829536,0.027017204090952873,0.08868330717086792
9,73209,50,5,0,base,0.05,0.04,ae_27:8:0:44:00,mtl_27:8:1:40:40.json,0.10200708276033402,0.6645976281166077,0.8637750756926834,0.4485961864357814,0.027767209336161613,0.1125502958893776
10,73210,50,5,0,base,0.05,0.04,ae_27:8:0:44:00,mtl_27:8:1:40:40.json,0.10200708276033402,0.6657739380598068,0.8654129327321425,0.5543687770180404,0.026494281366467476,0.10302247852087021
11,73211,50,5,0,base,0.05,0.04,ae_27:8:0:44:00,mtl_27:8:1:40:40.json,0.10200708276033402,0.6700101019144058,0.8615797206107527,0.6179276740252971,0.028585586696863174,0.08414779603481293
0,73200,50,5,0,base,0.05,0.05,ae_27:8:0:44:00,mtl_27:8:1:40:40.json,0.10200708276033402,0.6703301824331284,0.8727482383549213,0.4904264561235905,0.026326457038521767,0.1065031960606575
1,73201,50,5,0,base,0.05,0.05,ae_27:8:0:44:00,mtl_27:8:1:40:40.json,0.10200708276033402,0.6586234921216965,0.868478774513118,0.5061180277485401,0.025379467755556107,0.10335224866867065
2,73202,50,5,0,base,0.05,0.05,ae_27:8:0:44:00,mtl_27:8:1:40:40.json,0.10200708276033402,0.6714946626424789,0.8787475371062755,0.5874065310135483,0.02569972164928913,0.09176886081695557
3,73203,50,5,0,base,0.05,0.05,ae_27:8:0:44:00,mtl_27:8:1:40:40.json,0.10200708276033402,0.6655447037220001,0.8788004729580134,0.48256292211823165,0.026029197499155998,0.10758055746555328
4,73204,50,5,0,base,0.05,0.05,ae_27:8:0:44:00,mtl_27:8:1:40:40.json,0.10200708276033402,0.6806641825437546,0.87506227106601,0.582301189948339,0.027496976777911186,0.1004749983549118
5,73205,50,5,0,base,0.05,0.05,ae_27:8:0:44:00,mtl_27:8:1:40:40.json,0.10200708276033402,0.6510198291540146,0.8689572042562067,0.4914952856898308,0.02573123760521412,0.10177718847990036
6,73206,50,5,0,base,0.05,0.05,ae_27:8:0:44:00,mtl_27:8:1:40:40.json,0.10200708276033402,0.667727386713028,0.8714428533762694,0.5896785655245185,0.02680305391550064,0.08999791741371155
7,73207,50,5,0,base,0.05,0.05,ae_27:8:0:44:00,mtl_27:8:1:40:40.json,0.10200708276033402,0.6697223908901214,0.8614190309941768,0.5215562964351848,0.028734805062413216,0.10538285970687866
8,73208,50,5,0,base,0.05,0.05,ae_27:8:0:44:00,mtl_27:8:1:40:40.json,0.10200708276033402,0.6660756427049637,0.869594427190721,0.6140924744829536,0.027017204090952873,0.08868330717086792
9,73209,50,5,0,base,0.05,0.05,ae_27:8:0:44:00,mtl_27:8:1:40:40.json,0.10200708276033402,0.6645976281166077,0.8637750756926834,0.4485961864357814,0.027767209336161613,0.1125502958893776
10,73210,50,5,0,base,0.05,0.05,ae_27:8:0:44:00,mtl_27:8:1:40:40.json,0.10200708276033402,0.6657739380598068,0.8654129327321425,0.5543687770180404,0.026494281366467476,0.10302247852087021
11,73211,50,5,0,base,0.05,0.05,ae_27:8:0:44:00,mtl_27:8:1:40:40.json,0.10200708276033402,0.6700101019144058,0.8615797206107527,0.6179276740252971,0.028585586696863174,0.08414779603481293
0,73200,50,5,0,base,0.05,0.06,ae_27:8:0:44:00,mtl_27:8:1:40:40.json,0.10200708276033402,0.5054952681064606,0.7456819188259542,0.3870363089069724,0.048164188861846924,0.12211661785840988
1,73201,50,5,0,base,0.05,0.06,ae_27:8:0:44:00,mtl_27:8:1:40:40.json,0.10200708276033402,0.49793523049354554,0.7510731334513985,0.4228692698776722,0.04574558511376381,0.11498676985502243
2,73202,50,5,0,base,0.05,0.06,ae_27:8:0:44:00,mtl_27:8:1:40:40.json,0.10200708276033402,0.5072419877052308,0.7439446806283667,0.5077058822261169,0.047589849680662155,0.10610923171043396
3,73203,50,5,0,base,0.05,0.06,ae_27:8:0:44:00,mtl_27:8:1:40:40.json,0.10200708276033402,0.5003170485496521,0.7447264979048632,0.3996383839184418,0.04836544767022133,0.1198645681142807
4,73204,50,5,0,base,0.05,0.06,ae_27:8:0:44:00,mtl_27:8:1:40:40.json,0.10200708276033402,0.5229962691068649,0.7698328289017081,0.5214136645612307,0.04585684463381767,0.1086721271276474
5,73205,50,5,0,base,0.05,0.06,ae_27:8:0:44:00,mtl_27:8:1:40:40.json,0.10200708276033402,0.48252973580360414,0.7080261202184484,0.406970370484516,0.050578631460666656,0.11362665146589279
6,73206,50,5,0,base,0.05,0.06,ae_27:8:0:44:00,mtl_27:8:1:40:40.json,0.10200708276033402,0.5035910741090774,0.7162557863285766,0.47253527797199785,0.05042741075158119,0.10766266286373138
7,73207,50,5,0,base,0.05,0.06,ae_27:8:0:44:00,mtl_27:8:1:40:40.json,0.10200708276033402,0.5065835819244385,0.7312801862964406,0.41375857052300125,0.04943417012691498,0.1260364055633545
8,73208,50,5,0,base,0.05,0.06,ae_27:8:0:44:00,mtl_27:8:1:40:40.json,0.10200708276033402,0.5031134530305862,0.742424626220949,0.4996920567601919,0.048524562269449234,0.11032295227050781
9,73209,50,5,0,base,0.05,0.06,ae_27:8:0:44:00,mtl_27:8:1:40:40.json,0.10200708276033402,0.49889643704891207,0.7280294855493121,0.38333155735675245,0.04948022589087486,0.12093295902013779
10,73210,50,5,0,base,0.05,0.06,ae_27:8:0:44:00,mtl_27:8:1:40:40.json,0.10200708276033402,0.5066609009504318,0.7439594435915351,0.45603465031506496,0.04850616306066513,0.12340135872364044
11,73211,50,5,0,base,0.05,0.06,ae_27:8:0:44:00,mtl_27:8:1:40:40.json,0.10200708276033402,0.507015148639679,0.721020079895854,0.5250510904043912,0.051222823560237885,0.09896925836801529
0,73200,50,5,0,base,0.05,0.07,ae_27:8:0:44:00,mtl_27:8:1:40:40.json,0.10200708276033402,0.5054952681064606,0.7456819188259542,0.3870363089069724,0.048164188861846924,0.12211661785840988
1,73201,50,5,0,base,0.05,0.07,ae_27:8:0:44:00,mtl_27:8:1:40:40.json,0.10200708276033402,0.49793523049354554,0.7510731334513985,0.4228692698776722,0.04574558511376381,0.11498676985502243
2,73202,50,5,0,base,0.05,0.07,ae_27:8:0:44:00,mtl_27:8:1:40:40.json,0.10200708276033402,0.5072419877052308,0.7439446806283667,0.5077058822261169,0.047589849680662155,0.10610923171043396
3,73203,50,5,0,base,0.05,0.07,ae_27:8:0:44:00,mtl_27:8:1:40:40.json,0.10200708276033402,0.5003170485496521,0.7447264979048632,0.3996383839184418,0.04836544767022133,0.1198645681142807
4,73204,50,5,0,base,0.05,0.07,ae_27:8:0:44:00,mtl_27:8:1:40:40.json,0.10200708276033402,0.5229962691068649,0.7698328289017081,0.5214136645612307,0.04585684463381767,0.1086721271276474
5,73205,50,5,0,base,0.05,0.07,ae_27:8:0:44:00,mtl_27:8:1:40:40.json,0.10200708276033402,0.48252973580360414,0.7080261202184484,0.406970370484516,0.050578631460666656,0.11362665146589279
6,73206,50,5,0,base,0.05,0.07,ae_27:8:0:44:00,mtl_27:8:1:40:40.json,0.10200708276033402,0.5035910741090774,0.7162557863285766,0.47253527797199785,0.05042741075158119,0.10766266286373138
7,73207,50,5,0,base,0.05,0.07,ae_27:8:0:44:00,mtl_27:8:1:40:40.json,0.10200708276033402,0.5065835819244385,0.7312801862964406,0.41375857052300125,0.04943417012691498,0.1260364055633545
8,73208,50,5,0,base,0.05,0.07,ae_27:8:0:44:00,mtl_27:8:1:40:40.json,0.10200708276033402,0.5031134530305862,0.742424626220949,0.4996920567601919,0.048524562269449234,0.11032295227050781
9,73209,50,5,0,base,0.05,0.07,ae_27:8:0:44:00,mtl_27:8:1:40:40.json,0.10200708276033402,0.49889643704891207,0.7280294855493121,0.38333155735675245,0.04948022589087486,0.12093295902013779
10,73210,50,5,0,base,0.05,0.07,ae_27:8:0:44:00,mtl_27:8:1:40:40.json,0.10200708276033402,0.5066609009504318,0.7439594435915351,0.45603465031506496,0.04850616306066513,0.12340135872364044
11,73211,50,5,0,base,0.05,0.07,ae_27:8:0:44:00,mtl_27:8:1:40:40.json,0.10200708276033402,0.507015148639679,0.721020079895854,0.5250510904043912,0.051222823560237885,0.09896925836801529
0,73200,50,5,0,base,0.05,0.08,ae_27:8:0:44:00,mtl_27:8:1:40:40.json,0.10200708276033402,0.3633270298242569,0.5479953556675464,0.3269521647449583,0.08297758549451828,0.13221673667430878
1,73201,50,5,0,base,0.05,0.08,ae_27:8:0:44:00,mtl_27:8:1:40:40.json,0.10200708276033402,0.3519136457443237,0.5533935798858293,0.35160490486677737,0.07947013527154922,0.12406689673662186
2,73202,50,5,0,base,0.05,0.08,ae_27:8:0:44:00,mtl_27:8:1:40:40.json,0.10200708276033402,0.36032265681028364,0.559897619090043,0.41019512550998477,0.0788152813911438,0.12365421652793884
3,73203,50,5,0,base,0.05,0.08,ae_27:8:0:44:00,mtl_27:8:1:40:40.json,0.10200708276033402,0.35642273741960523,0.5443790754838846,0.3385192410433665,0.0818374902009964,0.1284974366426468
4,73204,50,5,0,base,0.05,0.08,ae_27:8:0:44:00,mtl_27:8:1:40:40.json,0.10200708276033402,0.377328363776207,0.5690294608380646,0.40903572356840595,0.07902880758047104,0.1270189881324768
5,73205,50,5,0,base,0.05,0.08,ae_27:8:0:44:00,mtl_27:8:1:40:40.json,0.10200708276033402,0.33937298619747164,0.5192751503190957,0.3176293586082756,0.08221708983182907,0.125332310795784
6,73206,50,5,0,base,0.05,0.08,ae_27:8:0:44:00,mtl_27:8:1:40:40.json,0.10200708276033402,0.3581214367747307,0.5351253770438489,0.37212774497573264,0.08104562759399414,0.12257543206214905
7,73207,50,5,0,base,0.05,0.08,ae_27:8:0:44:00,mtl_27:8:1:40:40.json,0.10200708276033402,0.364778114259243,0.5500647719963454,0.3177684517195448,0.08130006492137909,0.14470550417900085
8,73208,50,5,0,base,0.05,0.08,ae_27:8:0:44:00,mtl_27:8:1:40:40.json,0.10200708276033402,0.3574846093058586,0.549041002240614,0.40087944460846486,0.08204557746648788,0.1290428787469864
9,73209,50,5,0,base,0.05,0.08,ae_27:8:0:44:00,mtl_27:8:1:40:40.json,0.10200708276033402,0.3465285856127739,0.5185585200679489,0.3223089361740276,0.08432555943727493,0.1282786875963211
10,73210,50,5,0,base,0.05,0.08,ae_27:8:0:44:00,mtl_27:8:1:40:40.json,0.10200708276033402,0.3622145414352417,0.5609118815525435,0.3654086744100787,0.08101476728916168,0.13999170064926147
11,73211,50,5,0,base,0.05,0.08,ae_27:8:0:44:00,mtl_27:8:1:40:40.json,0.10200708276033402,0.35602020227909087,0.5299857573481277,0.4112988081146032,0.08580678701400757,0.1172783374786377
0,73200,50,5,0,base,0.05,0.09,ae_27:8:0:44:00,mtl_27:8:1:40:40.json,0.10200708276033402,0.3633270298242569,0.5479953556675464,0.3269521647449583,0.08297758549451828,0.13221673667430878
1,73201,50,5,0,base,0.05,0.09,ae_27:8:0:44:00,mtl_27:8:1:40:40.json,0.10200708276033402,0.3519136457443237,0.5533935798858293,0.35160490486677737,0.07947013527154922,0.12406689673662186
2,73202,50,5,0,base,0.05,0.09,ae_27:8:0:44:00,mtl_27:8:1:40:40.json,0.10200708276033402,0.36032265681028364,0.559897619090043,0.41019512550998477,0.0788152813911438,0.12365421652793884
3,73203,50,5,0,base,0.05,0.09,ae_27:8:0:44:00,mtl_27:8:1:40:40.json,0.10200708276033402,0.35642273741960523,0.5443790754838846,0.3385192410433665,0.0818374902009964,0.1284974366426468
4,73204,50,5,0,base,0.05,0.09,ae_27:8:0:44:00,mtl_27:8:1:40:40.json,0.10200708276033402,0.377328363776207,0.5690294608380646,0.40903572356840595,0.07902880758047104,0.1270189881324768
5,73205,50,5,0,base,0.05,0.09,ae_27:8:0:44:00,mtl_27:8:1:40:40.json,0.10200708276033402,0.33937298619747164,0.5192751503190957,0.3176293586082756,0.08221708983182907,0.125332310795784
6,73206,50,5,0,base,0.05,0.09,ae_27:8:0:44:00,mtl_27:8:1:40:40.json,0.10200708276033402,0.3581214367747307,0.5351253770438489,0.37212774497573264,0.08104562759399414,0.12257543206214905
7,73207,50,5,0,base,0.05,0.09,ae_27:8:0:44:00,mtl_27:8:1:40:40.json,0.10200708276033402,0.364778114259243,0.5500647719963454,0.3177684517195448,0.08130006492137909,0.14470550417900085
8,73208,50,5,0,base,0.05,0.09,ae_27:8:0:44:00,mtl_27:8:1:40:40.json,0.10200708276033402,0.3574846093058586,0.549041002240614,0.40087944460846486,0.08204557746648788,0.1290428787469864
9,73209,50,5,0,base,0.05,0.09,ae_27:8:0:44:00,mtl_27:8:1:40:40.json,0.10200708276033402,0.3465285856127739,0.5185585200679489,0.3223089361740276,0.08432555943727493,0.1282786875963211
10,73210,50,5,0,base,0.05,0.09,ae_27:8:0:44:00,mtl_27:8:1:40:40.json,0.10200708276033402,0.3622145414352417,0.5609118815525435,0.3654086744100787,0.08101476728916168,0.13999170064926147
11,73211,50,5,0,base,0.05,0.09,ae_27:8:0:44:00,mtl_27:8:1:40:40.json,0.10200708276033402,0.35602020227909087,0.5299857573481277,0.4112988081146032,0.08580678701400757,0.1172783374786377
0,73200,50,5,0,base,0.05,0.1,ae_27:8:0:44:00,mtl_27:8:1:40:40.json,0.10200708276033402,0.2541587815284729,0.37885251503670586,0.2836839431691915,0.11603103578090668,0.14067207276821136
1,73201,50,5,0,base,0.05,0.1,ae_27:8:0:44:00,mtl_27:8:1:40:40.json,0.10200708276033402,0.23889204955101012,0.3917308579552919,0.2782659768173471,0.10744267702102661,0.13502122461795807
2,73202,50,5,0,base,0.05,0.1,ae_27:8:0:44:00,mtl_27:8:1:40:40.json,0.10200708276033402,0.2444033145904541,0.3896317373239435,0.3320508738784119,0.11309172213077545,0.13721595704555511
3,73203,50,5,0,base,0.05,0.1,ae_27:8:0:44:00,mtl_27:8:1:40:40.json,0.10200708276033402,0.24952841341495513,0.3874260521158576,0.2817077189204283,0.114151231944561,0.13716459274291992
4,73204,50,5,0,base,0.05,0.1,ae_27:8:0:44:00,mtl_27:8:1:40:40.json,0.10200708276033402,0.2596604472398758,0.3827296487079002,0.33535233642859386,0.11521485447883606,0.13897919654846191
5,73205,50,5,0,base,0.05,0.1,ae_27:8:0:44:00,mtl_27:8:1:40:40.json,0.10200708276033402,0.2322162252664566,0.3563658004119061,0.2622283591879532,0.11624529212713242,0.13372793793678284
6,73206,50,5,0,base,0.05,0.1,ae_27:8:0:44:00,mtl_27:8:1:40:40.json,0.10200708276033402,0.24765178894996642,0.36179422797984445,0.2920775290587917,0.11668350547552109,0.1355549395084381
7,73207,50,5,0,base,0.05,0.1,ae_27:8:0:44:00,mtl_27:8:1:40:40.json,0.10200708276033402,0.25397263514995577,0.37493262165505437,0.25379837257228793,0.11590491235256195,0.15947876870632172
8,73208,50,5,0,base,0.05,0.1,ae_27:8:0:44:00,mtl_27:8:1:40:40.json,0.10200708276033402,0.24185575282573699,0.3710916624063393,0.3127622218015604,0.11679010093212128,0.14876626431941986
9,73209,50,5,0,base,0.05,0.1,ae_27:8:0:44:00,mtl_27:8:1:40:40.json,0.10200708276033402,0.2401607257127762,0.3483328826366924,0.2588816102477722,0.11823030561208725,0.13747315108776093
10,73210,50,5,0,base,0.05,0.1,ae_27:8:0:44:00,mtl_27:8:1:40:40.json,0.10200708276033402,0.2477681714296341,0.3706099118893035,0.3014704231196083,0.11682475358247757,0.15156984329223633
11,73211,50,5,0,base,0.05,0.1,ae_27:8:0:44:00,mtl_27:8:1:40:40.json,0.10200708276033402,0.24902524745464324,0.37880111558549107,0.3408728711642325,0.11510030925273895,0.12824581563472748
0,73200,50,5,0,err2,0.05,0.0,ae_27:8:0:44:00,mtl_27:8:1:41:54.json,0.1558044285580516,0.9999999973773956,0.9376953797340393,0.7206339554786683,0.014300190843641758,0.07752056419849396
1,73201,50,5,0,err2,0.05,0.0,ae_27:8:0:44:00,mtl_27:8:1:41:54.json,0.1558044285580516,1.0000000007152556,0.9390943274497986,0.7444292821884155,0.013587468303740025,0.07286658883094788
2,73202,50,5,0,err2,0.05,0.0,ae_27:8:0:44:00,mtl_27:8:1:41:54.json,0.1558044285580516,0.9999999949932098,0.9391458902359009,0.7558594037294388,0.013701464049518108,0.06941016763448715
3,73203,50,5,0,err2,0.05,0.0,ae_27:8:0:44:00,mtl_27:8:1:41:54.json,0.1558044285580516,1.0000000014305115,0.9393156759738922,0.7101715064644814,0.013907741755247116,0.08035605400800705
4,73204,50,5,0,err2,0.05,0.0,ae_27:8:0:44:00,mtl_27:8:1:41:54.json,0.1558044285580516,0.9999999985694885,0.9405884408950805,0.7947187702655792,0.013769521377980709,0.06002248078584671
5,73205,50,5,0,err2,0.05,0.0,ae_27:8:0:44:00,mtl_27:8:1:41:54.json,0.1558044285580516,1.0000000011920929,0.9344871628284455,0.6805380181968212,0.01430534292012453,0.08426550775766373
6,73206,50,5,0,err2,0.05,0.0,ae_27:8:0:44:00,mtl_27:8:1:41:54.json,0.1558044285580516,0.9999999990463256,0.9400948741436005,0.7610509516596794,0.013715246692299843,0.07106875628232956
7,73207,50,5,0,err2,0.05,0.0,ae_27:8:0:44:00,mtl_27:8:1:41:54.json,0.1558044285580516,0.9999999976158143,0.9373928599357605,0.7644311832785606,0.01449504029005766,0.06741277128458023
8,73208,50,5,0,err2,0.05,0.0,ae_27:8:0:44:00,mtl_27:8:1:41:54.json,0.1558044285580516,1.000000002861023,0.9379988858699798,0.7910251488685608,0.013796797953546047,0.06097286194562912
9,73209,50,5,0,err2,0.05,0.0,ae_27:8:0:44:00,mtl_27:8:1:41:54.json,0.1558044285580516,1.0000000009536743,0.9342276797294616,0.6775572820752859,0.014994381926953793,0.08568065613508224
10,73210,50,5,0,err2,0.05,0.0,ae_27:8:0:44:00,mtl_27:8:1:41:54.json,0.1558044285580516,0.9999999949932098,0.9381125569343567,0.7343079392611981,0.01373706292361021,0.07140351086854935
11,73211,50,5,0,err2,0.05,0.0,ae_27:8:0:44:00,mtl_27:8:1:41:54.json,0.1558044285580516,0.9999999973773956,0.9346639628410339,0.741247242808342,0.014868964441120625,0.07467445731163025
0,73200,50,5,0,err2,0.05,0.01,ae_27:8:0:44:00,mtl_27:8:1:41:54.json,0.1558044285580516,0.9999999973773956,0.9376953797340393,0.7206339554786683,0.014300190843641758,0.07752056419849396
1,73201,50,5,0,err2,0.05,0.01,ae_27:8:0:44:00,mtl_27:8:1:41:54.json,0.1558044285580516,1.0000000007152556,0.9390943274497986,0.7444292821884155,0.013587468303740025,0.07286658883094788
2,73202,50,5,0,err2,0.05,0.01,ae_27:8:0:44:00,mtl_27:8:1:41:54.json,0.1558044285580516,0.9999999949932098,0.9391458902359009,0.7558594037294388,0.013701464049518108,0.06941016763448715
3,73203,50,5,0,err2,0.05,0.01,ae_27:8:0:44:00,mtl_27:8:1:41:54.json,0.1558044285580516,1.0000000014305115,0.9393156759738922,0.7101715064644814,0.013907741755247116,0.08035605400800705
4,73204,50,5,0,err2,0.05,0.01,ae_27:8:0:44:00,mtl_27:8:1:41:54.json,0.1558044285580516,0.9999999985694885,0.9405884408950805,0.7947187702655792,0.013769521377980709,0.06002248078584671
5,73205,50,5,0,err2,0.05,0.01,ae_27:8:0:44:00,mtl_27:8:1:41:54.json,0.1558044285580516,1.0000000011920929,0.9344871628284455,0.6805380181968212,0.01430534292012453,0.08426550775766373
6,73206,50,5,0,err2,0.05,0.01,ae_27:8:0:44:00,mtl_27:8:1:41:54.json,0.1558044285580516,0.9999999990463256,0.9400948741436005,0.7610509516596794,0.013715246692299843,0.07106875628232956
7,73207,50,5,0,err2,0.05,0.01,ae_27:8:0:44:00,mtl_27:8:1:41:54.json,0.1558044285580516,0.9999999976158143,0.9373928599357605,0.7644311832785606,0.01449504029005766,0.06741277128458023
8,73208,50,5,0,err2,0.05,0.01,ae_27:8:0:44:00,mtl_27:8:1:41:54.json,0.1558044285580516,1.000000002861023,0.9379988858699798,0.7910251488685608,0.013796797953546047,0.06097286194562912
9,73209,50,5,0,err2,0.05,0.01,ae_27:8:0:44:00,mtl_27:8:1:41:54.json,0.1558044285580516,1.0000000009536743,0.9342276797294616,0.6775572820752859,0.014994381926953793,0.08568065613508224
10,73210,50,5,0,err2,0.05,0.01,ae_27:8:0:44:00,mtl_27:8:1:41:54.json,0.1558044285580516,0.9999999949932098,0.9381125569343567,0.7343079392611981,0.01373706292361021,0.07140351086854935
11,73211,50,5,0,err2,0.05,0.01,ae_27:8:0:44:00,mtl_27:8:1:41:54.json,0.1558044285580516,0.9999999973773956,0.9346639628410339,0.741247242808342,0.014868964441120625,0.07467445731163025
0,73200,50,5,0,err2,0.05,0.02,ae_27:8:0:44:00,mtl_27:8:1:41:54.json,0.1558044285580516,0.8351650767326355,0.9263617913722992,0.6622566189393401,0.017345985397696495,0.08538935333490372
1,73201,50,5,0,err2,0.05,0.02,ae_27:8:0:44:00,mtl_27:8:1:41:54.json,0.1558044285580516,0.8293117349147796,0.9208288474082946,0.6537416252940893,0.017014333978295326,0.08642996847629547
2,73202,50,5,0,err2,0.05,0.02,ae_27:8:0:44:00,mtl_27:8:1:41:54.json,0.1558044285580516,0.8357473161220551,0.9196192457675934,0.70894483807683,0.01810014434158802,0.07839477807283401
3,73203,50,5,0,err2,0.05,0.02,ae_27:8:0:44:00,mtl_27:8:1:41:54.json,0.1558044285580516,0.832772340297699,0.9255391731262207,0.6873427607417106,0.01717514917254448,0.08500619232654572
4,73204,50,5,0,err2,0.05,0.02,ae_27:8:0:44:00,mtl_27:8:1:41:54.json,0.1558044285580516,0.8403320777416229,0.9212217183113098,0.7116631721183657,0.018441129475831985,0.07940740138292313
5,73205,50,5,0,err2,0.05,0.02,ae_27:8:0:44:00,mtl_27:8:1:41:54.json,0.1558044285580516,0.8255099041461944,0.9201122620105744,0.6094639293514192,0.017198825255036354,0.09279292821884155
6,73206,50,5,0,err2,0.05,0.02,ae_27:8:0:44:00,mtl_27:8:1:41:54.json,0.1558044285580516,0.8338636815547943,0.9273111457824708,0.6268564569354057,0.016852719709277153,0.09227416664361954
7,73207,50,5,0,err2,0.05,0.02,ae_27:8:0:44:00,mtl_27:8:1:41:54.json,0.1558044285580516,0.8348611834049224,0.9169955945014954,0.6127516457587481,0.019229719415307045,0.0945088267326355
8,73208,50,5,0,err2,0.05,0.02,ae_27:8:0:44:00,mtl_27:8:1:41:54.json,0.1558044285580516,0.8330378119945526,0.9183105063438416,0.7298678838014603,0.01808999851346016,0.07443181425333023
9,73209,50,5,0,err2,0.05,0.02,ae_27:8:0:44:00,mtl_27:8:1:41:54.json,0.1558044285580516,0.8322988021373748,0.9177957620620728,0.6802052773833275,0.018919099122285843,0.08132806420326233
10,73210,50,5,0,err2,0.05,0.02,ae_27:8:0:44:00,mtl_27:8:1:41:54.json,0.1558044285580516,0.8328869533538819,0.9256440720558167,0.6750555391460658,0.016495730727910995,0.0795246809720993
11,73211,50,5,0,err2,0.05,0.02,ae_27:8:0:44:00,mtl_27:8:1:41:54.json,0.1558044285580516,0.8350050375461578,0.9176417956352234,0.6679380793832242,0.018567819148302078,0.08642221987247467
0,73200,50,5,0,err2,0.05,0.03,ae_27:8:0:44:00,mtl_27:8:1:41:54.json,0.1558044285580516,0.8351650767326355,0.9263617913722992,0.6622566189393401,0.017345985397696495,0.08538935333490372
1,73201,50,5,0,err2,0.05,0.03,ae_27:8:0:44:00,mtl_27:8:1:41:54.json,0.1558044285580516,0.8293117349147796,0.9208288474082946,0.6537416252940893,0.017014333978295326,0.08642996847629547
2,73202,50,5,0,err2,0.05,0.03,ae_27:8:0:44:00,mtl_27:8:1:41:54.json,0.1558044285580516,0.8357473161220551,0.9196192457675934,0.70894483807683,0.01810014434158802,0.07839477807283401
3,73203,50,5,0,err2,0.05,0.03,ae_27:8:0:44:00,mtl_27:8:1:41:54.json,0.1558044285580516,0.832772340297699,0.9255391731262207,0.6873427607417106,0.01717514917254448,0.08500619232654572
4,73204,50,5,0,err2,0.05,0.03,ae_27:8:0:44:00,mtl_27:8:1:41:54.json,0.1558044285580516,0.8403320777416229,0.9212217183113098,0.7116631721183657,0.018441129475831985,0.07940740138292313
5,73205,50,5,0,err2,0.05,0.03,ae_27:8:0:44:00,mtl_27:8:1:41:54.json,0.1558044285580516,0.8255099041461944,0.9201122620105744,0.6094639293514192,0.017198825255036354,0.09279292821884155
6,73206,50,5,0,err2,0.05,0.03,ae_27:8:0:44:00,mtl_27:8:1:41:54.json,0.1558044285580516,0.8338636815547943,0.9273111457824708,0.6268564569354057,0.016852719709277153,0.09227416664361954
7,73207,50,5,0,err2,0.05,0.03,ae_27:8:0:44:00,mtl_27:8:1:41:54.json,0.1558044285580516,0.8348611834049224,0.9169955945014954,0.6127516457587481,0.019229719415307045,0.0945088267326355
8,73208,50,5,0,err2,0.05,0.03,ae_27:8:0:44:00,mtl_27:8:1:41:54.json,0.1558044285580516,0.8330378119945526,0.9183105063438416,0.7298678838014603,0.01808999851346016,0.07443181425333023
9,73209,50,5,0,err2,0.05,0.03,ae_27:8:0:44:00,mtl_27:8:1:41:54.json,0.1558044285580516,0.8322988021373748,0.9177957620620728,0.6802052773833275,0.018919099122285843,0.08132806420326233
10,73210,50,5,0,err2,0.05,0.03,ae_27:8:0:44:00,mtl_27:8:1:41:54.json,0.1558044285580516,0.8328869533538819,0.9256440720558167,0.6750555391460658,0.016495730727910995,0.0795246809720993
11,73211,50,5,0,err2,0.05,0.03,ae_27:8:0:44:00,mtl_27:8:1:41:54.json,0.1558044285580516,0.8350050375461578,0.9176417956352234,0.6679380793832242,0.018567819148302078,0.08642221987247467
0,73200,50,5,0,err2,0.05,0.04,ae_27:8:0:44:00,mtl_27:8:1:41:54.json,0.1558044285580516,0.6703301824331284,0.8727482383549213,0.5595024502947926,0.026326457038521767,0.10064157843589783
1,73201,50,5,0,err2,0.05,0.04,ae_27:8:0:44:00,mtl_27:8:1:41:54.json,0.1558044285580516,0.6586234921216965,0.868478774513118,0.5758484691381455,0.025379467755556107,0.09825336188077927
2,73202,50,5,0,err2,0.05,0.04,ae_27:8:0:44:00,mtl_27:8:1:41:54.json,0.1558044285580516,0.6714946626424789,0.8787475371062755,0.6247737145870924,0.02569972164928913,0.09171663969755173
3,73203,50,5,0,err2,0.05,0.04,ae_27:8:0:44:00,mtl_27:8:1:41:54.json,0.1558044285580516,0.6655447037220001,0.8788004729580134,0.6071621350198985,0.026029197499155998,0.09610743820667267
4,73204,50,5,0,err2,0.05,0.04,ae_27:8:0:44:00,mtl_27:8:1:41:54.json,0.1558044285580516,0.6806641825437546,0.87506227106601,0.627740193374455,0.027496976777911186,0.09427870064973831
5,73205,50,5,0,err2,0.05,0.04,ae_27:8:0:44:00,mtl_27:8:1:41:54.json,0.1558044285580516,0.6510198291540146,0.8689572042562067,0.5222371900677681,0.02573123760521412,0.10301675647497177
6,73206,50,5,0,err2,0.05,0.04,ae_27:8:0:44:00,mtl_27:8:1:41:54.json,0.1558044285580516,0.667727386713028,0.8714428533762694,0.528942138440907,0.02680305391550064,0.10489222407341003
7,73207,50,5,0,err2,0.05,0.04,ae_27:8:0:44:00,mtl_27:8:1:41:54.json,0.1558044285580516,0.6697223908901214,0.8614190309941768,0.5272574071213603,0.028734805062413216,0.1053123027086258
8,73208,50,5,0,err2,0.05,0.04,ae_27:8:0:44:00,mtl_27:8:1:41:54.json,0.1558044285580516,0.6660756427049637,0.869594427190721,0.6417808865606784,0.027017204090952873,0.08899523317813873
9,73209,50,5,0,err2,0.05,0.04,ae_27:8:0:44:00,mtl_27:8:1:41:54.json,0.1558044285580516,0.6645976281166077,0.8637750756926834,0.5931562106758356,0.027767209336161613,0.09404081851243973
10,73210,50,5,0,err2,0.05,0.04,ae_27:8:0:44:00,mtl_27:8:1:41:54.json,0.1558044285580516,0.6657739380598068,0.8654129327321425,0.5971766766160727,0.026494281366467476,0.09322994202375412
11,73211,50,5,0,err2,0.05,0.04,ae_27:8:0:44:00,mtl_27:8:1:41:54.json,0.1558044285580516,0.6700101019144058,0.8615797206107527,0.587637625223957,0.028585586696863174,0.0978570505976677
0,73200,50,5,0,err2,0.05,0.05,ae_27:8:0:44:00,mtl_27:8:1:41:54.json,0.1558044285580516,0.6703301824331284,0.8727482383549213,0.5595024502947926,0.026326457038521767,0.10064157843589783
1,73201,50,5,0,err2,0.05,0.05,ae_27:8:0:44:00,mtl_27:8:1:41:54.json,0.1558044285580516,0.6586234921216965,0.868478774513118,0.5758484691381455,0.025379467755556107,0.09825336188077927
2,73202,50,5,0,err2,0.05,0.05,ae_27:8:0:44:00,mtl_27:8:1:41:54.json,0.1558044285580516,0.6714946626424789,0.8787475371062755,0.6247737145870924,0.02569972164928913,0.09171663969755173
3,73203,50,5,0,err2,0.05,0.05,ae_27:8:0:44:00,mtl_27:8:1:41:54.json,0.1558044285580516,0.6655447037220001,0.8788004729580134,0.6071621350198985,0.026029197499155998,0.09610743820667267
4,73204,50,5,0,err2,0.05,0.05,ae_27:8:0:44:00,mtl_27:8:1:41:54.json,0.1558044285580516,0.6806641825437546,0.87506227106601,0.627740193374455,0.027496976777911186,0.09427870064973831
5,73205,50,5,0,err2,0.05,0.05,ae_27:8:0:44:00,mtl_27:8:1:41:54.json,0.1558044285580516,0.6510198291540146,0.8689572042562067,0.5222371900677681,0.02573123760521412,0.10301675647497177
6,73206,50,5,0,err2,0.05,0.05,ae_27:8:0:44:00,mtl_27:8:1:41:54.json,0.1558044285580516,0.667727386713028,0.8714428533762694,0.528942138440907,0.02680305391550064,0.10489222407341003
7,73207,50,5,0,err2,0.05,0.05,ae_27:8:0:44:00,mtl_27:8:1:41:54.json,0.1558044285580516,0.6697223908901214,0.8614190309941768,0.5272574071213603,0.028734805062413216,0.1053123027086258
8,73208,50,5,0,err2,0.05,0.05,ae_27:8:0:44:00,mtl_27:8:1:41:54.json,0.1558044285580516,0.6660756427049637,0.869594427190721,0.6417808865606784,0.027017204090952873,0.08899523317813873
9,73209,50,5,0,err2,0.05,0.05,ae_27:8:0:44:00,mtl_27:8:1:41:54.json,0.1558044285580516,0.6645976281166077,0.8637750756926834,0.5931562106758356,0.027767209336161613,0.09404081851243973
10,73210,50,5,0,err2,0.05,0.05,ae_27:8:0:44:00,mtl_27:8:1:41:54.json,0.1558044285580516,0.6657739380598068,0.8654129327321425,0.5971766766160727,0.026494281366467476,0.09322994202375412
11,73211,50,5,0,err2,0.05,0.05,ae_27:8:0:44:00,mtl_27:8:1:41:54.json,0.1558044285580516,0.6700101019144058,0.8615797206107527,0.587637625223957,0.028585586696863174,0.0978570505976677
0,73200,50,5,0,err2,0.05,0.06,ae_27:8:0:44:00,mtl_27:8:1:41:54.json,0.1558044285580516,0.5054952681064606,0.7456819188259542,0.4568294706828892,0.048164188861846924,0.11434676498174667
1,73201,50,5,0,err2,0.05,0.06,ae_27:8:0:44:00,mtl_27:8:1:41:54.json,0.1558044285580516,0.49793523049354554,0.7510731334513985,0.4763894422492012,0.04574558511376381,0.1100173071026802
2,73202,50,5,0,err2,0.05,0.06,ae_27:8:0:44:00,mtl_27:8:1:41:54.json,0.1558044285580516,0.5072419877052308,0.7439446806283667,0.5043531743921339,0.047589849680662155,0.10602255910634995
3,73203,50,5,0,err2,0.05,0.06,ae_27:8:0:44:00,mtl_27:8:1:41:54.json,0.1558044285580516,0.5003170485496521,0.7447264979048632,0.5072339274501428,0.04836544767022133,0.1088017001748085
4,73204,50,5,0,err2,0.05,0.06,ae_27:8:0:44:00,mtl_27:8:1:41:54.json,0.1558044285580516,0.5229962691068649,0.7698328289017081,0.5371241521621123,0.04585684463381767,0.10704787075519562
5,73205,50,5,0,err2,0.05,0.06,ae_27:8:0:44:00,mtl_27:8:1:41:54.json,0.1558044285580516,0.48252973580360414,0.7080261202184484,0.4236582593549974,0.050578631460666656,0.11462890356779099
6,73206,50,5,0,err2,0.05,0.06,ae_27:8:0:44:00,mtl_27:8:1:41:54.json,0.1558044285580516,0.5035910741090774,0.7162557863285766,0.42288692556368185,0.05042741075158119,0.11809220910072327
7,73207,50,5,0,err2,0.05,0.06,ae_27:8:0:44:00,mtl_27:8:1:41:54.json,0.1558044285580516,0.5065835819244385,0.7312801862964406,0.447919571461156,0.04943417012691498,0.11635647714138031
8,73208,50,5,0,err2,0.05,0.06,ae_27:8:0:44:00,mtl_27:8:1:41:54.json,0.1558044285580516,0.5031134530305862,0.742424626220949,0.5385674724504351,0.048524562269449234,0.10457007586956024
9,73209,50,5,0,err2,0.05,0.06,ae_27:8:0:44:00,mtl_27:8:1:41:54.json,0.1558044285580516,0.49889643704891207,0.7280294855493121,0.49882896668836474,0.04948022589087486,0.10614828020334244
10,73210,50,5,0,err2,0.05,0.06,ae_27:8:0:44:00,mtl_27:8:1:41:54.json,0.1558044285580516,0.5066609009504318,0.7439594435915351,0.496641046885401,0.04850616306066513,0.10778356343507767
11,73211,50,5,0,err2,0.05,0.06,ae_27:8:0:44:00,mtl_27:8:1:41:54.json,0.1558044285580516,0.507015148639679,0.721020079895854,0.4857327341660857,0.051222823560237885,0.11049839854240417
0,73200,50,5,0,err2,0.05,0.07,ae_27:8:0:44:00,mtl_27:8:1:41:54.json,0.1558044285580516,0.5054952681064606,0.7456819188259542,0.4568294706828892,0.048164188861846924,0.11434676498174667
1,73201,50,5,0,err2,0.05,0.07,ae_27:8:0:44:00,mtl_27:8:1:41:54.json,0.1558044285580516,0.49793523049354554,0.7510731334513985,0.4763894422492012,0.04574558511376381,0.1100173071026802
2,73202,50,5,0,err2,0.05,0.07,ae_27:8:0:44:00,mtl_27:8:1:41:54.json,0.1558044285580516,0.5072419877052308,0.7439446806283667,0.5043531743921339,0.047589849680662155,0.10602255910634995
3,73203,50,5,0,err2,0.05,0.07,ae_27:8:0:44:00,mtl_27:8:1:41:54.json,0.1558044285580516,0.5003170485496521,0.7447264979048632,0.5072339274501428,0.04836544767022133,0.1088017001748085
4,73204,50,5,0,err2,0.05,0.07,ae_27:8:0:44:00,mtl_27:8:1:41:54.json,0.1558044285580516,0.5229962691068649,0.7698328289017081,0.5371241521621123,0.04585684463381767,0.10704787075519562
5,73205,50,5,0,err2,0.05,0.07,ae_27:8:0:44:00,mtl_27:8:1:41:54.json,0.1558044285580516,0.48252973580360414,0.7080261202184484,0.4236582593549974,0.050578631460666656,0.11462890356779099
6,73206,50,5,0,err2,0.05,0.07,ae_27:8:0:44:00,mtl_27:8:1:41:54.json,0.1558044285580516,0.5035910741090774,0.7162557863285766,0.42288692556368185,0.05042741075158119,0.11809220910072327
7,73207,50,5,0,err2,0.05,0.07,ae_27:8:0:44:00,mtl_27:8:1:41:54.json,0.1558044285580516,0.5065835819244385,0.7312801862964406,0.447919571461156,0.04943417012691498,0.11635647714138031
8,73208,50,5,0,err2,0.05,0.07,ae_27:8:0:44:00,mtl_27:8:1:41:54.json,0.1558044285580516,0.5031134530305862,0.742424626220949,0.5385674724504351,0.048524562269449234,0.10457007586956024
9,73209,50,5,0,err2,0.05,0.07,ae_27:8:0:44:00,mtl_27:8:1:41:54.json,0.1558044285580516,0.49889643704891207,0.7280294855493121,0.49882896668836474,0.04948022589087486,0.10614828020334244
10,73210,50,5,0,err2,0.05,0.07,ae_27:8:0:44:00,mtl_27:8:1:41:54.json,0.1558044285580516,0.5066609009504318,0.7439594435915351,0.496641046885401,0.04850616306066513,0.10778356343507767
11,73211,50,5,0,err2,0.05,0.07,ae_27:8:0:44:00,mtl_27:8:1:41:54.json,0.1558044285580516,0.507015148639679,0.721020079895854,0.4857327341660857,0.051222823560237885,0.11049839854240417
0,73200,50,5,0,err2,0.05,0.08,ae_27:8:0:44:00,mtl_27:8:1:41:54.json,0.1558044285580516,0.3633270298242569,0.5479953556675464,0.3774749803636223,0.08297758549451828,0.12622062861919403
1,73201,50,5,0,err2,0.05,0.08,ae_27:8:0:44:00,mtl_27:8:1:41:54.json,0.1558044285580516,0.3519136457443237,0.5533935798858293,0.3713201357005164,0.07947013527154922,0.12123125046491623
2,73202,50,5,0,err2,0.05,0.08,ae_27:8:0:44:00,mtl_27:8:1:41:54.json,0.1558044285580516,0.36032265681028364,0.559897619090043,0.4084283123798668,0.0788152813911438,0.11897172778844833
3,73203,50,5,0,err2,0.05,0.08,ae_27:8:0:44:00,mtl_27:8:1:41:54.json,0.1558044285580516,0.35642273741960523,0.5443790754838846,0.3846322345798835,0.0818374902009964,0.1231418326497078
4,73204,50,5,0,err2,0.05,0.08,ae_27:8:0:44:00,mtl_27:8:1:41:54.json,0.1558044285580516,0.377328363776207,0.5690294608380646,0.42323357427865266,0.07902880758047104,0.1210029125213623
5,73205,50,5,0,err2,0.05,0.08,ae_27:8:0:44:00,mtl_27:8:1:41:54.json,0.1558044285580516,0.33937298619747164,0.5192751503190957,0.3517976634227671,0.08221708983182907,0.12370142340660095
6,73206,50,5,0,err2,0.05,0.08,ae_27:8:0:44:00,mtl_27:8:1:41:54.json,0.1558044285580516,0.3581214367747307,0.5351253770438489,0.3457040693182498,0.08104562759399414,0.1271149069070816
7,73207,50,5,0,err2,0.05,0.08,ae_27:8:0:44:00,mtl_27:8:1:41:54.json,0.1558044285580516,0.364778114259243,0.5500647719963454,0.3687218350144103,0.08130006492137909,0.12641149759292603
8,73208,50,5,0,err2,0.05,0.08,ae_27:8:0:44:00,mtl_27:8:1:41:54.json,0.1558044285580516,0.3574846093058586,0.549041002240614,0.39963629297167064,0.08204557746648788,0.1204662024974823
9,73209,50,5,0,err2,0.05,0.08,ae_27:8:0:44:00,mtl_27:8:1:41:54.json,0.1558044285580516,0.3465285856127739,0.5185585200679489,0.3956734167886898,0.08432555943727493,0.11890984326601028
10,73210,50,5,0,err2,0.05,0.08,ae_27:8:0:44:00,mtl_27:8:1:41:54.json,0.1558044285580516,0.3622145414352417,0.5609118815525435,0.39607450806349515,0.08101476728916168,0.12065976858139038
11,73211,50,5,0,err2,0.05,0.08,ae_27:8:0:44:00,mtl_27:8:1:41:54.json,0.1558044285580516,0.35602020227909087,0.5299857573481277,0.3799974988661706,0.08580678701400757,0.12402752041816711
0,73200,50,5,0,err2,0.05,0.09,ae_27:8:0:44:00,mtl_27:8:1:41:54.json,0.1558044285580516,0.3633270298242569,0.5479953556675464,0.3774749803636223,0.08297758549451828,0.12622062861919403
1,73201,50,5,0,err2,0.05,0.09,ae_27:8:0:44:00,mtl_27:8:1:41:54.json,0.1558044285580516,0.3519136457443237,0.5533935798858293,0.3713201357005164,0.07947013527154922,0.12123125046491623
2,73202,50,5,0,err2,0.05,0.09,ae_27:8:0:44:00,mtl_27:8:1:41:54.json,0.1558044285580516,0.36032265681028364,0.559897619090043,0.4084283123798668,0.0788152813911438,0.11897172778844833
3,73203,50,5,0,err2,0.05,0.09,ae_27:8:0:44:00,mtl_27:8:1:41:54.json,0.1558044285580516,0.35642273741960523,0.5443790754838846,0.3846322345798835,0.0818374902009964,0.1231418326497078
4,73204,50,5,0,err2,0.05,0.09,ae_27:8:0:44:00,mtl_27:8:1:41:54.json,0.1558044285580516,0.377328363776207,0.5690294608380646,0.42323357427865266,0.07902880758047104,0.1210029125213623
5,73205,50,5,0,err2,0.05,0.09,ae_27:8:0:44:00,mtl_27:8:1:41:54.json,0.1558044285580516,0.33937298619747164,0.5192751503190957,0.3517976634227671,0.08221708983182907,0.12370142340660095
6,73206,50,5,0,err2,0.05,0.09,ae_27:8:0:44:00,mtl_27:8:1:41:54.json,0.1558044285580516,0.3581214367747307,0.5351253770438489,0.3457040693182498,0.08104562759399414,0.1271149069070816
7,73207,50,5,0,err2,0.05,0.09,ae_27:8:0:44:00,mtl_27:8:1:41:54.json,0.1558044285580516,0.364778114259243,0.5500647719963454,0.3687218350144103,0.08130006492137909,0.12641149759292603
8,73208,50,5,0,err2,0.05,0.09,ae_27:8:0:44:00,mtl_27:8:1:41:54.json,0.1558044285580516,0.3574846093058586,0.549041002240614,0.39963629297167064,0.08204557746648788,0.1204662024974823
9,73209,50,5,0,err2,0.05,0.09,ae_27:8:0:44:00,mtl_27:8:1:41:54.json,0.1558044285580516,0.3465285856127739,0.5185585200679489,0.3956734167886898,0.08432555943727493,0.11890984326601028
10,73210,50,5,0,err2,0.05,0.09,ae_27:8:0:44:00,mtl_27:8:1:41:54.json,0.1558044285580516,0.3622145414352417,0.5609118815525435,0.39607450806349515,0.08101476728916168,0.12065976858139038
11,73211,50,5,0,err2,0.05,0.09,ae_27:8:0:44:00,mtl_27:8:1:41:54.json,0.1558044285580516,0.35602020227909087,0.5299857573481277,0.3799974988661706,0.08580678701400757,0.12402752041816711
0,73200,50,5,0,err2,0.05,0.1,ae_27:8:0:44:00,mtl_27:8:1:41:54.json,0.1558044285580516,0.2541587815284729,0.37885251503670586,0.3128075569979846,0.11603103578090668,0.1362115889787674
1,73201,50,5,0,err2,0.05,0.1,ae_27:8:0:44:00,mtl_27:8:1:41:54.json,0.1558044285580516,0.23889204955101012,0.3917308579552919,0.28590894023585134,0.10744267702102661,0.13077642023563385
2,73202,50,5,0,err2,0.05,0.1,ae_27:8:0:44:00,mtl_27:8:1:41:54.json,0.1558044285580516,0.2444033145904541,0.3896317373239435,0.30738828400243073,0.11309172213077545,0.13294784724712372
3,73203,50,5,0,err2,0.05,0.1,ae_27:8:0:44:00,mtl_27:8:1:41:54.json,0.1558044285580516,0.24952841341495513,0.3874260521158576,0.2927155020227656,0.114151231944561,0.13339336216449738
4,73204,50,5,0,err2,0.05,0.1,ae_27:8:0:44:00,mtl_27:8:1:41:54.json,0.1558044285580516,0.2596604472398758,0.3827296487079002,0.330710410437081,0.11521485447883606,0.13157512247562408
5,73205,50,5,0,err2,0.05,0.1,ae_27:8:0:44:00,mtl_27:8:1:41:54.json,0.1558044285580516,0.2322162252664566,0.3563658004119061,0.2971966383126564,0.11624529212713242,0.1307295262813568
6,73206,50,5,0,err2,0.05,0.1,ae_27:8:0:44:00,mtl_27:8:1:41:54.json,0.1558044285580516,0.24765178894996642,0.36179422797984445,0.2902799719092436,0.11668350547552109,0.13579292595386505
7,73207,50,5,0,err2,0.05,0.1,ae_27:8:0:44:00,mtl_27:8:1:41:54.json,0.1558044285580516,0.25397263514995577,0.37493262165505437,0.30068745612632486,0.11590491235256195,0.13556385040283203
8,73208,50,5,0,err2,0.05,0.1,ae_27:8:0:44:00,mtl_27:8:1:41:54.json,0.1558044285580516,0.24185575282573699,0.3710916624063393,0.30398156298254614,0.11679010093212128,0.13174760341644287
9,73209,50,5,0,err2,0.05,0.1,ae_27:8:0:44:00,mtl_27:8:1:41:54.json,0.1558044285580516,0.2401607257127762,0.3483328826366924,0.3139734453270212,0.11823030561208725,0.1293080598115921
10,73210,50,5,0,err2,0.05,0.1,ae_27:8:0:44:00,mtl_27:8:1:41:54.json,0.1558044285580516,0.2477681714296341,0.3706099118893035,0.3059406001535244,0.11682475358247757,0.13340209424495697
11,73211,50,5,0,err2,0.05,0.1,ae_27:8:0:44:00,mtl_27:8:1:41:54.json,0.1558044285580516,0.24902524745464324,0.37880111558549107,0.316271435378585,0.11510030925273895,0.13335859775543213
0,73200,50,5,0,btsp,0.05,0.0,ae_27:8:0:44:00,mtl_27:8:1:43:5.json,0.12762678746283054,0.9999999973773956,0.9376953797340393,0.7746084628105163,0.014300190843641758,0.07666528224945068
1,73201,50,5,0,btsp,0.05,0.0,ae_27:8:0:44:00,mtl_27:8:1:43:5.json,0.12762678746283054,1.0000000007152556,0.9390943274497986,0.7931652126386761,0.013587468303740025,0.04955415055155754
2,73202,50,5,0,btsp,0.05,0.0,ae_27:8:0:44:00,mtl_27:8:1:43:5.json,0.12762678746283054,0.9999999949932098,0.9391458902359009,0.802082750082016,0.013701464049518108,0.057184454053640366
3,73203,50,5,0,btsp,0.05,0.0,ae_27:8:0:44:00,mtl_27:8:1:43:5.json,0.12762678746283054,1.0000000014305115,0.9393156759738922,0.7591811678409577,0.013907741755247116,0.07089932262897491
4,73204,50,5,0,btsp,0.05,0.0,ae_27:8:0:44:00,mtl_27:8:1:43:5.json,0.12762678746283054,0.9999999985694885,0.9405884408950805,0.8264303994551301,0.013769521377980709,0.04883211851119995
5,73205,50,5,0,btsp,0.05,0.0,ae_27:8:0:44:00,mtl_27:8:1:43:5.json,0.12762678746283054,1.0000000011920929,0.9344871628284455,0.8121509939776733,0.01430534292012453,0.04509435594081879
6,73206,50,5,0,btsp,0.05,0.0,ae_27:8:0:44:00,mtl_27:8:1:43:5.json,0.12762678746283054,0.9999999990463256,0.9400948741436005,0.7680393540374935,0.013715246692299843,0.07706492394208908
7,73207,50,5,0,btsp,0.05,0.0,ae_27:8:0:44:00,mtl_27:8:1:43:5.json,0.12762678746283054,0.9999999976158143,0.9373928599357605,0.8159099020063877,0.01449504029005766,0.048671189695596695
8,73208,50,5,0,btsp,0.05,0.0,ae_27:8:0:44:00,mtl_27:8:1:43:5.json,0.12762678746283054,1.000000002861023,0.9379988858699798,0.7899925753530115,0.013796797953546047,0.06620965152978897
9,73209,50,5,0,btsp,0.05,0.0,ae_27:8:0:44:00,mtl_27:8:1:43:5.json,0.12762678746283054,1.0000000009536743,0.9342276797294616,0.7722016254812479,0.014994381926953793,0.06591074913740158
10,73210,50,5,0,btsp,0.05,0.0,ae_27:8:0:44:00,mtl_27:8:1:43:5.json,0.12762678746283054,0.9999999949932098,0.9381125569343567,0.8067527689719572,0.01373706292361021,0.04772011563181877
11,73211,50,5,0,btsp,0.05,0.0,ae_27:8:0:44:00,mtl_27:8:1:43:5.json,0.12762678746283054,0.9999999973773956,0.9346639628410339,0.7805877663828432,0.014868964441120625,0.07173874974250793
0,73200,50,5,0,btsp,0.05,0.01,ae_27:8:0:44:00,mtl_27:8:1:43:5.json,0.12762678746283054,0.9999999973773956,0.9376953797340393,0.7746084628105163,0.014300190843641758,0.07666528224945068
1,73201,50,5,0,btsp,0.05,0.01,ae_27:8:0:44:00,mtl_27:8:1:43:5.json,0.12762678746283054,1.0000000007152556,0.9390943274497986,0.7931652126386761,0.013587468303740025,0.04955415055155754
2,73202,50,5,0,btsp,0.05,0.01,ae_27:8:0:44:00,mtl_27:8:1:43:5.json,0.12762678746283054,0.9999999949932098,0.9391458902359009,0.802082750082016,0.013701464049518108,0.057184454053640366
3,73203,50,5,0,btsp,0.05,0.01,ae_27:8:0:44:00,mtl_27:8:1:43:5.json,0.12762678746283054,1.0000000014305115,0.9393156759738922,0.7591811678409577,0.013907741755247116,0.07089932262897491
4,73204,50,5,0,btsp,0.05,0.01,ae_27:8:0:44:00,mtl_27:8:1:43:5.json,0.12762678746283054,0.9999999985694885,0.9405884408950805,0.8264303994551301,0.013769521377980709,0.04883211851119995
5,73205,50,5,0,btsp,0.05,0.01,ae_27:8:0:44:00,mtl_27:8:1:43:5.json,0.12762678746283054,1.0000000011920929,0.9344871628284455,0.8121509939776733,0.01430534292012453,0.04509435594081879
6,73206,50,5,0,btsp,0.05,0.01,ae_27:8:0:44:00,mtl_27:8:1:43:5.json,0.12762678746283054,0.9999999990463256,0.9400948741436005,0.7680393540374935,0.013715246692299843,0.07706492394208908
7,73207,50,5,0,btsp,0.05,0.01,ae_27:8:0:44:00,mtl_27:8:1:43:5.json,0.12762678746283054,0.9999999976158143,0.9373928599357605,0.8159099020063877,0.01449504029005766,0.048671189695596695
8,73208,50,5,0,btsp,0.05,0.01,ae_27:8:0:44:00,mtl_27:8:1:43:5.json,0.12762678746283054,1.000000002861023,0.9379988858699798,0.7899925753530115,0.013796797953546047,0.06620965152978897
9,73209,50,5,0,btsp,0.05,0.01,ae_27:8:0:44:00,mtl_27:8:1:43:5.json,0.12762678746283054,1.0000000009536743,0.9342276797294616,0.7722016254812479,0.014994381926953793,0.06591074913740158
10,73210,50,5,0,btsp,0.05,0.01,ae_27:8:0:44:00,mtl_27:8:1:43:5.json,0.12762678746283054,0.9999999949932098,0.9381125569343567,0.8067527689719572,0.01373706292361021,0.04772011563181877
11,73211,50,5,0,btsp,0.05,0.01,ae_27:8:0:44:00,mtl_27:8:1:43:5.json,0.12762678746283054,0.9999999973773956,0.9346639628410339,0.7805877663828432,0.014868964441120625,0.07173874974250793
0,73200,50,5,0,btsp,0.05,0.02,ae_27:8:0:44:00,mtl_27:8:1:43:5.json,0.12762678746283054,0.8351650767326355,0.9263617913722992,0.6920772681236267,0.017345985397696495,0.09423862397670746
1,73201,50,5,0,btsp,0.05,0.02,ae_27:8:0:44:00,mtl_27:8:1:43:5.json,0.12762678746283054,0.8293117349147796,0.9208288474082946,0.7321192503646016,0.017014333978295326,0.06270226836204529
2,73202,50,5,0,btsp,0.05,0.02,ae_27:8:0:44:00,mtl_27:8:1:43:5.json,0.12762678746283054,0.8357473161220551,0.9196192457675934,0.747654532790184,0.01810014434158802,0.07434716075658798
3,73203,50,5,0,btsp,0.05,0.02,ae_27:8:0:44:00,mtl_27:8:1:43:5.json,0.12762678746283054,0.832772340297699,0.9255391731262207,0.7110631618350745,0.01717514917254448,0.08328573405742645
4,73204,50,5,0,btsp,0.05,0.02,ae_27:8:0:44:00,mtl_27:8:1:43:5.json,0.12762678746283054,0.8403320777416229,0.9212217183113098,0.6901768254041671,0.018441129475831985,0.10129714757204056
5,73205,50,5,0,btsp,0.05,0.02,ae_27:8:0:44:00,mtl_27:8:1:43:5.json,0.12762678746283054,0.8255099041461944,0.9201122620105744,0.6917885676035658,0.017198825255036354,0.0643903911113739
6,73206,50,5,0,btsp,0.05,0.02,ae_27:8:0:44:00,mtl_27:8:1:43:5.json,0.12762678746283054,0.8338636815547943,0.9273111457824708,0.689332929007709,0.016852719709277153,0.09491882473230362
7,73207,50,5,0,btsp,0.05,0.02,ae_27:8:0:44:00,mtl_27:8:1:43:5.json,0.12762678746283054,0.8348611834049224,0.9169955945014954,0.6968947341069579,0.019229719415307045,0.07608303427696228
8,73208,50,5,0,btsp,0.05,0.02,ae_27:8:0:44:00,mtl_27:8:1:43:5.json,0.12762678746283054,0.8330378119945526,0.9183105063438416,0.7406597650581971,0.01808999851346016,0.07303155958652496
9,73209,50,5,0,btsp,0.05,0.02,ae_27:8:0:44:00,mtl_27:8:1:43:5.json,0.12762678746283054,0.8322988021373748,0.9177957620620728,0.7157853049635887,0.018919099122285843,0.08570505678653717
10,73210,50,5,0,btsp,0.05,0.02,ae_27:8:0:44:00,mtl_27:8:1:43:5.json,0.12762678746283054,0.8328869533538819,0.9256440720558167,0.7499253779379651,0.016495730727910995,0.061563897877931595
11,73211,50,5,0,btsp,0.05,0.02,ae_27:8:0:44:00,mtl_27:8:1:43:5.json,0.12762678746283054,0.8350050375461578,0.9176417956352234,0.6643356879698112,0.018567819148302078,0.11641017347574234
0,73200,50,5,0,btsp,0.05,0.03,ae_27:8:0:44:00,mtl_27:8:1:43:5.json,0.12762678746283054,0.8351650767326355,0.9263617913722992,0.6920772681236267,0.017345985397696495,0.09423862397670746
1,73201,50,5,0,btsp,0.05,0.03,ae_27:8:0:44:00,mtl_27:8:1:43:5.json,0.12762678746283054,0.8293117349147796,0.9208288474082946,0.7321192503646016,0.017014333978295326,0.06270226836204529
2,73202,50,5,0,btsp,0.05,0.03,ae_27:8:0:44:00,mtl_27:8:1:43:5.json,0.12762678746283054,0.8357473161220551,0.9196192457675934,0.747654532790184,0.01810014434158802,0.07434716075658798
3,73203,50,5,0,btsp,0.05,0.03,ae_27:8:0:44:00,mtl_27:8:1:43:5.json,0.12762678746283054,0.832772340297699,0.9255391731262207,0.7110631618350745,0.01717514917254448,0.08328573405742645
4,73204,50,5,0,btsp,0.05,0.03,ae_27:8:0:44:00,mtl_27:8:1:43:5.json,0.12762678746283054,0.8403320777416229,0.9212217183113098,0.6901768254041671,0.018441129475831985,0.10129714757204056
5,73205,50,5,0,btsp,0.05,0.03,ae_27:8:0:44:00,mtl_27:8:1:43:5.json,0.12762678746283054,0.8255099041461944,0.9201122620105744,0.6917885676035658,0.017198825255036354,0.0643903911113739
6,73206,50,5,0,btsp,0.05,0.03,ae_27:8:0:44:00,mtl_27:8:1:43:5.json,0.12762678746283054,0.8338636815547943,0.9273111457824708,0.689332929007709,0.016852719709277153,0.09491882473230362
7,73207,50,5,0,btsp,0.05,0.03,ae_27:8:0:44:00,mtl_27:8:1:43:5.json,0.12762678746283054,0.8348611834049224,0.9169955945014954,0.6968947341069579,0.019229719415307045,0.07608303427696228
8,73208,50,5,0,btsp,0.05,0.03,ae_27:8:0:44:00,mtl_27:8:1:43:5.json,0.12762678746283054,0.8330378119945526,0.9183105063438416,0.7406597650581971,0.01808999851346016,0.07303155958652496
9,73209,50,5,0,btsp,0.05,0.03,ae_27:8:0:44:00,mtl_27:8:1:43:5.json,0.12762678746283054,0.8322988021373748,0.9177957620620728,0.7157853049635887,0.018919099122285843,0.08570505678653717
10,73210,50,5,0,btsp,0.05,0.03,ae_27:8:0:44:00,mtl_27:8:1:43:5.json,0.12762678746283054,0.8328869533538819,0.9256440720558167,0.7499253779379651,0.016495730727910995,0.061563897877931595
11,73211,50,5,0,btsp,0.05,0.03,ae_27:8:0:44:00,mtl_27:8:1:43:5.json,0.12762678746283054,0.8350050375461578,0.9176417956352234,0.6643356879698112,0.018567819148302078,0.11641017347574234
0,73200,50,5,0,btsp,0.05,0.04,ae_27:8:0:44:00,mtl_27:8:1:43:5.json,0.12762678746283054,0.6703301824331284,0.8727482383549213,0.5675686525702477,0.026326457038521767,0.12720036506652832
1,73201,50,5,0,btsp,0.05,0.04,ae_27:8:0:44:00,mtl_27:8:1:43:5.json,0.12762678746283054,0.6586234921216965,0.868478774513118,0.619810534324497,0.025379467755556107,0.08435432612895966
2,73202,50,5,0,btsp,0.05,0.04,ae_27:8:0:44:00,mtl_27:8:1:43:5.json,0.12762678746283054,0.6714946626424789,0.8787475371062755,0.6185971019566059,0.02569972164928913,0.11215442419052124
3,73203,50,5,0,btsp,0.05,0.04,ae_27:8:0:44:00,mtl_27:8:1:43:5.json,0.12762678746283054,0.6655447037220001,0.8788004729580134,0.5697958571091294,0.026029197499155998,0.12054392695426941
4,73204,50,5,0,btsp,0.05,0.04,ae_27:8:0:44:00,mtl_27:8:1:43:5.json,0.12762678746283054,0.6806641825437546,0.87506227106601,0.5746841310011223,0.027496976777911186,0.13624104857444763
5,73205,50,5,0,btsp,0.05,0.04,ae_27:8:0:44:00,mtl_27:8:1:43:5.json,0.12762678746283054,0.6510198291540146,0.8689572042562067,0.56327588101523,0.02573123760521412,0.09324250370264053
6,73206,50,5,0,btsp,0.05,0.04,ae_27:8:0:44:00,mtl_27:8:1:43:5.json,0.12762678746283054,0.667727386713028,0.8714428533762694,0.5729598883874715,0.02680305391550064,0.1306414008140564
7,73207,50,5,0,btsp,0.05,0.04,ae_27:8:0:44:00,mtl_27:8:1:43:5.json,0.12762678746283054,0.6697223908901214,0.8614190309941768,0.5740770338512957,0.028734805062413216,0.10275904089212418
8,73208,50,5,0,btsp,0.05,0.04,ae_27:8:0:44:00,mtl_27:8:1:43:5.json,0.12762678746283054,0.6660756427049637,0.869594427190721,0.6270532780466601,0.027017204090952873,0.10215488076210022
9,73209,50,5,0,btsp,0.05,0.04,ae_27:8:0:44:00,mtl_27:8:1:43:5.json,0.12762678746283054,0.6645976281166077,0.8637750756926834,0.5998447975106538,0.027767209336161613,0.11230403929948807
10,73210,50,5,0,btsp,0.05,0.04,ae_27:8:0:44:00,mtl_27:8:1:43:5.json,0.12762678746283054,0.6657739380598068,0.8654129327321425,0.6472958507463336,0.026494281366467476,0.08533496409654617
11,73211,50,5,0,btsp,0.05,0.04,ae_27:8:0:44:00,mtl_27:8:1:43:5.json,0.12762678746283054,0.6700101019144058,0.8615797206107527,0.5371288594081998,0.028585586696863174,0.15087108314037323
0,73200,50,5,0,btsp,0.05,0.05,ae_27:8:0:44:00,mtl_27:8:1:43:5.json,0.12762678746283054,0.6703301824331284,0.8727482383549213,0.5675686525702477,0.026326457038521767,0.12720036506652832
1,73201,50,5,0,btsp,0.05,0.05,ae_27:8:0:44:00,mtl_27:8:1:43:5.json,0.12762678746283054,0.6586234921216965,0.868478774513118,0.619810534324497,0.025379467755556107,0.08435432612895966
2,73202,50,5,0,btsp,0.05,0.05,ae_27:8:0:44:00,mtl_27:8:1:43:5.json,0.12762678746283054,0.6714946626424789,0.8787475371062755,0.6185971019566059,0.02569972164928913,0.11215442419052124
3,73203,50,5,0,btsp,0.05,0.05,ae_27:8:0:44:00,mtl_27:8:1:43:5.json,0.12762678746283054,0.6655447037220001,0.8788004729580134,0.5697958571091294,0.026029197499155998,0.12054392695426941
4,73204,50,5,0,btsp,0.05,0.05,ae_27:8:0:44:00,mtl_27:8:1:43:5.json,0.12762678746283054,0.6806641825437546,0.87506227106601,0.5746841310011223,0.027496976777911186,0.13624104857444763
5,73205,50,5,0,btsp,0.05,0.05,ae_27:8:0:44:00,mtl_27:8:1:43:5.json,0.12762678746283054,0.6510198291540146,0.8689572042562067,0.56327588101523,0.02573123760521412,0.09324250370264053
6,73206,50,5,0,btsp,0.05,0.05,ae_27:8:0:44:00,mtl_27:8:1:43:5.json,0.12762678746283054,0.667727386713028,0.8714428533762694,0.5729598883874715,0.02680305391550064,0.1306414008140564
7,73207,50,5,0,btsp,0.05,0.05,ae_27:8:0:44:00,mtl_27:8:1:43:5.json,0.12762678746283054,0.6697223908901214,0.8614190309941768,0.5740770338512957,0.028734805062413216,0.10275904089212418
8,73208,50,5,0,btsp,0.05,0.05,ae_27:8:0:44:00,mtl_27:8:1:43:5.json,0.12762678746283054,0.6660756427049637,0.869594427190721,0.6270532780466601,0.027017204090952873,0.10215488076210022
9,73209,50,5,0,btsp,0.05,0.05,ae_27:8:0:44:00,mtl_27:8:1:43:5.json,0.12762678746283054,0.6645976281166077,0.8637750756926834,0.5998447975106538,0.027767209336161613,0.11230403929948807
10,73210,50,5,0,btsp,0.05,0.05,ae_27:8:0:44:00,mtl_27:8:1:43:5.json,0.12762678746283054,0.6657739380598068,0.8654129327321425,0.6472958507463336,0.026494281366467476,0.08533496409654617
11,73211,50,5,0,btsp,0.05,0.05,ae_27:8:0:44:00,mtl_27:8:1:43:5.json,0.12762678746283054,0.6700101019144058,0.8615797206107527,0.5371288594081998,0.028585586696863174,0.15087108314037323
0,73200,50,5,0,btsp,0.05,0.06,ae_27:8:0:44:00,mtl_27:8:1:43:5.json,0.12762678746283054,0.5054952681064606,0.7456819188259542,0.4422215699646622,0.048164188861846924,0.1688212901353836
1,73201,50,5,0,btsp,0.05,0.06,ae_27:8:0:44:00,mtl_27:8:1:43:5.json,0.12762678746283054,0.49793523049354554,0.7510731334513985,0.4924606886189431,0.04574558511376381,0.1050499901175499
2,73202,50,5,0,btsp,0.05,0.06,ae_27:8:0:44:00,mtl_27:8:1:43:5.json,0.12762678746283054,0.5072419877052308,0.7439446806283667,0.49480675856024026,0.047589849680662155,0.15138715505599976
3,73203,50,5,0,btsp,0.05,0.06,ae_27:8:0:44:00,mtl_27:8:1:43:5.json,0.12762678746283054,0.5003170485496521,0.7447264979048632,0.450299795162864,0.04836544767022133,0.1610124260187149
4,73204,50,5,0,btsp,0.05,0.06,ae_27:8:0:44:00,mtl_27:8:1:43:5.json,0.12762678746283054,0.5229962691068649,0.7698328289017081,0.4640366933541372,0.04585684463381767,0.17559343576431274
5,73205,50,5,0,btsp,0.05,0.06,ae_27:8:0:44:00,mtl_27:8:1:43:5.json,0.12762678746283054,0.48252973580360414,0.7080261202184484,0.46317810732172804,0.050578631460666656,0.12126041203737259
6,73206,50,5,0,btsp,0.05,0.06,ae_27:8:0:44:00,mtl_27:8:1:43:5.json,0.12762678746283054,0.5035910741090774,0.7162557863285766,0.4539074360448867,0.05042741075158119,0.16156083345413208
7,73207,50,5,0,btsp,0.05,0.06,ae_27:8:0:44:00,mtl_27:8:1:43:5.json,0.12762678746283054,0.5065835819244385,0.7312801862964406,0.4554626364177093,0.04943417012691498,0.1357080340385437
8,73208,50,5,0,btsp,0.05,0.06,ae_27:8:0:44:00,mtl_27:8:1:43:5.json,0.12762678746283054,0.5031134530305862,0.742424626220949,0.4925212182672694,0.048524562269449234,0.13478435575962067
9,73209,50,5,0,btsp,0.05,0.06,ae_27:8:0:44:00,mtl_27:8:1:43:5.json,0.12762678746283054,0.49889643704891207,0.7280294855493121,0.46553110793139785,0.04948022589087486,0.14170077443122864
10,73210,50,5,0,btsp,0.05,0.06,ae_27:8:0:44:00,mtl_27:8:1:43:5.json,0.12762678746283054,0.5066609009504318,0.7439594435915351,0.5190243164887651,0.04850616306066513,0.11419031023979187
11,73211,50,5,0,btsp,0.05,0.06,ae_27:8:0:44:00,mtl_27:8:1:43:5.json,0.12762678746283054,0.507015148639679,0.721020079895854,0.43428719125129284,0.051222823560237885,0.1882418543100357
0,73200,50,5,0,btsp,0.05,0.07,ae_27:8:0:44:00,mtl_27:8:1:43:5.json,0.12762678746283054,0.5054952681064606,0.7456819188259542,0.4422215699646622,0.048164188861846924,0.1688212901353836
1,73201,50,5,0,btsp,0.05,0.07,ae_27:8:0:44:00,mtl_27:8:1:43:5.json,0.12762678746283054,0.49793523049354554,0.7510731334513985,0.4924606886189431,0.04574558511376381,0.1050499901175499
2,73202,50,5,0,btsp,0.05,0.07,ae_27:8:0:44:00,mtl_27:8:1:43:5.json,0.12762678746283054,0.5072419877052308,0.7439446806283667,0.49480675856024026,0.047589849680662155,0.15138715505599976
3,73203,50,5,0,btsp,0.05,0.07,ae_27:8:0:44:00,mtl_27:8:1:43:5.json,0.12762678746283054,0.5003170485496521,0.7447264979048632,0.450299795162864,0.04836544767022133,0.1610124260187149
4,73204,50,5,0,btsp,0.05,0.07,ae_27:8:0:44:00,mtl_27:8:1:43:5.json,0.12762678746283054,0.5229962691068649,0.7698328289017081,0.4640366933541372,0.04585684463381767,0.17559343576431274
5,73205,50,5,0,btsp,0.05,0.07,ae_27:8:0:44:00,mtl_27:8:1:43:5.json,0.12762678746283054,0.48252973580360414,0.7080261202184484,0.46317810732172804,0.050578631460666656,0.12126041203737259
6,73206,50,5,0,btsp,0.05,0.07,ae_27:8:0:44:00,mtl_27:8:1:43:5.json,0.12762678746283054,0.5035910741090774,0.7162557863285766,0.4539074360448867,0.05042741075158119,0.16156083345413208
7,73207,50,5,0,btsp,0.05,0.07,ae_27:8:0:44:00,mtl_27:8:1:43:5.json,0.12762678746283054,0.5065835819244385,0.7312801862964406,0.4554626364177093,0.04943417012691498,0.1357080340385437
8,73208,50,5,0,btsp,0.05,0.07,ae_27:8:0:44:00,mtl_27:8:1:43:5.json,0.12762678746283054,0.5031134530305862,0.742424626220949,0.4925212182672694,0.048524562269449234,0.13478435575962067
9,73209,50,5,0,btsp,0.05,0.07,ae_27:8:0:44:00,mtl_27:8:1:43:5.json,0.12762678746283054,0.49889643704891207,0.7280294855493121,0.46553110793139785,0.04948022589087486,0.14170077443122864
10,73210,50,5,0,btsp,0.05,0.07,ae_27:8:0:44:00,mtl_27:8:1:43:5.json,0.12762678746283054,0.5066609009504318,0.7439594435915351,0.5190243164887651,0.04850616306066513,0.11419031023979187
11,73211,50,5,0,btsp,0.05,0.07,ae_27:8:0:44:00,mtl_27:8:1:43:5.json,0.12762678746283054,0.507015148639679,0.721020079895854,0.43428719125129284,0.051222823560237885,0.1882418543100357
0,73200,50,5,0,btsp,0.05,0.08,ae_27:8:0:44:00,mtl_27:8:1:43:5.json,0.12762678746283054,0.3633270298242569,0.5479953556675464,0.3733912368007004,0.08297758549451828,0.20148439705371857
1,73201,50,5,0,btsp,0.05,0.08,ae_27:8:0:44:00,mtl_27:8:1:43:5.json,0.12762678746283054,0.3519136457443237,0.5533935798858293,0.38982586217299103,0.07947013527154922,0.1240992397069931
2,73202,50,5,0,btsp,0.05,0.08,ae_27:8:0:44:00,mtl_27:8:1:43:5.json,0.12762678746283054,0.36032265681028364,0.559897619090043,0.39035246190987527,0.0788152813911438,0.19279561936855316
3,73203,50,5,0,btsp,0.05,0.08,ae_27:8:0:44:00,mtl_27:8:1:43:5.json,0.12762678746283054,0.35642273741960523,0.5443790754838846,0.37408124416321514,0.0818374902009964,0.19144339859485626
4,73204,50,5,0,btsp,0.05,0.08,ae_27:8:0:44:00,mtl_27:8:1:43:5.json,0.12762678746283054,0.377328363776207,0.5690294608380646,0.3689501144820824,0.07902880758047104,0.21519656479358673
5,73205,50,5,0,btsp,0.05,0.08,ae_27:8:0:44:00,mtl_27:8:1:43:5.json,0.12762678746283054,0.33937298619747164,0.5192751503190957,0.3785041398261674,0.08221708983182907,0.1486930400133133
6,73206,50,5,0,btsp,0.05,0.08,ae_27:8:0:44:00,mtl_27:8:1:43:5.json,0.12762678746283054,0.3581214367747307,0.5351253770438489,0.3617393262796104,0.08104562759399414,0.20356184244155884
7,73207,50,5,0,btsp,0.05,0.08,ae_27:8:0:44:00,mtl_27:8:1:43:5.json,0.12762678746283054,0.364778114259243,0.5500647719963454,0.37974124700017275,0.08130006492137909,0.16239409148693085
8,73208,50,5,0,btsp,0.05,0.08,ae_27:8:0:44:00,mtl_27:8:1:43:5.json,0.12762678746283054,0.3574846093058586,0.549041002240614,0.39898370812647044,0.08204557746648788,0.16910143196582794
9,73209,50,5,0,btsp,0.05,0.08,ae_27:8:0:44:00,mtl_27:8:1:43:5.json,0.12762678746283054,0.3465285856127739,0.5185585200679489,0.3595221202624962,0.08432555943727493,0.1758614033460617
10,73210,50,5,0,btsp,0.05,0.08,ae_27:8:0:44:00,mtl_27:8:1:43:5.json,0.12762678746283054,0.3622145414352417,0.5609118815525435,0.41247322214301674,0.08101476728916168,0.14502647519111633
11,73211,50,5,0,btsp,0.05,0.08,ae_27:8:0:44:00,mtl_27:8:1:43:5.json,0.12762678746283054,0.35602020227909087,0.5299857573481277,0.355318761093542,0.08580678701400757,0.2266063690185547
0,73200,50,5,0,btsp,0.05,0.09,ae_27:8:0:44:00,mtl_27:8:1:43:5.json,0.12762678746283054,0.3633270298242569,0.5479953556675464,0.3733912368007004,0.08297758549451828,0.20148439705371857
1,73201,50,5,0,btsp,0.05,0.09,ae_27:8:0:44:00,mtl_27:8:1:43:5.json,0.12762678746283054,0.3519136457443237,0.5533935798858293,0.38982586217299103,0.07947013527154922,0.1240992397069931
2,73202,50,5,0,btsp,0.05,0.09,ae_27:8:0:44:00,mtl_27:8:1:43:5.json,0.12762678746283054,0.36032265681028364,0.559897619090043,0.39035246190987527,0.0788152813911438,0.19279561936855316
3,73203,50,5,0,btsp,0.05,0.09,ae_27:8:0:44:00,mtl_27:8:1:43:5.json,0.12762678746283054,0.35642273741960523,0.5443790754838846,0.37408124416321514,0.0818374902009964,0.19144339859485626
4,73204,50,5,0,btsp,0.05,0.09,ae_27:8:0:44:00,mtl_27:8:1:43:5.json,0.12762678746283054,0.377328363776207,0.5690294608380646,0.3689501144820824,0.07902880758047104,0.21519656479358673
5,73205,50,5,0,btsp,0.05,0.09,ae_27:8:0:44:00,mtl_27:8:1:43:5.json,0.12762678746283054,0.33937298619747164,0.5192751503190957,0.3785041398261674,0.08221708983182907,0.1486930400133133
6,73206,50,5,0,btsp,0.05,0.09,ae_27:8:0:44:00,mtl_27:8:1:43:5.json,0.12762678746283054,0.3581214367747307,0.5351253770438489,0.3617393262796104,0.08104562759399414,0.20356184244155884
7,73207,50,5,0,btsp,0.05,0.09,ae_27:8:0:44:00,mtl_27:8:1:43:5.json,0.12762678746283054,0.364778114259243,0.5500647719963454,0.37974124700017275,0.08130006492137909,0.16239409148693085
8,73208,50,5,0,btsp,0.05,0.09,ae_27:8:0:44:00,mtl_27:8:1:43:5.json,0.12762678746283054,0.3574846093058586,0.549041002240614,0.39898370812647044,0.08204557746648788,0.16910143196582794
9,73209,50,5,0,btsp,0.05,0.09,ae_27:8:0:44:00,mtl_27:8:1:43:5.json,0.12762678746283054,0.3465285856127739,0.5185585200679489,0.3595221202624962,0.08432555943727493,0.1758614033460617
10,73210,50,5,0,btsp,0.05,0.09,ae_27:8:0:44:00,mtl_27:8:1:43:5.json,0.12762678746283054,0.3622145414352417,0.5609118815525435,0.41247322214301674,0.08101476728916168,0.14502647519111633
11,73211,50,5,0,btsp,0.05,0.09,ae_27:8:0:44:00,mtl_27:8:1:43:5.json,0.12762678746283054,0.35602020227909087,0.5299857573481277,0.355318761093542,0.08580678701400757,0.2266063690185547
0,73200,50,5,0,btsp,0.05,0.1,ae_27:8:0:44:00,mtl_27:8:1:43:5.json,0.12762678746283054,0.2541587815284729,0.37885251503670586,0.31216609248053284,0.11603103578090668,0.23336941003799438
1,73201,50,5,0,btsp,0.05,0.1,ae_27:8:0:44:00,mtl_27:8:1:43:5.json,0.12762678746283054,0.23889204955101012,0.3917308579552919,0.3211335535729304,0.10744267702102661,0.14231693744659424
2,73202,50,5,0,btsp,0.05,0.1,ae_27:8:0:44:00,mtl_27:8:1:43:5.json,0.12762678746283054,0.2444033145904541,0.3896317373239435,0.31663326661102476,0.11309172213077545,0.22770538926124573
3,73203,50,5,0,btsp,0.05,0.1,ae_27:8:0:44:00,mtl_27:8:1:43:5.json,0.12762678746283054,0.24952841341495513,0.3874260521158576,0.3237225320935249,0.114151231944561,0.21219219267368317
4,73204,50,5,0,btsp,0.05,0.1,ae_27:8:0:44:00,mtl_27:8:1:43:5.json,0.12762678746283054,0.2596604472398758,0.3827296487079002,0.30929657918494197,0.11521485447883606,0.24703578650951385
5,73205,50,5,0,btsp,0.05,0.1,ae_27:8:0:44:00,mtl_27:8:1:43:5.json,0.12762678746283054,0.2322162252664566,0.3563658004119061,0.31476603612536563,0.11624529212713242,0.1693221926689148
6,73206,50,5,0,btsp,0.05,0.1,ae_27:8:0:44:00,mtl_27:8:1:43:5.json,0.12762678746283054,0.24765178894996642,0.36179422797984445,0.31059373044827954,0.11668350547552109,0.22967109084129333
7,73207,50,5,0,btsp,0.05,0.1,ae_27:8:0:44:00,mtl_27:8:1:43:5.json,0.12762678746283054,0.25397263514995577,0.37493262165505437,0.32497073797136544,0.11590491235256195,0.18943168222904205
8,73208,50,5,0,btsp,0.05,0.1,ae_27:8:0:44:00,mtl_27:8:1:43:5.json,0.12762678746283054,0.24185575282573699,0.3710916624063393,0.33219530497863886,0.11679010093212128,0.20019374787807465
9,73209,50,5,0,btsp,0.05,0.1,ae_27:8:0:44:00,mtl_27:8:1:43:5.json,0.12762678746283054,0.2401607257127762,0.3483328826366924,0.2872326113861054,0.11823030561208725,0.2037108987569809
10,73210,50,5,0,btsp,0.05,0.1,ae_27:8:0:44:00,mtl_27:8:1:43:5.json,0.12762678746283054,0.2477681714296341,0.3706099118893035,0.3344686117162928,0.11682475358247757,0.17409080266952515
11,73211,50,5,0,btsp,0.05,0.1,ae_27:8:0:44:00,mtl_27:8:1:43:5.json,0.12762678746283054,0.24902524745464324,0.37880111558549107,0.31108751128427686,0.11510030925273895,0.25718098878860474
0,73200,50,5,0,xbtsp,0.05,0.0,ae_27:8:0:44:00,mtl_27:8:1:44:28.json,0.15513209516704082,0.9999999973773956,0.9376953797340393,0.7658427215218544,0.014300190843641758,0.0638740211725235
1,73201,50,5,0,xbtsp,0.05,0.0,ae_27:8:0:44:00,mtl_27:8:1:44:28.json,0.15513209516704082,1.0000000007152556,0.9390943274497986,0.7469973127245904,0.013587468303740025,0.06431098282337189
2,73202,50,5,0,xbtsp,0.05,0.0,ae_27:8:0:44:00,mtl_27:8:1:44:28.json,0.15513209516704082,0.9999999949932098,0.9391458902359009,0.7864594350159169,0.013701464049518108,0.06052560731768608
3,73203,50,5,0,xbtsp,0.05,0.0,ae_27:8:0:44:00,mtl_27:8:1:44:28.json,0.15513209516704082,1.0000000014305115,0.9393156759738922,0.7209206330478192,0.013907741755247116,0.07555188238620758
4,73204,50,5,0,xbtsp,0.05,0.0,ae_27:8:0:44:00,mtl_27:8:1:44:28.json,0.15513209516704082,0.9999999985694885,0.9405884408950805,0.7439006360769271,0.013769521377980709,0.06942110508680344
5,73205,50,5,0,xbtsp,0.05,0.0,ae_27:8:0:44:00,mtl_27:8:1:44:28.json,0.15513209516704082,1.0000000011920929,0.9344871628284455,0.7484958622120321,0.01430534292012453,0.06905911862850189
6,73206,50,5,0,xbtsp,0.05,0.0,ae_27:8:0:44:00,mtl_27:8:1:44:28.json,0.15513209516704082,0.9999999990463256,0.9400948741436005,0.6674348580315709,0.013715246692299843,0.08477309346199036
7,73207,50,5,0,xbtsp,0.05,0.0,ae_27:8:0:44:00,mtl_27:8:1:44:28.json,0.15513209516704082,0.9999999976158143,0.9373928599357605,0.7643673188239336,0.01449504029005766,0.06512922048568726
8,73208,50,5,0,xbtsp,0.05,0.0,ae_27:8:0:44:00,mtl_27:8:1:44:28.json,0.15513209516704082,1.000000002861023,0.9379988858699798,0.7393191921040416,0.013796797953546047,0.06851238012313843
9,73209,50,5,0,xbtsp,0.05,0.0,ae_27:8:0:44:00,mtl_27:8:1:44:28.json,0.15513209516704082,1.0000000009536743,0.9342276797294616,0.768645733371377,0.014994381926953793,0.05936416983604431
10,73210,50,5,0,xbtsp,0.05,0.0,ae_27:8:0:44:00,mtl_27:8:1:44:28.json,0.15513209516704082,0.9999999949932098,0.9381125569343567,0.7882168766260147,0.01373706292361021,0.05710318684577942
11,73211,50,5,0,xbtsp,0.05,0.0,ae_27:8:0:44:00,mtl_27:8:1:44:28.json,0.15513209516704082,0.9999999973773956,0.9346639628410339,0.7885811209380627,0.014868964441120625,0.06322843581438065
0,73200,50,5,0,xbtsp,0.05,0.01,ae_27:8:0:44:00,mtl_27:8:1:44:28.json,0.15513209516704082,0.9999999973773956,0.9376953797340393,0.7658427215218544,0.014300190843641758,0.0638740211725235
1,73201,50,5,0,xbtsp,0.05,0.01,ae_27:8:0:44:00,mtl_27:8:1:44:28.json,0.15513209516704082,1.0000000007152556,0.9390943274497986,0.7469973127245904,0.013587468303740025,0.06431098282337189
2,73202,50,5,0,xbtsp,0.05,0.01,ae_27:8:0:44:00,mtl_27:8:1:44:28.json,0.15513209516704082,0.9999999949932098,0.9391458902359009,0.7864594350159169,0.013701464049518108,0.06052560731768608
3,73203,50,5,0,xbtsp,0.05,0.01,ae_27:8:0:44:00,mtl_27:8:1:44:28.json,0.15513209516704082,1.0000000014305115,0.9393156759738922,0.7209206330478192,0.013907741755247116,0.07555188238620758
4,73204,50,5,0,xbtsp,0.05,0.01,ae_27:8:0:44:00,mtl_27:8:1:44:28.json,0.15513209516704082,0.9999999985694885,0.9405884408950805,0.7439006360769271,0.013769521377980709,0.06942110508680344
5,73205,50,5,0,xbtsp,0.05,0.01,ae_27:8:0:44:00,mtl_27:8:1:44:28.json,0.15513209516704082,1.0000000011920929,0.9344871628284455,0.7484958622120321,0.01430534292012453,0.06905911862850189
6,73206,50,5,0,xbtsp,0.05,0.01,ae_27:8:0:44:00,mtl_27:8:1:44:28.json,0.15513209516704082,0.9999999990463256,0.9400948741436005,0.6674348580315709,0.013715246692299843,0.08477309346199036
7,73207,50,5,0,xbtsp,0.05,0.01,ae_27:8:0:44:00,mtl_27:8:1:44:28.json,0.15513209516704082,0.9999999976158143,0.9373928599357605,0.7643673188239336,0.01449504029005766,0.06512922048568726
8,73208,50,5,0,xbtsp,0.05,0.01,ae_27:8:0:44:00,mtl_27:8:1:44:28.json,0.15513209516704082,1.000000002861023,0.9379988858699798,0.7393191921040416,0.013796797953546047,0.06851238012313843
9,73209,50,5,0,xbtsp,0.05,0.01,ae_27:8:0:44:00,mtl_27:8:1:44:28.json,0.15513209516704082,1.0000000009536743,0.9342276797294616,0.768645733371377,0.014994381926953793,0.05936416983604431
10,73210,50,5,0,xbtsp,0.05,0.01,ae_27:8:0:44:00,mtl_27:8:1:44:28.json,0.15513209516704082,0.9999999949932098,0.9381125569343567,0.7882168766260147,0.01373706292361021,0.05710318684577942
11,73211,50,5,0,xbtsp,0.05,0.01,ae_27:8:0:44:00,mtl_27:8:1:44:28.json,0.15513209516704082,0.9999999973773956,0.9346639628410339,0.7885811209380627,0.014868964441120625,0.06322843581438065
0,73200,50,5,0,xbtsp,0.05,0.02,ae_27:8:0:44:00,mtl_27:8:1:44:28.json,0.15513209516704082,0.8351650767326355,0.9263617913722992,0.6696933598667383,0.017345985397696495,0.08219023793935776
1,73201,50,5,0,xbtsp,0.05,0.02,ae_27:8:0:44:00,mtl_27:8:1:44:28.json,0.15513209516704082,0.8293117349147796,0.9208288474082946,0.6539540364742279,0.017014333978295326,0.08124856650829315
2,73202,50,5,0,xbtsp,0.05,0.02,ae_27:8:0:44:00,mtl_27:8:1:44:28.json,0.15513209516704082,0.8357473161220551,0.9196192457675934,0.7449090155214071,0.01810014434158802,0.06504093110561371
3,73203,50,5,0,xbtsp,0.05,0.02,ae_27:8:0:44:00,mtl_27:8:1:44:28.json,0.15513209516704082,0.832772340297699,0.9255391731262207,0.6556858881115913,0.01717514917254448,0.08633743971586227
4,73204,50,5,0,xbtsp,0.05,0.02,ae_27:8:0:44:00,mtl_27:8:1:44:28.json,0.15513209516704082,0.8403320777416229,0.9212217183113098,0.6663589911703021,0.018441129475831985,0.08577468991279602
5,73205,50,5,0,xbtsp,0.05,0.02,ae_27:8:0:44:00,mtl_27:8:1:44:28.json,0.15513209516704082,0.8255099041461944,0.9201122620105744,0.5929077088185586,0.017198825255036354,0.09384151548147202
6,73206,50,5,0,xbtsp,0.05,0.02,ae_27:8:0:44:00,mtl_27:8:1:44:28.json,0.15513209516704082,0.8338636815547943,0.9273111457824708,0.5984517255295068,0.016852719709277153,0.09226422756910324
7,73207,50,5,0,xbtsp,0.05,0.02,ae_27:8:0:44:00,mtl_27:8:1:44:28.json,0.15513209516704082,0.8348611834049224,0.9169955945014954,0.6430625852495432,0.019229719415307045,0.08875031024217606
8,73208,50,5,0,xbtsp,0.05,0.02,ae_27:8:0:44:00,mtl_27:8:1:44:28.json,0.15513209516704082,0.8330378119945526,0.9183105063438416,0.7553444302678108,0.01808999851346016,0.06258293241262436
9,73209,50,5,0,xbtsp,0.05,0.02,ae_27:8:0:44:00,mtl_27:8:1:44:28.json,0.15513209516704082,0.8322988021373748,0.9177957620620728,0.7148275897875428,0.018919099122285843,0.07056768238544464
10,73210,50,5,0,xbtsp,0.05,0.02,ae_27:8:0:44:00,mtl_27:8:1:44:28.json,0.15513209516704082,0.8328869533538819,0.9256440720558167,0.6767333010435105,0.016495730727910995,0.07985011488199234
11,73211,50,5,0,xbtsp,0.05,0.02,ae_27:8:0:44:00,mtl_27:8:1:44:28.json,0.15513209516704082,0.8350050375461578,0.9176417956352234,0.6908422055542469,0.018567819148302078,0.08059500902891159
0,73200,50,5,0,xbtsp,0.05,0.03,ae_27:8:0:44:00,mtl_27:8:1:44:28.json,0.15513209516704082,0.8351650767326355,0.9263617913722992,0.6696933598667383,0.017345985397696495,0.08219023793935776
1,73201,50,5,0,xbtsp,0.05,0.03,ae_27:8:0:44:00,mtl_27:8:1:44:28.json,0.15513209516704082,0.8293117349147796,0.9208288474082946,0.6539540364742279,0.017014333978295326,0.08124856650829315
2,73202,50,5,0,xbtsp,0.05,0.03,ae_27:8:0:44:00,mtl_27:8:1:44:28.json,0.15513209516704082,0.8357473161220551,0.9196192457675934,0.7449090155214071,0.01810014434158802,0.06504093110561371
3,73203,50,5,0,xbtsp,0.05,0.03,ae_27:8:0:44:00,mtl_27:8:1:44:28.json,0.15513209516704082,0.832772340297699,0.9255391731262207,0.6556858881115913,0.01717514917254448,0.08633743971586227
4,73204,50,5,0,xbtsp,0.05,0.03,ae_27:8:0:44:00,mtl_27:8:1:44:28.json,0.15513209516704082,0.8403320777416229,0.9212217183113098,0.6663589911703021,0.018441129475831985,0.08577468991279602
5,73205,50,5,0,xbtsp,0.05,0.03,ae_27:8:0:44:00,mtl_27:8:1:44:28.json,0.15513209516704082,0.8255099041461944,0.9201122620105744,0.5929077088185586,0.017198825255036354,0.09384151548147202
6,73206,50,5,0,xbtsp,0.05,0.03,ae_27:8:0:44:00,mtl_27:8:1:44:28.json,0.15513209516704082,0.8338636815547943,0.9273111457824708,0.5984517255295068,0.016852719709277153,0.09226422756910324
7,73207,50,5,0,xbtsp,0.05,0.03,ae_27:8:0:44:00,mtl_27:8:1:44:28.json,0.15513209516704082,0.8348611834049224,0.9169955945014954,0.6430625852495432,0.019229719415307045,0.08875031024217606
8,73208,50,5,0,xbtsp,0.05,0.03,ae_27:8:0:44:00,mtl_27:8:1:44:28.json,0.15513209516704082,0.8330378119945526,0.9183105063438416,0.7553444302678108,0.01808999851346016,0.06258293241262436
9,73209,50,5,0,xbtsp,0.05,0.03,ae_27:8:0:44:00,mtl_27:8:1:44:28.json,0.15513209516704082,0.8322988021373748,0.9177957620620728,0.7148275897875428,0.018919099122285843,0.07056768238544464
10,73210,50,5,0,xbtsp,0.05,0.03,ae_27:8:0:44:00,mtl_27:8:1:44:28.json,0.15513209516704082,0.8328869533538819,0.9256440720558167,0.6767333010435105,0.016495730727910995,0.07985011488199234
11,73211,50,5,0,xbtsp,0.05,0.03,ae_27:8:0:44:00,mtl_27:8:1:44:28.json,0.15513209516704082,0.8350050375461578,0.9176417956352234,0.6908422055542469,0.018567819148302078,0.08059500902891159
0,73200,50,5,0,xbtsp,0.05,0.04,ae_27:8:0:44:00,mtl_27:8:1:44:28.json,0.15513209516704082,0.6703301824331284,0.8727482383549213,0.577091464722529,0.026326457038521767,0.09599960595369339
1,73201,50,5,0,xbtsp,0.05,0.04,ae_27:8:0:44:00,mtl_27:8:1:44:28.json,0.15513209516704082,0.6586234921216965,0.868478774513118,0.5715713478792459,0.025379467755556107,0.09570872038602829
2,73202,50,5,0,xbtsp,0.05,0.04,ae_27:8:0:44:00,mtl_27:8:1:44:28.json,0.15513209516704082,0.6714946626424789,0.8787475371062755,0.658411758903414,0.02569972164928913,0.08102758973836899
3,73203,50,5,0,xbtsp,0.05,0.04,ae_27:8:0:44:00,mtl_27:8:1:44:28.json,0.15513209516704082,0.6655447037220001,0.8788004729580134,0.5842249271403999,0.026029197499155998,0.09591089934110641
4,73204,50,5,0,xbtsp,0.05,0.04,ae_27:8:0:44:00,mtl_27:8:1:44:28.json,0.15513209516704082,0.6806641825437546,0.87506227106601,0.5684457140779122,0.027496976777911186,0.10002458095550537
5,73205,50,5,0,xbtsp,0.05,0.04,ae_27:8:0:44:00,mtl_27:8:1:44:28.json,0.15513209516704082,0.6510198291540146,0.8689572042562067,0.5038583478808869,0.02573123760521412,0.10543791949748993
6,73206,50,5,0,xbtsp,0.05,0.04,ae_27:8:0:44:00,mtl_27:8:1:44:28.json,0.15513209516704082,0.667727386713028,0.8714428533762694,0.5087447407236323,0.02680305391550064,0.10592509806156158
7,73207,50,5,0,xbtsp,0.05,0.04,ae_27:8:0:44:00,mtl_27:8:1:44:28.json,0.15513209516704082,0.6697223908901214,0.8614190309941768,0.5522686077430844,0.028734805062413216,0.10038746148347855
8,73208,50,5,0,xbtsp,0.05,0.04,ae_27:8:0:44:00,mtl_27:8:1:44:28.json,0.15513209516704082,0.6660756427049637,0.869594427190721,0.6465642447136343,0.027017204090952873,0.08139406889677048
9,73209,50,5,0,xbtsp,0.05,0.04,ae_27:8:0:44:00,mtl_27:8:1:44:28.json,0.15513209516704082,0.6645976281166077,0.8637750756926834,0.6194677879735827,0.027767209336161613,0.08624780178070068
10,73210,50,5,0,xbtsp,0.05,0.04,ae_27:8:0:44:00,mtl_27:8:1:44:28.json,0.15513209516704082,0.6657739380598068,0.8654129327321425,0.5958382510356605,0.026494281366467476,0.09211603552103043
11,73211,50,5,0,xbtsp,0.05,0.04,ae_27:8:0:44:00,mtl_27:8:1:44:28.json,0.15513209516704082,0.6700101019144058,0.8615797206107527,0.5894493026025593,0.028585586696863174,0.0948227271437645
0,73200,50,5,0,xbtsp,0.05,0.05,ae_27:8:0:44:00,mtl_27:8:1:44:28.json,0.15513209516704082,0.6703301824331284,0.8727482383549213,0.577091464722529,0.026326457038521767,0.09599960595369339
1,73201,50,5,0,xbtsp,0.05,0.05,ae_27:8:0:44:00,mtl_27:8:1:44:28.json,0.15513209516704082,0.6586234921216965,0.868478774513118,0.5715713478792459,0.025379467755556107,0.09570872038602829
2,73202,50,5,0,xbtsp,0.05,0.05,ae_27:8:0:44:00,mtl_27:8:1:44:28.json,0.15513209516704082,0.6714946626424789,0.8787475371062755,0.658411758903414,0.02569972164928913,0.08102758973836899
3,73203,50,5,0,xbtsp,0.05,0.05,ae_27:8:0:44:00,mtl_27:8:1:44:28.json,0.15513209516704082,0.6655447037220001,0.8788004729580134,0.5842249271403999,0.026029197499155998,0.09591089934110641
4,73204,50,5,0,xbtsp,0.05,0.05,ae_27:8:0:44:00,mtl_27:8:1:44:28.json,0.15513209516704082,0.6806641825437546,0.87506227106601,0.5684457140779122,0.027496976777911186,0.10002458095550537
5,73205,50,5,0,xbtsp,0.05,0.05,ae_27:8:0:44:00,mtl_27:8:1:44:28.json,0.15513209516704082,0.6510198291540146,0.8689572042562067,0.5038583478808869,0.02573123760521412,0.10543791949748993
6,73206,50,5,0,xbtsp,0.05,0.05,ae_27:8:0:44:00,mtl_27:8:1:44:28.json,0.15513209516704082,0.667727386713028,0.8714428533762694,0.5087447407236323,0.02680305391550064,0.10592509806156158
7,73207,50,5,0,xbtsp,0.05,0.05,ae_27:8:0:44:00,mtl_27:8:1:44:28.json,0.15513209516704082,0.6697223908901214,0.8614190309941768,0.5522686077430844,0.028734805062413216,0.10038746148347855
8,73208,50,5,0,xbtsp,0.05,0.05,ae_27:8:0:44:00,mtl_27:8:1:44:28.json,0.15513209516704082,0.6660756427049637,0.869594427190721,0.6465642447136343,0.027017204090952873,0.08139406889677048
9,73209,50,5,0,xbtsp,0.05,0.05,ae_27:8:0:44:00,mtl_27:8:1:44:28.json,0.15513209516704082,0.6645976281166077,0.8637750756926834,0.6194677879735827,0.027767209336161613,0.08624780178070068
10,73210,50,5,0,xbtsp,0.05,0.05,ae_27:8:0:44:00,mtl_27:8:1:44:28.json,0.15513209516704082,0.6657739380598068,0.8654129327321425,0.5958382510356605,0.026494281366467476,0.09211603552103043
11,73211,50,5,0,xbtsp,0.05,0.05,ae_27:8:0:44:00,mtl_27:8:1:44:28.json,0.15513209516704082,0.6700101019144058,0.8615797206107527,0.5894493026025593,0.028585586696863174,0.0948227271437645
0,73200,50,5,0,xbtsp,0.05,0.06,ae_27:8:0:44:00,mtl_27:8:1:44:28.json,0.15513209516704082,0.5054952681064606,0.7456819188259542,0.4790826257215813,0.048164188861846924,0.11106093972921371
1,73201,50,5,0,xbtsp,0.05,0.06,ae_27:8:0:44:00,mtl_27:8:1:44:28.json,0.15513209516704082,0.49793523049354554,0.7510731334513985,0.4589114803071134,0.04574558511376381,0.11170300096273422
2,73202,50,5,0,xbtsp,0.05,0.06,ae_27:8:0:44:00,mtl_27:8:1:44:28.json,0.15513209516704082,0.5072419877052308,0.7439446806283667,0.5234184432197362,0.047589849680662155,0.1016620472073555
3,73203,50,5,0,xbtsp,0.05,0.06,ae_27:8:0:44:00,mtl_27:8:1:44:28.json,0.15513209516704082,0.5003170485496521,0.7447264979048632,0.48264095580973665,0.04836544767022133,0.10920801758766174
4,73204,50,5,0,xbtsp,0.05,0.06,ae_27:8:0:44:00,mtl_27:8:1:44:28.json,0.15513209516704082,0.5229962691068649,0.7698328289017081,0.4811775725114858,0.04585684463381767,0.11171925812959671
5,73205,50,5,0,xbtsp,0.05,0.06,ae_27:8:0:44:00,mtl_27:8:1:44:28.json,0.15513209516704082,0.48252973580360414,0.7080261202184484,0.41582228111312725,0.050578631460666656,0.11563962697982788
6,73206,50,5,0,xbtsp,0.05,0.06,ae_27:8:0:44:00,mtl_27:8:1:44:28.json,0.15513209516704082,0.5035910741090774,0.7162557863285766,0.40623839979211335,0.05042741075158119,0.12128371000289917
7,73207,50,5,0,xbtsp,0.05,0.06,ae_27:8:0:44:00,mtl_27:8:1:44:28.json,0.15513209516704082,0.5065835819244385,0.7312801862964406,0.45248120951349846,0.04943417012691498,0.1145784929394722
8,73208,50,5,0,xbtsp,0.05,0.06,ae_27:8:0:44:00,mtl_27:8:1:44:28.json,0.15513209516704082,0.5031134530305862,0.742424626220949,0.5107683611121029,0.048524562269449234,0.10255296528339386
9,73209,50,5,0,xbtsp,0.05,0.06,ae_27:8:0:44:00,mtl_27:8:1:44:28.json,0.15513209516704082,0.49889643704891207,0.7280294855493121,0.49480466413963586,0.04948022589087486,0.10539121180772781
10,73210,50,5,0,xbtsp,0.05,0.06,ae_27:8:0:44:00,mtl_27:8:1:44:28.json,0.15513209516704082,0.5066609009504318,0.7439594435915351,0.48704501734720546,0.04850616306066513,0.10827498883008957
11,73211,50,5,0,xbtsp,0.05,0.06,ae_27:8:0:44:00,mtl_27:8:1:44:28.json,0.15513209516704082,0.507015148639679,0.721020079895854,0.48663789443299177,0.051222823560237885,0.10822061449289322
0,73200,50,5,0,xbtsp,0.05,0.07,ae_27:8:0:44:00,mtl_27:8:1:44:28.json,0.15513209516704082,0.5054952681064606,0.7456819188259542,0.4790826257215813,0.048164188861846924,0.11106093972921371
1,73201,50,5,0,xbtsp,0.05,0.07,ae_27:8:0:44:00,mtl_27:8:1:44:28.json,0.15513209516704082,0.49793523049354554,0.7510731334513985,0.4589114803071134,0.04574558511376381,0.11170300096273422
2,73202,50,5,0,xbtsp,0.05,0.07,ae_27:8:0:44:00,mtl_27:8:1:44:28.json,0.15513209516704082,0.5072419877052308,0.7439446806283667,0.5234184432197362,0.047589849680662155,0.1016620472073555
3,73203,50,5,0,xbtsp,0.05,0.07,ae_27:8:0:44:00,mtl_27:8:1:44:28.json,0.15513209516704082,0.5003170485496521,0.7447264979048632,0.48264095580973665,0.04836544767022133,0.10920801758766174
4,73204,50,5,0,xbtsp,0.05,0.07,ae_27:8:0:44:00,mtl_27:8:1:44:28.json,0.15513209516704082,0.5229962691068649,0.7698328289017081,0.4811775725114858,0.04585684463381767,0.11171925812959671
5,73205,50,5,0,xbtsp,0.05,0.07,ae_27:8:0:44:00,mtl_27:8:1:44:28.json,0.15513209516704082,0.48252973580360414,0.7080261202184484,0.41582228111312725,0.050578631460666656,0.11563962697982788
6,73206,50,5,0,xbtsp,0.05,0.07,ae_27:8:0:44:00,mtl_27:8:1:44:28.json,0.15513209516704082,0.5035910741090774,0.7162557863285766,0.40623839979211335,0.05042741075158119,0.12128371000289917
7,73207,50,5,0,xbtsp,0.05,0.07,ae_27:8:0:44:00,mtl_27:8:1:44:28.json,0.15513209516704082,0.5065835819244385,0.7312801862964406,0.45248120951349846,0.04943417012691498,0.1145784929394722
8,73208,50,5,0,xbtsp,0.05,0.07,ae_27:8:0:44:00,mtl_27:8:1:44:28.json,0.15513209516704082,0.5031134530305862,0.742424626220949,0.5107683611121029,0.048524562269449234,0.10255296528339386
9,73209,50,5,0,xbtsp,0.05,0.07,ae_27:8:0:44:00,mtl_27:8:1:44:28.json,0.15513209516704082,0.49889643704891207,0.7280294855493121,0.49480466413963586,0.04948022589087486,0.10539121180772781
10,73210,50,5,0,xbtsp,0.05,0.07,ae_27:8:0:44:00,mtl_27:8:1:44:28.json,0.15513209516704082,0.5066609009504318,0.7439594435915351,0.48704501734720546,0.04850616306066513,0.10827498883008957
11,73211,50,5,0,xbtsp,0.05,0.07,ae_27:8:0:44:00,mtl_27:8:1:44:28.json,0.15513209516704082,0.507015148639679,0.721020079895854,0.48663789443299177,0.051222823560237885,0.10822061449289322
0,73200,50,5,0,xbtsp,0.05,0.08,ae_27:8:0:44:00,mtl_27:8:1:44:28.json,0.15513209516704082,0.3633270298242569,0.5479953556675464,0.3947948887706734,0.08297758549451828,0.12463453412055969
1,73201,50,5,0,xbtsp,0.05,0.08,ae_27:8:0:44:00,mtl_27:8:1:44:28.json,0.15513209516704082,0.3519136457443237,0.5533935798858293,0.36188715505367147,0.07947013527154922,0.12593387067317963
2,73202,50,5,0,xbtsp,0.05,0.08,ae_27:8:0:44:00,mtl_27:8:1:44:28.json,0.15513209516704082,0.36032265681028364,0.559897619090043,0.40394479559524915,0.0788152813911438,0.11902355402708054
3,73203,50,5,0,xbtsp,0.05,0.08,ae_27:8:0:44:00,mtl_27:8:1:44:28.json,0.15513209516704082,0.35642273741960523,0.5443790754838846,0.38306293802172875,0.0818374902009964,0.1220255047082901
4,73204,50,5,0,xbtsp,0.05,0.08,ae_27:8:0:44:00,mtl_27:8:1:44:28.json,0.15513209516704082,0.377328363776207,0.5690294608380646,0.3701623647931265,0.07902880758047104,0.12641750276088715
5,73205,50,5,0,xbtsp,0.05,0.08,ae_27:8:0:44:00,mtl_27:8:1:44:28.json,0.15513209516704082,0.33937298619747164,0.5192751503190957,0.3457241667619674,0.08221708983182907,0.12516938149929047
6,73206,50,5,0,xbtsp,0.05,0.08,ae_27:8:0:44:00,mtl_27:8:1:44:28.json,0.15513209516704082,0.3581214367747307,0.5351253770438489,0.3364944950818317,0.08104562759399414,0.1302613615989685
7,73207,50,5,0,xbtsp,0.05,0.08,ae_27:8:0:44:00,mtl_27:8:1:44:28.json,0.15513209516704082,0.364778114259243,0.5500647719963454,0.3602220303210197,0.08130006492137909,0.1278826743364334
8,73208,50,5,0,xbtsp,0.05,0.08,ae_27:8:0:44:00,mtl_27:8:1:44:28.json,0.15513209516704082,0.3574846093058586,0.549041002240614,0.3836886224010959,0.08204557746648788,0.12171784788370132
9,73209,50,5,0,xbtsp,0.05,0.08,ae_27:8:0:44:00,mtl_27:8:1:44:28.json,0.15513209516704082,0.3465285856127739,0.5185585200679489,0.3782106333184056,0.08432555943727493,0.12209554761648178
10,73210,50,5,0,xbtsp,0.05,0.08,ae_27:8:0:44:00,mtl_27:8:1:44:28.json,0.15513209516704082,0.3622145414352417,0.5609118815525435,0.39778741520899347,0.08101476728916168,0.12104623019695282
11,73211,50,5,0,xbtsp,0.05,0.08,ae_27:8:0:44:00,mtl_27:8:1:44:28.json,0.15513209516704082,0.35602020227909087,0.5299857573481277,0.36844995121494867,0.08580678701400757,0.12456493824720383
0,73200,50,5,0,xbtsp,0.05,0.09,ae_27:8:0:44:00,mtl_27:8:1:44:28.json,0.15513209516704082,0.3633270298242569,0.5479953556675464,0.3947948887706734,0.08297758549451828,0.12463453412055969
1,73201,50,5,0,xbtsp,0.05,0.09,ae_27:8:0:44:00,mtl_27:8:1:44:28.json,0.15513209516704082,0.3519136457443237,0.5533935798858293,0.36188715505367147,0.07947013527154922,0.12593387067317963
2,73202,50,5,0,xbtsp,0.05,0.09,ae_27:8:0:44:00,mtl_27:8:1:44:28.json,0.15513209516704082,0.36032265681028364,0.559897619090043,0.40394479559524915,0.0788152813911438,0.11902355402708054
3,73203,50,5,0,xbtsp,0.05,0.09,ae_27:8:0:44:00,mtl_27:8:1:44:28.json,0.15513209516704082,0.35642273741960523,0.5443790754838846,0.38306293802172875,0.0818374902009964,0.1220255047082901
4,73204,50,5,0,xbtsp,0.05,0.09,ae_27:8:0:44:00,mtl_27:8:1:44:28.json,0.15513209516704082,0.377328363776207,0.5690294608380646,0.3701623647931265,0.07902880758047104,0.12641750276088715
5,73205,50,5,0,xbtsp,0.05,0.09,ae_27:8:0:44:00,mtl_27:8:1:44:28.json,0.15513209516704082,0.33937298619747164,0.5192751503190957,0.3457241667619674,0.08221708983182907,0.12516938149929047
6,73206,50,5,0,xbtsp,0.05,0.09,ae_27:8:0:44:00,mtl_27:8:1:44:28.json,0.15513209516704082,0.3581214367747307,0.5351253770438489,0.3364944950818317,0.08104562759399414,0.1302613615989685
7,73207,50,5,0,xbtsp,0.05,0.09,ae_27:8:0:44:00,mtl_27:8:1:44:28.json,0.15513209516704082,0.364778114259243,0.5500647719963454,0.3602220303210197,0.08130006492137909,0.1278826743364334
8,73208,50,5,0,xbtsp,0.05,0.09,ae_27:8:0:44:00,mtl_27:8:1:44:28.json,0.15513209516704082,0.3574846093058586,0.549041002240614,0.3836886224010959,0.08204557746648788,0.12171784788370132
9,73209,50,5,0,xbtsp,0.05,0.09,ae_27:8:0:44:00,mtl_27:8:1:44:28.json,0.15513209516704082,0.3465285856127739,0.5185585200679489,0.3782106333184056,0.08432555943727493,0.12209554761648178
10,73210,50,5,0,xbtsp,0.05,0.09,ae_27:8:0:44:00,mtl_27:8:1:44:28.json,0.15513209516704082,0.3622145414352417,0.5609118815525435,0.39778741520899347,0.08101476728916168,0.12104623019695282
11,73211,50,5,0,xbtsp,0.05,0.09,ae_27:8:0:44:00,mtl_27:8:1:44:28.json,0.15513209516704082,0.35602020227909087,0.5299857573481277,0.36844995121494867,0.08580678701400757,0.12456493824720383
0,73200,50,5,0,xbtsp,0.05,0.1,ae_27:8:0:44:00,mtl_27:8:1:44:28.json,0.15513209516704082,0.2541587815284729,0.37885251503670586,0.31363929896452464,0.11603103578090668,0.13845859467983246
1,73201,50,5,0,xbtsp,0.05,0.1,ae_27:8:0:44:00,mtl_27:8:1:44:28.json,0.15513209516704082,0.23889204955101012,0.3917308579552919,0.2800068054139847,0.10744267702102661,0.13833314180374146
2,73202,50,5,0,xbtsp,0.05,0.1,ae_27:8:0:44:00,mtl_27:8:1:44:28.json,0.15513209516704082,0.2444033145904541,0.3896317373239435,0.29964320710790343,0.11309172213077545,0.13310083746910095
3,73203,50,5,0,xbtsp,0.05,0.1,ae_27:8:0:44:00,mtl_27:8:1:44:28.json,0.15513209516704082,0.24952841341495513,0.3874260521158576,0.29963975239614954,0.114151231944561,0.13299164175987244
4,73204,50,5,0,xbtsp,0.05,0.1,ae_27:8:0:44:00,mtl_27:8:1:44:28.json,0.15513209516704082,0.2596604472398758,0.3827296487079002,0.29896150265983307,0.11521485447883606,0.13820233941078186
5,73205,50,5,0,xbtsp,0.05,0.1,ae_27:8:0:44:00,mtl_27:8:1:44:28.json,0.15513209516704082,0.2322162252664566,0.3563658004119061,0.29907830988953354,0.11624529212713242,0.13176439702510834
6,73206,50,5,0,xbtsp,0.05,0.1,ae_27:8:0:44:00,mtl_27:8:1:44:28.json,0.15513209516704082,0.24765178894996642,0.36179422797984445,0.26384099905495534,0.11668350547552109,0.1413096934556961
7,73207,50,5,0,xbtsp,0.05,0.1,ae_27:8:0:44:00,mtl_27:8:1:44:28.json,0.15513209516704082,0.25397263514995577,0.37493262165505437,0.2742077030251967,0.11590491235256195,0.1401505470275879
8,73208,50,5,0,xbtsp,0.05,0.1,ae_27:8:0:44:00,mtl_27:8:1:44:28.json,0.15513209516704082,0.24185575282573699,0.3710916624063393,0.301889338059118,0.11679010093212128,0.13554896414279938
9,73209,50,5,0,xbtsp,0.05,0.1,ae_27:8:0:44:00,mtl_27:8:1:44:28.json,0.15513209516704082,0.2401607257127762,0.3483328826366924,0.2935267632557079,0.11823030561208725,0.13548307120800018
10,73210,50,5,0,xbtsp,0.05,0.1,ae_27:8:0:44:00,mtl_27:8:1:44:28.json,0.15513209516704082,0.2477681714296341,0.3706099118893035,0.3032917221097741,0.11682475358247757,0.13406214118003845
11,73211,50,5,0,xbtsp,0.05,0.1,ae_27:8:0:44:00,mtl_27:8:1:44:28.json,0.15513209516704082,0.24902524745464324,0.37880111558549107,0.29857770990789867,0.11510030925273895,0.13478174805641174
