root_seed,condition,from_lap,to_lap,cue_changed,tuning_similarity
51001,swap,1,2,False,0.7534184455871582
51001,swap,2,3,False,0.7709905505180359
51001,swap,3,4,False,0.8605546355247498
51001,swap,4,5,False,0.8504992723464966
51001,swap,5,6,False,0.8359607458114624
51001,swap,6,7,False,0.8419816493988037
51001,swap,7,8,False,0.868531346321106
51001,swap,8,9,False,0.8620401620864868
51001,swap,9,10,False,0.8388931155204773
51001,swap,10,11,True,0.4464142620563507
51001,swap,11,12,False,0.8160157203674316
51001,swap,12,13,False,0.8380116820335388
51001,swap,13,14,False,0.8446859121322632
51001,swap,14,15,False,0.8633831143379211
51001,swap,15,16,False,0.8510316610336304
51001,swap,16,17,False,0.8515157103538513
51001,swap,17,18,False,0.8597073554992676
51001,swap,18,19,False,0.8496794700622559
51001,swap,19,20,False,0.8418779969215393
51001,swap,20,21,True,0.47845858335494995
51001,swap,21,22,False,0.8293047547340393
51001,swap,22,23,False,0.8703348636627197
51001,swap,23,24,False,0.8852401971817017
51001,swap,24,25,False,0.8586567640304565
51001,swap,25,26,False,0.8731932640075684
51001,swap,26,27,False,0.8732967972755432
51001,swap,27,28,False,0.8366295695304871
51001,swap,28,29,False,0.843302845954895
51001,swap,29,30,False,0.8600646257400513
51001,swap,30,31,True,0.45867446064949036
51001,swap,31,32,False,0.8381184339523315
51001,swap,32,33,False,0.8262078166007996
51001,swap,33,34,False,0.8208705186843872
51001,swap,34,35,False,0.8208920955657959
51001,swap,35,36,False,0.838737428188324
51001,swap,36,37,False,0.8022334575653076
51001,swap,37,38,False,0.8252907395362854
51001,swap,38,39,False,0.8694310188293457
51001,swap,39,40,False,0.8712717294692993
51001,no_swap,1,2,False,0.7534184455871582
51001,no_swap,2,3,False,0.7709905505180359
51001,no_swap,3,4,False,0.8605546355247498
51001,no_swap,4,5,False,0.8504992723464966
51001,no_swap,5,6,False,0.8359607458114624
51001,no_swap,6,7,False,0.8419816493988037
51001,no_swap,7,8,False,0.868531346321106
51001,no_swap,8,9,False,0.8620401620864868
51001,no_swap,9,10,False,0.8388931155204773
51001,no_swap,10,11,False,0.8287880420684814
51001,no_swap,11,12,False,0.8530317544937134
51001,no_swap,12,13,False,0.8350958228111267
51001,no_swap,13,14,False,0.8454753160476685
51001,no_swap,14,15,False,0.8271756768226624
51001,no_swap,15,16,False,0.8197939991950989
51001,no_swap,16,17,False,0.8565783500671387
51001,no_swap,17,18,False,0.8252647519111633
51001,no_swap,18,19,False,0.8395536541938782
51001,no_swap,19,20,False,0.844927191734314
51001,no_swap,20,21,False,0.8333814144134521
51001,no_swap,21,22,False,0.8423289656639099
51001,no_swap,22,23,False,0.8482546806335449
51001,no_swap,23,24,False,0.8761535882949829
51001,no_swap,24,25,False,0.8500707745552063
51001,no_swap,25,26,False,0.8544268608093262
51001,no_swap,26,27,False,0.842939019203186
51001,no_swap,27,28,False,0.8131101131439209
51001,no_swap,28,29,False,0.835147500038147
51001,no_swap,29,30,False,0.8361579775810242
51001,no_swap,30,31,False,0.8097109794616699
51001,no_swap,31,32,False,0.8799280524253845
51001,no_swap,32,33,False,0.8132692575454712
51001,no_swap,33,34,False,0.846815824508667
51001,no_swap,34,35,False,0.8463905453681946
51001,no_swap,35,36,False,0.8551965355873108
51001,no_swap,36,37,False,0.862678050994873
51001,no_swap,37,38,False,0.834130048751831
51001,no_swap,38,39,False,0.8703762292861938
51001,no_swap,39,40,False,0.8704343438148499
51002,swap,1,2,False,0.7856358885765076
51002,swap,2,3,False,0.7966257333755493
51002,swap,3,4,False,0.8302255272865295
51002,swap,4,5,False,0.8484147787094116
51002,swap,5,6,False,0.8214170932769775
51002,swap,6,7,False,0.8206506967544556
51002,swap,7,8,False,0.8022218942642212
51002,swap,8,9,False,0.8000204563140869
51002,swap,9,10,False,0.8162307143211365
51002,swap,10,11,True,0.34868162870407104
51002,swap,11,12,False,0.7671366333961487
51002,swap,12,13,False,0.7964600324630737
51002,swap,13,14,False,0.8171492218971252
51002,swap,14,15,False,0.8316039443016052
51002,swap,15,16,False,0.827670156955719
51002,swap,16,17,False,0.7948793768882751
51002,swap,17,18,False,0.8231776356697083
51002,swap,18,19,False,0.8271716833114624
51002,swap,19,20,False,0.8190116882324219
51002,swap,20,21,True,0.41870126128196716
51002,swap,21,22,False,0.7792918682098389
51002,swap,22,23,False,0.813510000705719
51002,swap,23,24,False,0.8193986415863037
51002,swap,24,25,False,0.8062262535095215
51002,swap,25,26,False,0.852653980255127
51002,swap,26,27,False,0.833285927772522
51002,swap,27,28,False,0.8544649481773376
51002,swap,28,29,False,0.8385658860206604
51002,swap,29,30,False,0.8445529341697693
51002,swap,30,31,True,0.4069080352783203
51002,swap,31,32,False,0.798123300075531
51002,swap,32,33,False,0.809129536151886
51002,swap,33,34,False,0.7795451283454895
51002,swap,34,35,False,0.8095405101776123
51002,swap,35,36,False,0.8285581469535828
51002,swap,36,37,False,0.8110909461975098
51002,swap,37,38,False,0.795081615447998
51002,swap,38,39,False,0.8444702625274658
51002,swap,39,40,False,0.8122634291648865
51002,no_swap,1,2,False,0.7856358885765076
51002,no_swap,2,3,False,0.7966257333755493
51002,no_swap,3,4,False,0.8302255272865295
51002,no_swap,4,5,False,0.8484147787094116
51002,no_swap,5,6,False,0.8214170932769775
51002,no_swap,6,7,False,0.8206506967544556
51002,no_swap,7,8,False,0.8022218942642212
51002,no_swap,8,9,False,0.8000204563140869
51002,no_swap,9,10,False,0.8162307143211365
51002,no_swap,10,11,False,0.8194043636322021
51002,no_swap,11,12,False,0.7970001697540283
51002,no_swap,12,13,False,0.7815131545066833
51002,no_swap,13,14,False,0.8257599472999573
51002,no_swap,14,15,False,0.8177230954170227
51002,no_swap,15,16,False,0.8194271326065063
51002,no_swap,16,17,False,0.8039100170135498
51002,no_swap,17,18,False,0.8340820074081421
51002,no_swap,18,19,False,0.8306381702423096
51002,no_swap,19,20,False,0.8447244167327881
51002,no_swap,20,21,False,0.828355610370636
51002,no_swap,21,22,False,0.8119285106658936
51002,no_swap,22,23,False,0.8200986981391907
51002,no_swap,23,24,False,0.8283506631851196
51002,no_swap,24,25,False,0.812477171421051
51002,no_swap,25,26,False,0.8446303009986877
51002,no_swap,26,27,False,0.8194081783294678
51002,no_swap,27,28,False,0.8561625480651855
51002,no_swap,28,29,False,0.8504751324653625
51002,no_swap,29,30,False,0.858909547328949
51002,no_swap,30,31,False,0.8303208351135254
51002,no_swap,31,32,False,0.8387712240219116
51002,no_swap,32,33,False,0.8298037648200989
51002,no_swap,33,34,False,0.8212342262268066
51002,no_swap,34,35,False,0.8293240070343018
51002,no_swap,35,36,False,0.829871416091919
51002,no_swap,36,37,False,0.8268416523933411
51002,no_swap,37,38,False,0.8122738003730774
51002,no_swap,38,39,False,0.8428259491920471
51002,no_swap,39,40,False,0.8043996691703796
51003,swap,1,2,False,0.7392536997795105
51003,swap,2,3,False,0.7869424223899841
51003,swap,3,4,False,0.8125692009925842
51003,swap,4,5,False,0.8194291591644287
51003,swap,5,6,False,0.7859382033348083
51003,swap,6,7,False,0.7640495300292969
51003,swap,7,8,False,0.7512103319168091
51003,swap,8,9,False,0.7505397200584412
51003,swap,9,10,False,0.7451083660125732
51003,swap,10,11,True,0.5132204294204712
51003,swap,11,12,False,0.7430164813995361
51003,swap,12,13,False,0.7421781420707703
51003,swap,13,14,False,0.7221412658691406
51003,swap,14,15,False,0.7294456362724304
51003,swap,15,16,False,0.7751795053482056
51003,swap,16,17,False,0.7037187814712524
51003,swap,17,18,False,0.7783855199813843
51003,swap,18,19,False,0.7364861369132996
51003,swap,19,20,False,0.7376595139503479
51003,swap,20,21,True,0.47553199529647827
51003,swap,21,22,False,0.7696778178215027
51003,swap,22,23,False,0.7944585680961609
51003,swap,23,24,False,0.7925717234611511
51003,swap,24,25,False,0.7818578481674194
51003,swap,25,26,False,0.76497483253479
51003,swap,26,27,False,0.7632931470870972
51003,swap,27,28,False,0.7969440221786499
51003,swap,28,29,False,0.768950343132019
51003,swap,29,30,False,0.7507695555686951
51003,swap,30,31,True,0.5051397681236267
51003,swap,31,32,False,0.789445161819458
51003,swap,32,33,False,0.7860875129699707
51003,swap,33,34,False,0.7716536521911621
51003,swap,34,35,False,0.7644644379615784
51003,swap,35,36,False,0.7660073637962341
51003,swap,36,37,False,0.7658898830413818
51003,swap,37,38,False,0.7667083740234375
51003,swap,38,39,False,0.7705606818199158
51003,swap,39,40,False,0.7987265586853027
51003,no_swap,1,2,False,0.7392536997795105
51003,no_swap,2,3,False,0.7869424223899841
51003,no_swap,3,4,False,0.8125692009925842
51003,no_swap,4,5,False,0.8194291591644287
51003,no_swap,5,6,False,0.7859382033348083
51003,no_swap,6,7,False,0.7640495300292969
51003,no_swap,7,8,False,0.7512103319168091
51003,no_swap,8,9,False,0.7505397200584412
51003,no_swap,9,10,False,0.7451083660125732
51003,no_swap,10,11,False,0.740926206111908
51003,no_swap,11,12,False,0.7576944828033447
51003,no_swap,12,13,False,0.7636116743087769
51003,no_swap,13,14,False,0.767941415309906
51003,no_swap,14,15,False,0.7434108257293701
51003,no_swap,15,16,False,0.7883955240249634
51003,no_swap,16,17,False,0.7473628520965576
51003,no_swap,17,18,False,0.7614446878433228
51003,no_swap,18,19,False,0.7452051043510437
51003,no_swap,19,20,False,0.7412427663803101
51003,no_swap,20,21,False,0.7580764889717102
51003,no_swap,21,22,False,0.7856542468070984
51003,no_swap,22,23,False,0.7908933162689209
51003,no_swap,23,24,False,0.7890567183494568
51003,no_swap,24,25,False,0.7736247777938843
51003,no_swap,25,26,False,0.7617921233177185
51003,no_swap,26,27,False,0.768807590007782
51003,no_swap,27,28,False,0.8118935227394104
51003,no_swap,28,29,False,0.7693873047828674
51003,no_swap,29,30,False,0.7698642015457153
51003,no_swap,30,31,False,0.7950876355171204
51003,no_swap,31,32,False,0.7845115661621094
51003,no_swap,32,33,False,0.7866402268409729
51003,no_swap,33,34,False,0.7802302837371826
51003,no_swap,34,35,False,0.7771559357643127
51003,no_swap,35,36,False,0.7980663180351257
51003,no_swap,36,37,False,0.7613197565078735
51003,no_swap,37,38,False,0.7816148400306702
51003,no_swap,38,39,False,0.7698588371276855
51003,no_swap,39,40,False,0.7754915356636047
51004,swap,1,2,False,0.7621887922286987
51004,swap,2,3,False,0.7958747148513794
51004,swap,3,4,False,0.7966415286064148
51004,swap,4,5,False,0.7958614826202393
51004,swap,5,6,False,0.788987398147583
51004,swap,6,7,False,0.7727082967758179
51004,swap,7,8,False,0.7611774206161499
51004,swap,8,9,False,0.8071520924568176
51004,swap,9,10,False,0.7971031069755554
51004,swap,10,11,True,0.4194793701171875
51004,swap,11,12,False,0.7814168334007263
51004,swap,12,13,False,0.7727901339530945
51004,swap,13,14,False,0.7930365800857544
51004,swap,14,15,False,0.8022695779800415
51004,swap,15,16,False,0.7804239392280579
51004,swap,16,17,False,0.8179985880851746
51004,swap,17,18,False,0.8246349096298218
51004,swap,18,19,False,0.8121160268783569
51004,swap,19,20,False,0.806972861289978
51004,swap,20,21,True,0.44442012906074524
51004,swap,21,22,False,0.772491455078125
51004,swap,22,23,False,0.7546060085296631
51004,swap,23,24,False,0.792510986328125
51004,swap,24,25,False,0.7894068360328674
51004,swap,25,26,False,0.7880812883377075
51004,swap,26,27,False,0.7270957231521606
51004,swap,27,28,False,0.7691145539283752
51004,swap,28,29,False,0.7687418460845947
51004,swap,29,30,False,0.7653402090072632
51004,swap,30,31,True,0.48229557275772095
51004,swap,31,32,False,0.7897402048110962
51004,swap,32,33,False,0.7981177568435669
51004,swap,33,34,False,0.8146220445632935
51004,swap,34,35,False,0.8487673401832581
51004,swap,35,36,False,0.8329615592956543
51004,swap,36,37,False,0.7993592023849487
51004,swap,37,38,False,0.8218019008636475
51004,swap,38,39,False,0.8326445817947388
51004,swap,39,40,False,0.8490540385246277
51004,no_swap,1,2,False,0.7621887922286987
51004,no_swap,2,3,False,0.7958747148513794
51004,no_swap,3,4,False,0.7966415286064148
51004,no_swap,4,5,False,0.7958614826202393
51004,no_swap,5,6,False,0.788987398147583
51004,no_swap,6,7,False,0.7727082967758179
51004,no_swap,7,8,False,0.7611774206161499
51004,no_swap,8,9,False,0.8071520924568176
51004,no_swap,9,10,False,0.7971031069755554
51004,no_swap,10,11,False,0.7746872901916504
51004,no_swap,11,12,False,0.809643030166626
51004,no_swap,12,13,False,0.7834510803222656
51004,no_swap,13,14,False,0.7697715759277344
51004,no_swap,14,15,False,0.7909116148948669
51004,no_swap,15,16,False,0.7701922059059143
51004,no_swap,16,17,False,0.7766948938369751
51004,no_swap,17,18,False,0.7954352498054504
51004,no_swap,18,19,False,0.7944552898406982
51004,no_swap,19,20,False,0.7944166660308838
51004,no_swap,20,21,False,0.8309379816055298
51004,no_swap,21,22,False,0.7939515709877014
51004,no_swap,22,23,False,0.7499803304672241
51004,no_swap,23,24,False,0.7932606339454651
51004,no_swap,24,25,False,0.7947314381599426
51004,no_swap,25,26,False,0.8039436340332031
51004,no_swap,26,27,False,0.7488602995872498
51004,no_swap,27,28,False,0.7926976680755615
51004,no_swap,28,29,False,0.7869205474853516
51004,no_swap,29,30,False,0.7834464907646179
51004,no_swap,30,31,False,0.8189296126365662
51004,no_swap,31,32,False,0.7907722592353821
51004,no_swap,32,33,False,0.799314022064209
51004,no_swap,33,34,False,0.8011581897735596
51004,no_swap,34,35,False,0.8422695994377136
51004,no_swap,35,36,False,0.8201740384101868
51004,no_swap,36,37,False,0.8303638696670532
51004,no_swap,37,38,False,0.8247920274734497
51004,no_swap,38,39,False,0.822075605392456
51004,no_swap,39,40,False,0.7952850461006165
51005,swap,1,2,False,0.7798115611076355
51005,swap,2,3,False,0.8123443126678467
51005,swap,3,4,False,0.846897304058075
51005,swap,4,5,False,0.8722828030586243
51005,swap,5,6,False,0.8667060732841492
51005,swap,6,7,False,0.8557542562484741
51005,swap,7,8,False,0.8531973361968994
51005,swap,8,9,False,0.8684486150741577
51005,swap,9,10,False,0.8473612070083618
51005,swap,10,11,True,0.5550768971443176
51005,swap,11,12,False,0.8615036606788635
51005,swap,12,13,False,0.8611303567886353
51005,swap,13,14,False,0.8488973379135132
51005,swap,14,15,False,0.8493320345878601
51005,swap,15,16,False,0.8345562219619751
51005,swap,16,17,False,0.8246906995773315
51005,swap,17,18,False,0.8387288451194763
51005,swap,18,19,False,0.847015917301178
51005,swap,19,20,False,0.8468174934387207
51005,swap,20,21,True,0.5918989777565002
51005,swap,21,22,False,0.8665090799331665
51005,swap,22,23,False,0.8752809166908264
51005,swap,23,24,False,0.8735567331314087
51005,swap,24,25,False,0.8562453985214233
51005,swap,25,26,False,0.852138876914978
51005,swap,26,27,False,0.8669289350509644
51005,swap,27,28,False,0.8766626715660095
51005,swap,28,29,False,0.8561573624610901
51005,swap,29,30,False,0.8547906279563904
51005,swap,30,31,True,0.5717591643333435
51005,swap,31,32,False,0.8443553447723389
51005,swap,32,33,False,0.8484922647476196
51005,swap,33,34,False,0.880078136920929
51005,swap,34,35,False,0.8574591875076294
51005,swap,35,36,False,0.8661161661148071
51005,swap,36,37,False,0.8516598343849182
51005,swap,37,38,False,0.8687765002250671
51005,swap,38,39,False,0.8495760560035706
51005,swap,39,40,False,0.8788038492202759
51005,no_swap,1,2,False,0.7798115611076355
51005,no_swap,2,3,False,0.8123443126678467
51005,no_swap,3,4,False,0.846897304058075
51005,no_swap,4,5,False,0.8722828030586243
51005,no_swap,5,6,False,0.8667060732841492
51005,no_swap,6,7,False,0.8557542562484741
51005,no_swap,7,8,False,0.8531973361968994
51005,no_swap,8,9,False,0.8684486150741577
51005,no_swap,9,10,False,0.8473612070083618
51005,no_swap,10,11,False,0.865541398525238
51005,no_swap,11,12,False,0.8745439052581787
51005,no_swap,12,13,False,0.8803661465644836
51005,no_swap,13,14,False,0.8692810535430908
51005,no_swap,14,15,False,0.8797721266746521
51005,no_swap,15,16,False,0.8576778173446655
51005,no_swap,16,17,False,0.8562119007110596
51005,no_swap,17,18,False,0.8729729652404785
51005,no_swap,18,19,False,0.8776872158050537
51005,no_swap,19,20,False,0.8883345723152161
51005,no_swap,20,21,False,0.8838476538658142
51005,no_swap,21,22,False,0.8831198811531067
51005,no_swap,22,23,False,0.878632128238678
51005,no_swap,23,24,False,0.8851522207260132
51005,no_swap,24,25,False,0.861306369304657
51005,no_swap,25,26,False,0.8649000525474548
51005,no_swap,26,27,False,0.8686255812644958
51005,no_swap,27,28,False,0.8783120512962341
51005,no_swap,28,29,False,0.8608927130699158
51005,no_swap,29,30,False,0.8570629358291626
51005,no_swap,30,31,False,0.8740849494934082
51005,no_swap,31,32,False,0.853461503982544
51005,no_swap,32,33,False,0.8523240089416504
51005,no_swap,33,34,False,0.8601674437522888
51005,no_swap,34,35,False,0.8515992164611816
51005,no_swap,35,36,False,0.8457090258598328
51005,no_swap,36,37,False,0.8813912272453308
51005,no_swap,37,38,False,0.8835189342498779
51005,no_swap,38,39,False,0.8462559580802917
51005,no_swap,39,40,False,0.8761759996414185
51006,swap,1,2,False,0.7733229994773865
51006,swap,2,3,False,0.8408905863761902
51006,swap,3,4,False,0.819929838180542
51006,swap,4,5,False,0.8130067586898804
51006,swap,5,6,False,0.8650335669517517
51006,swap,6,7,False,0.838797390460968
51006,swap,7,8,False,0.849123477935791
51006,swap,8,9,False,0.8485020399093628
51006,swap,9,10,False,0.8588231801986694
51006,swap,10,11,True,0.4964343011379242
51006,swap,11,12,False,0.8324840068817139
51006,swap,12,13,False,0.8558297157287598
51006,swap,13,14,False,0.8625116944313049
51006,swap,14,15,False,0.8576297760009766
51006,swap,15,16,False,0.8649604320526123
51006,swap,16,17,False,0.8761577606201172
51006,swap,17,18,False,0.8480350971221924
51006,swap,18,19,False,0.865156888961792
51006,swap,19,20,False,0.8582815527915955
51006,swap,20,21,True,0.44375690817832947
51006,swap,21,22,False,0.8160792589187622
51006,swap,22,23,False,0.8392132520675659
51006,swap,23,24,False,0.8517469763755798
51006,swap,24,25,False,0.844856858253479
51006,swap,25,26,False,0.8288476467132568
51006,swap,26,27,False,0.842211127281189
51006,swap,27,28,False,0.8450496196746826
51006,swap,28,29,False,0.8631272315979004
51006,swap,29,30,False,0.8661136627197266
51006,swap,30,31,True,0.42158931493759155
51006,swap,31,32,False,0.7950296998023987
51006,swap,32,33,False,0.841626763343811
51006,swap,33,34,False,0.815146267414093
51006,swap,34,35,False,0.8361214995384216
51006,swap,35,36,False,0.8371756076812744
51006,swap,36,37,False,0.8735425472259521
51006,swap,37,38,False,0.8698518872261047
51006,swap,38,39,False,0.8951490521430969
51006,swap,39,40,False,0.858763575553894
51006,no_swap,1,2,False,0.7733229994773865
51006,no_swap,2,3,False,0.8408905863761902
51006,no_swap,3,4,False,0.819929838180542
51006,no_swap,4,5,False,0.8130067586898804
51006,no_swap,5,6,False,0.8650335669517517
51006,no_swap,6,7,False,0.838797390460968
51006,no_swap,7,8,False,0.849123477935791
51006,no_swap,8,9,False,0.8485020399093628
51006,no_swap,9,10,False,0.8588231801986694
51006,no_swap,10,11,False,0.8663814663887024
51006,no_swap,11,12,False,0.8411511182785034
51006,no_swap,12,13,False,0.8255329728126526
51006,no_swap,13,14,False,0.8555426001548767
51006,no_swap,14,15,False,0.8380066156387329
51006,no_swap,15,16,False,0.8481824994087219
51006,no_swap,16,17,False,0.8675127625465393
51006,no_swap,17,18,False,0.8166553974151611
51006,no_swap,18,19,False,0.8428233861923218
51006,no_swap,19,20,False,0.8605204820632935
51006,no_swap,20,21,False,0.8537170886993408
51006,no_swap,21,22,False,0.8193696737289429
51006,no_swap,22,23,False,0.8592014908790588
51006,no_swap,23,24,False,0.8499072790145874
51006,no_swap,24,25,False,0.8586482405662537
51006,no_swap,25,26,False,0.8475586175918579
51006,no_swap,26,27,False,0.8444865345954895
51006,no_swap,27,28,False,0.8459649085998535
51006,no_swap,28,29,False,0.8601281046867371
51006,no_swap,29,30,False,0.8645427823066711
51006,no_swap,30,31,False,0.8366066217422485
51006,no_swap,31,32,False,0.8215275406837463
51006,no_swap,32,33,False,0.8597447872161865
51006,no_swap,33,34,False,0.8318583965301514
51006,no_swap,34,35,False,0.8688828349113464
51006,no_swap,35,36,False,0.8501829504966736
51006,no_swap,36,37,False,0.8415933847427368
51006,no_swap,37,38,False,0.8398004174232483
51006,no_swap,38,39,False,0.853635847568512
51006,no_swap,39,40,False,0.8771395683288574
51007,swap,1,2,False,0.7154372334480286
51007,swap,2,3,False,0.8106667995452881
51007,swap,3,4,False,0.8146248459815979
51007,swap,4,5,False,0.8265254497528076
51007,swap,5,6,False,0.8133367896080017
51007,swap,6,7,False,0.8158205151557922
51007,swap,7,8,False,0.8110454678535461
51007,swap,8,9,False,0.8462856411933899
51007,swap,9,10,False,0.8408946394920349
51007,swap,10,11,True,0.4499310255050659
51007,swap,11,12,False,0.8277782201766968
51007,swap,12,13,False,0.8270329236984253
51007,swap,13,14,False,0.8540107011795044
51007,swap,14,15,False,0.8463467359542847
51007,swap,15,16,False,0.8644778728485107
51007,swap,16,17,False,0.8702283501625061
51007,swap,17,18,False,0.8794069886207581
51007,swap,18,19,False,0.8560364246368408
51007,swap,19,20,False,0.8407789468765259
51007,swap,20,21,True,0.43981510400772095
51007,swap,21,22,False,0.8423171043395996
51007,swap,22,23,False,0.8541417717933655
51007,swap,23,24,False,0.8232470750808716
51007,swap,24,25,False,0.8492867350578308
51007,swap,25,26,False,0.8504005670547485
51007,swap,26,27,False,0.8276125192642212
51007,swap,27,28,False,0.8157220482826233
51007,swap,28,29,False,0.8267868757247925
51007,swap,29,30,False,0.851176381111145
51007,swap,30,31,True,0.4548196494579315
51007,swap,31,32,False,0.7838382720947266
51007,swap,32,33,False,0.8378353118896484
51007,swap,33,34,False,0.8593727350234985
51007,swap,34,35,False,0.8328742980957031
51007,swap,35,36,False,0.8482955694198608
51007,swap,36,37,False,0.8319441080093384
51007,swap,37,38,False,0.8570937514305115
51007,swap,38,39,False,0.8727198243141174
51007,swap,39,40,False,0.8344293832778931
51007,no_swap,1,2,False,0.7154372334480286
51007,no_swap,2,3,False,0.8106667995452881
51007,no_swap,3,4,False,0.8146248459815979
51007,no_swap,4,5,False,0.8265254497528076
51007,no_swap,5,6,False,0.8133367896080017
51007,no_swap,6,7,False,0.8158205151557922
51007,no_swap,7,8,False,0.8110454678535461
51007,no_swap,8,9,False,0.8462856411933899
51007,no_swap,9,10,False,0.8408946394920349
51007,no_swap,10,11,False,0.8361494541168213
51007,no_swap,11,12,False,0.8450226783752441
51007,no_swap,12,13,False,0.819684624671936
51007,no_swap,13,14,False,0.8499166369438171
51007,no_swap,14,15,False,0.8341146111488342
51007,no_swap,15,16,False,0.8344972133636475
51007,no_swap,16,17,False,0.8706982135772705
51007,no_swap,17,18,False,0.8806450366973877
51007,no_swap,18,19,False,0.8519328236579895
51007,no_swap,19,20,False,0.8581220507621765
51007,no_swap,20,21,False,0.8607257604598999
51007,no_swap,21,22,False,0.8559898138046265
51007,no_swap,22,23,False,0.8473466634750366
51007,no_swap,23,24,False,0.829468309879303
51007,no_swap,24,25,False,0.8594444394111633
51007,no_swap,25,26,False,0.8592265844345093
51007,no_swap,26,27,False,0.8261535167694092
51007,no_swap,27,28,False,0.8162214756011963
51007,no_swap,28,29,False,0.8355114459991455
51007,no_swap,29,30,False,0.8542364239692688
51007,no_swap,30,31,False,0.8711142539978027
51007,no_swap,31,32,False,0.8337295055389404
51007,no_swap,32,33,False,0.825267493724823
51007,no_swap,33,34,False,0.8423628807067871
51007,no_swap,34,35,False,0.8512114882469177
51007,no_swap,35,36,False,0.8547308444976807
51007,no_swap,36,37,False,0.8536559343338013
51007,no_swap,37,38,False,0.8456108570098877
51007,no_swap,38,39,False,0.8573183417320251
51007,no_swap,39,40,False,0.8396872878074646
51008,swap,1,2,False,0.7407989501953125
51008,swap,2,3,False,0.8448275923728943
51008,swap,3,4,False,0.8354747891426086
51008,swap,4,5,False,0.7875338792800903
51008,swap,5,6,False,0.755653440952301
51008,swap,6,7,False,0.7585786581039429
51008,swap,7,8,False,0.752991795539856
51008,swap,8,9,False,0.7606373429298401
51008,swap,9,10,False,0.7498950362205505
51008,swap,10,11,True,0.34831443428993225
51008,swap,11,12,False,0.7144810557365417
51008,swap,12,13,False,0.7576345205307007
51008,swap,13,14,False,0.7520320415496826
51008,swap,14,15,False,0.7842646241188049
51008,swap,15,16,False,0.7803024053573608
51008,swap,16,17,False,0.7659125328063965
51008,swap,17,18,False,0.7630494832992554
51008,swap,18,19,False,0.7748060822486877
51008,swap,19,20,False,0.787706732749939
51008,swap,20,21,True,0.34666088223457336
51008,swap,21,22,False,0.7542610168457031
51008,swap,22,23,False,0.7987673282623291
51008,swap,23,24,False,0.808952808380127
51008,swap,24,25,False,0.8003197312355042
51008,swap,25,26,False,0.8283830285072327
51008,swap,26,27,False,0.8065973520278931
51008,swap,27,28,False,0.7877537608146667
51008,swap,28,29,False,0.812166154384613
51008,swap,29,30,False,0.7986344695091248
51008,swap,30,31,True,0.4433736503124237
51008,swap,31,32,False,0.7589819431304932
51008,swap,32,33,False,0.7635207176208496
51008,swap,33,34,False,0.7947911620140076
51008,swap,34,35,False,0.7880812883377075
51008,swap,35,36,False,0.8046635985374451
51008,swap,36,37,False,0.7920019626617432
51008,swap,37,38,False,0.7771044373512268
51008,swap,38,39,False,0.7793170213699341
51008,swap,39,40,False,0.7560808062553406
51008,no_swap,1,2,False,0.7407989501953125
51008,no_swap,2,3,False,0.8448275923728943
51008,no_swap,3,4,False,0.8354747891426086
51008,no_swap,4,5,False,0.7875338792800903
51008,no_swap,5,6,False,0.755653440952301
51008,no_swap,6,7,False,0.7585786581039429
51008,no_swap,7,8,False,0.752991795539856
51008,no_swap,8,9,False,0.7606373429298401
51008,no_swap,9,10,False,0.7498950362205505
51008,no_swap,10,11,False,0.7710202932357788
51008,no_swap,11,12,False,0.7791328430175781
51008,no_swap,12,13,False,0.7699519991874695
51008,no_swap,13,14,False,0.7570992112159729
51008,no_swap,14,15,False,0.752641499042511
51008,no_swap,15,16,False,0.7960381507873535
51008,no_swap,16,17,False,0.7831690907478333
51008,no_swap,17,18,False,0.7468439340591431
51008,no_swap,18,19,False,0.7385804653167725
51008,no_swap,19,20,False,0.7448051571846008
51008,no_swap,20,21,False,0.7268237471580505
51008,no_swap,21,22,False,0.7488239407539368
51008,no_swap,22,23,False,0.7839093804359436
51008,no_swap,23,24,False,0.7887901067733765
51008,no_swap,24,25,False,0.7765752673149109
51008,no_swap,25,26,False,0.8070158362388611
51008,no_swap,26,27,False,0.7704519629478455
51008,no_swap,27,28,False,0.77643221616745
51008,no_swap,28,29,False,0.7925768494606018
51008,no_swap,29,30,False,0.7802020311355591
51008,no_swap,30,31,False,0.7711654901504517
51008,no_swap,31,32,False,0.7598102688789368
51008,no_swap,32,33,False,0.7780969142913818
51008,no_swap,33,34,False,0.782578706741333
51008,no_swap,34,35,False,0.7898399233818054
51008,no_swap,35,36,False,0.7843235731124878
51008,no_swap,36,37,False,0.8094480633735657
51008,no_swap,37,38,False,0.7815679907798767
51008,no_swap,38,39,False,0.7793982028961182
51008,no_swap,39,40,False,0.7786634564399719
51009,swap,1,2,False,0.733084499835968
51009,swap,2,3,False,0.7764527201652527
51009,swap,3,4,False,0.8242365121841431
51009,swap,4,5,False,0.8597608208656311
51009,swap,5,6,False,0.8173114657402039
51009,swap,6,7,False,0.8470050096511841
51009,swap,7,8,False,0.8535429239273071
51009,swap,8,9,False,0.8596276640892029
51009,swap,9,10,False,0.846781849861145
51009,swap,10,11,True,0.34265750646591187
51009,swap,11,12,False,0.8536233305931091
51009,swap,12,13,False,0.8026548027992249
51009,swap,13,14,False,0.845938503742218
51009,swap,14,15,False,0.8668885827064514
51009,swap,15,16,False,0.8551210165023804
51009,swap,16,17,False,0.8339712619781494
51009,swap,17,18,False,0.8532861471176147
51009,swap,18,19,False,0.837136447429657
51009,swap,19,20,False,0.8363686203956604
51009,swap,20,21,True,0.3871375024318695
51009,swap,21,22,False,0.8725858926773071
51009,swap,22,23,False,0.8733049035072327
51009,swap,23,24,False,0.8593949675559998
51009,swap,24,25,False,0.8476126194000244
51009,swap,25,26,False,0.8641999959945679
51009,swap,26,27,False,0.8907424807548523
51009,swap,27,28,False,0.8637021780014038
51009,swap,28,29,False,0.8659299612045288
51009,swap,29,30,False,0.8753203749656677
51009,swap,30,31,True,0.41543805599212646
51009,swap,31,32,False,0.8661189079284668
51009,swap,32,33,False,0.8802756667137146
51009,swap,33,34,False,0.8796019554138184
51009,swap,34,35,False,0.8697209358215332
51009,swap,35,36,False,0.8684239387512207
51009,swap,36,37,False,0.8572641611099243
51009,swap,37,38,False,0.8525257706642151
51009,swap,38,39,False,0.8664212822914124
51009,swap,39,40,False,0.8588482141494751
51009,no_swap,1,2,False,0.733084499835968
51009,no_swap,2,3,False,0.7764527201652527
51009,no_swap,3,4,False,0.8242365121841431
51009,no_swap,4,5,False,0.8597608208656311
51009,no_swap,5,6,False,0.8173114657402039
51009,no_swap,6,7,False,0.8470050096511841
51009,no_swap,7,8,False,0.8535429239273071
51009,no_swap,8,9,False,0.8596276640892029
51009,no_swap,9,10,False,0.846781849861145
51009,no_swap,10,11,False,0.8734894394874573
51009,no_swap,11,12,False,0.866193950176239
51009,no_swap,12,13,False,0.8231637477874756
51009,no_swap,13,14,False,0.8286427855491638
51009,no_swap,14,15,False,0.8502396941184998
51009,no_swap,15,16,False,0.8433666825294495
51009,no_swap,16,17,False,0.8413296341896057
51009,no_swap,17,18,False,0.8399723172187805
51009,no_swap,18,19,False,0.8115429878234863
51009,no_swap,19,20,False,0.8357374668121338
51009,no_swap,20,21,False,0.8716338872909546
51009,no_swap,21,22,False,0.87972092628479
51009,no_swap,22,23,False,0.8658894896507263
51009,no_swap,23,24,False,0.8593485355377197
51009,no_swap,24,25,False,0.8324276804924011
51009,no_swap,25,26,False,0.8497684001922607
51009,no_swap,26,27,False,0.8890915513038635
51009,no_swap,27,28,False,0.8707484602928162
51009,no_swap,28,29,False,0.8572204113006592
51009,no_swap,29,30,False,0.8686953783035278
51009,no_swap,30,31,False,0.8941705226898193
51009,no_swap,31,32,False,0.882662296295166
51009,no_swap,32,33,False,0.8958892822265625
51009,no_swap,33,34,False,0.8364179730415344
51009,no_swap,34,35,False,0.8434455394744873
51009,no_swap,35,36,False,0.862773597240448
51009,no_swap,36,37,False,0.8492791056632996
51009,no_swap,37,38,False,0.8755745887756348
51009,no_swap,38,39,False,0.847309947013855
51009,no_swap,39,40,False,0.8592144846916199
51010,swap,1,2,False,0.7082750201225281
51010,swap,2,3,False,0.7564631104469299
51010,swap,3,4,False,0.8144273161888123
51010,swap,4,5,False,0.7684462070465088
51010,swap,5,6,False,0.8082942962646484
51010,swap,6,7,False,0.8121504783630371
51010,swap,7,8,False,0.7881060838699341
51010,swap,8,9,False,0.7845542430877686
51010,swap,9,10,False,0.8000068664550781
51010,swap,10,11,True,0.32014110684394836
51010,swap,11,12,False,0.7555021047592163
51010,swap,12,13,False,0.8123009204864502
51010,swap,13,14,False,0.785198450088501
51010,swap,14,15,False,0.7646437883377075
51010,swap,15,16,False,0.8118466138839722
51010,swap,16,17,False,0.7995314598083496
51010,swap,17,18,False,0.8120907545089722
51010,swap,18,19,False,0.8327094316482544
51010,swap,19,20,False,0.7957975268363953
51010,swap,20,21,True,0.3980053961277008
51010,swap,21,22,False,0.806291401386261
51010,swap,22,23,False,0.7354464530944824
51010,swap,23,24,False,0.731792688369751
51010,swap,24,25,False,0.7864071726799011
51010,swap,25,26,False,0.7945411205291748
51010,swap,26,27,False,0.8137737512588501
51010,swap,27,28,False,0.8246172070503235
51010,swap,28,29,False,0.8053503632545471
51010,swap,29,30,False,0.8094593286514282
51010,swap,30,31,True,0.4351283311843872
51010,swap,31,32,False,0.8152945041656494
51010,swap,32,33,False,0.8406476378440857
51010,swap,33,34,False,0.8206684589385986
51010,swap,34,35,False,0.797935962677002
51010,swap,35,36,False,0.811427891254425
51010,swap,36,37,False,0.8039813041687012
51010,swap,37,38,False,0.8073845505714417
51010,swap,38,39,False,0.8253350257873535
51010,swap,39,40,False,0.8109800815582275
51010,no_swap,1,2,False,0.7082750201225281
51010,no_swap,2,3,False,0.7564631104469299
51010,no_swap,3,4,False,0.8144273161888123
51010,no_swap,4,5,False,0.7684462070465088
51010,no_swap,5,6,False,0.8082942962646484
51010,no_swap,6,7,False,0.8121504783630371
51010,no_swap,7,8,False,0.7881060838699341
51010,no_swap,8,9,False,0.7845542430877686
51010,no_swap,9,10,False,0.8000068664550781
51010,no_swap,10,11,False,0.8061076998710632
51010,no_swap,11,12,False,0.7988501191139221
51010,no_swap,12,13,False,0.7928158044815063
51010,no_swap,13,14,False,0.7798402905464172
51010,no_swap,14,15,False,0.7940569519996643
51010,no_swap,15,16,False,0.8214054107666016
51010,no_swap,16,17,False,0.7872494459152222
51010,no_swap,17,18,False,0.8137201070785522
51010,no_swap,18,19,False,0.8177593946456909
51010,no_swap,19,20,False,0.8010834455490112
51010,no_swap,20,21,False,0.8097869753837585
51010,no_swap,21,22,False,0.8010815382003784
51010,no_swap,22,23,False,0.7430016994476318
51010,no_swap,23,24,False,0.7472031116485596
51010,no_swap,24,25,False,0.7979686856269836
51010,no_swap,25,26,False,0.8170017004013062
51010,no_swap,26,27,False,0.8262686729431152
51010,no_swap,27,28,False,0.8061404228210449
51010,no_swap,28,29,False,0.8057023882865906
51010,no_swap,29,30,False,0.804007887840271
51010,no_swap,30,31,False,0.7959455847740173
51010,no_swap,31,32,False,0.7911556959152222
51010,no_swap,32,33,False,0.8071067333221436
51010,no_swap,33,34,False,0.8468987941741943
51010,no_swap,34,35,False,0.8551760911941528
51010,no_swap,35,36,False,0.8288659453392029
51010,no_swap,36,37,False,0.8442034721374512
51010,no_swap,37,38,False,0.8405123949050903
51010,no_swap,38,39,False,0.840257465839386
51010,no_swap,39,40,False,0.8243238925933838
51011,swap,1,2,False,0.7259500622749329
51011,swap,2,3,False,0.8264528512954712
51011,swap,3,4,False,0.8460783362388611
51011,swap,4,5,False,0.8567745685577393
51011,swap,5,6,False,0.859490156173706
51011,swap,6,7,False,0.8488408923149109
51011,swap,7,8,False,0.8351681232452393
51011,swap,8,9,False,0.9044500589370728
51011,swap,9,10,False,0.8872503042221069
51011,swap,10,11,True,0.4587881863117218
51011,swap,11,12,False,0.8128054141998291
51011,swap,12,13,False,0.8314456343650818
51011,swap,13,14,False,0.8569790720939636
51011,swap,14,15,False,0.8848817944526672
51011,swap,15,16,False,0.8894078731536865
51011,swap,16,17,False,0.8547302484512329
51011,swap,17,18,False,0.8396018147468567
51011,swap,18,19,False,0.8287027478218079
51011,swap,19,20,False,0.8756103515625
51011,swap,20,21,True,0.42458879947662354
51011,swap,21,22,False,0.8621340394020081
51011,swap,22,23,False,0.9084709882736206
51011,swap,23,24,False,0.8902426958084106
51011,swap,24,25,False,0.902706503868103
51011,swap,25,26,False,0.8853195905685425
51011,swap,26,27,False,0.8938482403755188
51011,swap,27,28,False,0.8873448967933655
51011,swap,28,29,False,0.8682389259338379
51011,swap,29,30,False,0.8927427530288696
51011,swap,30,31,True,0.44627654552459717
51011,swap,31,32,False,0.8841590285301208
51011,swap,32,33,False,0.8944868445396423
51011,swap,33,34,False,0.8796124458312988
51011,swap,34,35,False,0.8684725761413574
51011,swap,35,36,False,0.8631245493888855
51011,swap,36,37,False,0.8717458248138428
51011,swap,37,38,False,0.894309937953949
51011,swap,38,39,False,0.8877007365226746
51011,swap,39,40,False,0.8918473124504089
51011,no_swap,1,2,False,0.7259500622749329
51011,no_swap,2,3,False,0.8264528512954712
51011,no_swap,3,4,False,0.8460783362388611
51011,no_swap,4,5,False,0.8567745685577393
51011,no_swap,5,6,False,0.859490156173706
51011,no_swap,6,7,False,0.8488408923149109
51011,no_swap,7,8,False,0.8351681232452393
51011,no_swap,8,9,False,0.9044500589370728
51011,no_swap,9,10,False,0.8872503042221069
51011,no_swap,10,11,False,0.894512951374054
51011,no_swap,11,12,False,0.8933143019676208
51011,no_swap,12,13,False,0.8900106549263
51011,no_swap,13,14,False,0.8974655270576477
51011,no_swap,14,15,False,0.9105160236358643
51011,no_swap,15,16,False,0.8888332843780518
51011,no_swap,16,17,False,0.8674522638320923
51011,no_swap,17,18,False,0.8599494099617004
51011,no_swap,18,19,False,0.8726938366889954
51011,no_swap,19,20,False,0.8716307282447815
51011,no_swap,20,21,False,0.882764458656311
51011,no_swap,21,22,False,0.8861688375473022
51011,no_swap,22,23,False,0.9023483991622925
51011,no_swap,23,24,False,0.8891777992248535
51011,no_swap,24,25,False,0.8931162357330322
51011,no_swap,25,26,False,0.8773790001869202
51011,no_swap,26,27,False,0.8975023627281189
51011,no_swap,27,28,False,0.8859168887138367
51011,no_swap,28,29,False,0.8765175342559814
51011,no_swap,29,30,False,0.8861436247825623
51011,no_swap,30,31,False,0.8677436113357544
51011,no_swap,31,32,False,0.9093242883682251
51011,no_swap,32,33,False,0.8973448872566223
51011,no_swap,33,34,False,0.8696473836898804
51011,no_swap,34,35,False,0.8625175952911377
51011,no_swap,35,36,False,0.8794769048690796
51011,no_swap,36,37,False,0.8824828267097473
51011,no_swap,37,38,False,0.8849309682846069
51011,no_swap,38,39,False,0.8920015692710876
51011,no_swap,39,40,False,0.8889102935791016
51012,swap,1,2,False,0.7524587512016296
51012,swap,2,3,False,0.7864107489585876
51012,swap,3,4,False,0.8544924855232239
51012,swap,4,5,False,0.850905179977417
51012,swap,5,6,False,0.8369333148002625
51012,swap,6,7,False,0.8482933044433594
51012,swap,7,8,False,0.8865719437599182
51012,swap,8,9,False,0.8616169691085815
51012,swap,9,10,False,0.8233193755149841
51012,swap,10,11,True,0.39134326577186584
51012,swap,11,12,False,0.8304852247238159
51012,swap,12,13,False,0.7985262870788574
51012,swap,13,14,False,0.8185856342315674
51012,swap,14,15,False,0.7952179908752441
51012,swap,15,16,False,0.8164582848548889
51012,swap,16,17,False,0.8436511754989624
51012,swap,17,18,False,0.8563648462295532
51012,swap,18,19,False,0.856942355632782
51012,swap,19,20,False,0.8274936079978943
51012,swap,20,21,True,0.43413352966308594
51012,swap,21,22,False,0.8027471303939819
51012,swap,22,23,False,0.8330936431884766
51012,swap,23,24,False,0.8094757199287415
51012,swap,24,25,False,0.8118054270744324
51012,swap,25,26,False,0.8261405825614929
51012,swap,26,27,False,0.8321442604064941
51012,swap,27,28,False,0.8653294444084167
51012,swap,28,29,False,0.8343857526779175
51012,swap,29,30,False,0.8499633073806763
51012,swap,30,31,True,0.4288228154182434
51012,swap,31,32,False,0.8305807709693909
51012,swap,32,33,False,0.8128716349601746
51012,swap,33,34,False,0.8283078670501709
51012,swap,34,35,False,0.8375551104545593
51012,swap,35,36,False,0.860628604888916
51012,swap,36,37,False,0.8398732542991638
51012,swap,37,38,False,0.8398599028587341
51012,swap,38,39,False,0.8371700048446655
51012,swap,39,40,False,0.8372368812561035
51012,no_swap,1,2,False,0.7524587512016296
51012,no_swap,2,3,False,0.7864107489585876
51012,no_swap,3,4,False,0.8544924855232239
51012,no_swap,4,5,False,0.850905179977417
51012,no_swap,5,6,False,0.8369333148002625
51012,no_swap,6,7,False,0.8482933044433594
51012,no_swap,7,8,False,0.8865719437599182
51012,no_swap,8,9,False,0.8616169691085815
51012,no_swap,9,10,False,0.8233193755149841
51012,no_swap,10,11,False,0.8591689467430115
51012,no_swap,11,12,False,0.855528712272644
51012,no_swap,12,13,False,0.8489944934844971
51012,no_swap,13,14,False,0.8369650840759277
51012,no_swap,14,15,False,0.7997550964355469
51012,no_swap,15,16,False,0.8560889959335327
51012,no_swap,16,17,False,0.8385022878646851
51012,no_swap,17,18,False,0.8543290495872498
51012,no_swap,18,19,False,0.8391607403755188
51012,no_swap,19,20,False,0.8255350589752197
51012,no_swap,20,21,False,0.83106529712677
51012,no_swap,21,22,False,0.8264321088790894
51012,no_swap,22,23,False,0.8449418544769287
51012,no_swap,23,24,False,0.8061157464981079
51012,no_swap,24,25,False,0.8101108074188232
51012,no_swap,25,26,False,0.8336898684501648
51012,no_swap,26,27,False,0.8274560570716858
51012,no_swap,27,28,False,0.857057511806488
51012,no_swap,28,29,False,0.8493240475654602
51012,no_swap,29,30,False,0.8463677167892456
51012,no_swap,30,31,False,0.8542881011962891
51012,no_swap,31,32,False,0.840492308139801
51012,no_swap,32,33,False,0.8351776003837585
51012,no_swap,33,34,False,0.8275353312492371
51012,no_swap,34,35,False,0.8210430145263672
51012,no_swap,35,36,False,0.8578495979309082
51012,no_swap,36,37,False,0.8336342573165894
51012,no_swap,37,38,False,0.8181264996528625
51012,no_swap,38,39,False,0.8162606954574585
51012,no_swap,39,40,False,0.8188436031341553
51013,swap,1,2,False,0.7322267293930054
51013,swap,2,3,False,0.8394625186920166
51013,swap,3,4,False,0.830658495426178
51013,swap,4,5,False,0.8467456698417664
51013,swap,5,6,False,0.7891678810119629
51013,swap,6,7,False,0.7932551503181458
51013,swap,7,8,False,0.8138086795806885
51013,swap,8,9,False,0.8294856548309326
51013,swap,9,10,False,0.7974603176116943
51013,swap,10,11,True,0.4331197738647461
51013,swap,11,12,False,0.7609602212905884
51013,swap,12,13,False,0.78338623046875
51013,swap,13,14,False,0.7899497151374817
51013,swap,14,15,False,0.7883458733558655
51013,swap,15,16,False,0.7747287750244141
51013,swap,16,17,False,0.788062334060669
51013,swap,17,18,False,0.7773053050041199
51013,swap,18,19,False,0.8148624897003174
51013,swap,19,20,False,0.8152765035629272
51013,swap,20,21,True,0.4464957118034363
51013,swap,21,22,False,0.7988072037696838
51013,swap,22,23,False,0.7881267070770264
51013,swap,23,24,False,0.8254286050796509
51013,swap,24,25,False,0.8123798370361328
51013,swap,25,26,False,0.7977196574211121
51013,swap,26,27,False,0.7719883918762207
51013,swap,27,28,False,0.7973120212554932
51013,swap,28,29,False,0.8302001357078552
51013,swap,29,30,False,0.8150714635848999
51013,swap,30,31,True,0.42260587215423584
51013,swap,31,32,False,0.784048855304718
51013,swap,32,33,False,0.7929460406303406
51013,swap,33,34,False,0.8137168884277344
51013,swap,34,35,False,0.817979097366333
51013,swap,35,36,False,0.8177875280380249
51013,swap,36,37,False,0.7788941264152527
51013,swap,37,38,False,0.7940791249275208
51013,swap,38,39,False,0.8204461932182312
51013,swap,39,40,False,0.7926425337791443
51013,no_swap,1,2,False,0.7322267293930054
51013,no_swap,2,3,False,0.8394625186920166
51013,no_swap,3,4,False,0.830658495426178
51013,no_swap,4,5,False,0.8467456698417664
51013,no_swap,5,6,False,0.7891678810119629
51013,no_swap,6,7,False,0.7932551503181458
51013,no_swap,7,8,False,0.8138086795806885
51013,no_swap,8,9,False,0.8294856548309326
51013,no_swap,9,10,False,0.7974603176116943
51013,no_swap,10,11,False,0.7928983569145203
51013,no_swap,11,12,False,0.7717151641845703
51013,no_swap,12,13,False,0.7910324335098267
51013,no_swap,13,14,False,0.7657718658447266
51013,no_swap,14,15,False,0.7773454785346985
51013,no_swap,15,16,False,0.755847156047821
51013,no_swap,16,17,False,0.7453387975692749
51013,no_swap,17,18,False,0.7828308343887329
51013,no_swap,18,19,False,0.802500307559967
51013,no_swap,19,20,False,0.8331912755966187
51013,no_swap,20,21,False,0.8254111409187317
51013,no_swap,21,22,False,0.8119732737541199
51013,no_swap,22,23,False,0.8136445879936218
51013,no_swap,23,24,False,0.8277764916419983
51013,no_swap,24,25,False,0.8149053454399109
51013,no_swap,25,26,False,0.8083992600440979
51013,no_swap,26,27,False,0.7947412729263306
51013,no_swap,27,28,False,0.8086705207824707
51013,no_swap,28,29,False,0.8263682723045349
51013,no_swap,29,30,False,0.8216689825057983
51013,no_swap,30,31,False,0.7966486215591431
51013,no_swap,31,32,False,0.8142867088317871
51013,no_swap,32,33,False,0.8074196577072144
51013,no_swap,33,34,False,0.8199789524078369
51013,no_swap,34,35,False,0.8171918988227844
51013,no_swap,35,36,False,0.8122371435165405
51013,no_swap,36,37,False,0.7781595587730408
51013,no_swap,37,38,False,0.7951997518539429
51013,no_swap,38,39,False,0.8219057321548462
51013,no_swap,39,40,False,0.7871615886688232
51014,swap,1,2,False,0.7499955892562866
51014,swap,2,3,False,0.7942883372306824
51014,swap,3,4,False,0.7067803144454956
51014,swap,4,5,False,0.7691656351089478
51014,swap,5,6,False,0.7701067328453064
51014,swap,6,7,False,0.7871142029762268
51014,swap,7,8,False,0.7307305335998535
51014,swap,8,9,False,0.7689226269721985
51014,swap,9,10,False,0.7481784820556641
51014,swap,10,11,True,0.399358868598938
51014,swap,11,12,False,0.7167099714279175
51014,swap,12,13,False,0.7256422638893127
51014,swap,13,14,False,0.7469139695167542
51014,swap,14,15,False,0.7950342297554016
51014,swap,15,16,False,0.7789821624755859
51014,swap,16,17,False,0.7744799256324768
51014,swap,17,18,False,0.7983878254890442
51014,swap,18,19,False,0.8043868541717529
51014,swap,19,20,False,0.7732928395271301
51014,swap,20,21,True,0.42533305287361145
51014,swap,21,22,False,0.7517212629318237
51014,swap,22,23,False,0.7845105528831482
51014,swap,23,24,False,0.7978701591491699
51014,swap,24,25,False,0.7518892884254456
51014,swap,25,26,False,0.7685866355895996
51014,swap,26,27,False,0.7601511478424072
51014,swap,27,28,False,0.7724334001541138
51014,swap,28,29,False,0.7861685752868652
51014,swap,29,30,False,0.7693384289741516
51014,swap,30,31,True,0.4408740699291229
51014,swap,31,32,False,0.7853519320487976
51014,swap,32,33,False,0.7806410789489746
51014,swap,33,34,False,0.7765175700187683
51014,swap,34,35,False,0.784675121307373
51014,swap,35,36,False,0.7727112770080566
51014,swap,36,37,False,0.7849283814430237
51014,swap,37,38,False,0.7861407995223999
51014,swap,38,39,False,0.7811448574066162
51014,swap,39,40,False,0.7984545826911926
51014,no_swap,1,2,False,0.7499955892562866
51014,no_swap,2,3,False,0.7942883372306824
51014,no_swap,3,4,False,0.7067803144454956
51014,no_swap,4,5,False,0.7691656351089478
51014,no_swap,5,6,False,0.7701067328453064
51014,no_swap,6,7,False,0.7871142029762268
51014,no_swap,7,8,False,0.7307305335998535
51014,no_swap,8,9,False,0.7689226269721985
51014,no_swap,9,10,False,0.7481784820556641
51014,no_swap,10,11,False,0.7769530415534973
51014,no_swap,11,12,False,0.7615765333175659
51014,no_swap,12,13,False,0.7686938643455505
51014,no_swap,13,14,False,0.7653465270996094
51014,no_swap,14,15,False,0.8011071681976318
51014,no_swap,15,16,False,0.7700786590576172
51014,no_swap,16,17,False,0.7564703226089478
51014,no_swap,17,18,False,0.7907633185386658
51014,no_swap,18,19,False,0.8043487071990967
51014,no_swap,19,20,False,0.7958506941795349
51014,no_swap,20,21,False,0.7982686758041382
51014,no_swap,21,22,False,0.7614685297012329
51014,no_swap,22,23,False,0.7668975591659546
51014,no_swap,23,24,False,0.7762048840522766
51014,no_swap,24,25,False,0.7663445472717285
51014,no_swap,25,26,False,0.7668061256408691
51014,no_swap,26,27,False,0.7591398358345032
51014,no_swap,27,28,False,0.7769090533256531
51014,no_swap,28,29,False,0.7882272601127625
51014,no_swap,29,30,False,0.778057336807251
51014,no_swap,30,31,False,0.7991430163383484
51014,no_swap,31,32,False,0.7819349765777588
51014,no_swap,32,33,False,0.7985761165618896
51014,no_swap,33,34,False,0.786609411239624
51014,no_swap,34,35,False,0.781582236289978
51014,no_swap,35,36,False,0.7762718200683594
51014,no_swap,36,37,False,0.8017092347145081
51014,no_swap,37,38,False,0.8050403594970703
51014,no_swap,38,39,False,0.7723791003227234
51014,no_swap,39,40,False,0.7722159624099731
51015,swap,1,2,False,0.7192679643630981
51015,swap,2,3,False,0.8286462426185608
51015,swap,3,4,False,0.8186718225479126
51015,swap,4,5,False,0.8296750783920288
51015,swap,5,6,False,0.8119674921035767
51015,swap,6,7,False,0.8414443731307983
51015,swap,7,8,False,0.8721588253974915
51015,swap,8,9,False,0.8878241777420044
51015,swap,9,10,False,0.8649120330810547
51015,swap,10,11,True,0.402334600687027
51015,swap,11,12,False,0.7988574504852295
51015,swap,12,13,False,0.8494687080383301
51015,swap,13,14,False,0.8697370886802673
51015,swap,14,15,False,0.8799899816513062
51015,swap,15,16,False,0.8783716559410095
51015,swap,16,17,False,0.8608499765396118
51015,swap,17,18,False,0.8687721490859985
51015,swap,18,19,False,0.866925835609436
51015,swap,19,20,False,0.8747586607933044
51015,swap,20,21,True,0.4456661343574524
51015,swap,21,22,False,0.83831387758255
51015,swap,22,23,False,0.8382325768470764
51015,swap,23,24,False,0.7892178893089294
51015,swap,24,25,False,0.8305375576019287
51015,swap,25,26,False,0.8374340534210205
51015,swap,26,27,False,0.8660844564437866
51015,swap,27,28,False,0.8772763013839722
51015,swap,28,29,False,0.880739688873291
51015,swap,29,30,False,0.8678708672523499
51015,swap,30,31,True,0.46344292163848877
51015,swap,31,32,False,0.8161373734474182
51015,swap,32,33,False,0.8534450531005859
51015,swap,33,34,False,0.8663009405136108
51015,swap,34,35,False,0.8535646796226501
51015,swap,35,36,False,0.8684303164482117
51015,swap,36,37,False,0.8594112992286682
51015,swap,37,38,False,0.8617631793022156
51015,swap,38,39,False,0.8797763586044312
51015,swap,39,40,False,0.8646201491355896
51015,no_swap,1,2,False,0.7192679643630981
51015,no_swap,2,3,False,0.8286462426185608
51015,no_swap,3,4,False,0.8186718225479126
51015,no_swap,4,5,False,0.8296750783920288
51015,no_swap,5,6,False,0.8119674921035767
51015,no_swap,6,7,False,0.8414443731307983
51015,no_swap,7,8,False,0.8721588253974915
51015,no_swap,8,9,False,0.8878241777420044
51015,no_swap,9,10,False,0.8649120330810547
51015,no_swap,10,11,False,0.8548117280006409
51015,no_swap,11,12,False,0.8430353403091431
51015,no_swap,12,13,False,0.8818762302398682
51015,no_swap,13,14,False,0.8991243243217468
51015,no_swap,14,15,False,0.8871642351150513
51015,no_swap,15,16,False,0.855587363243103
51015,no_swap,16,17,False,0.855058491230011
51015,no_swap,17,18,False,0.8672858476638794
51015,no_swap,18,19,False,0.8785842061042786
51015,no_swap,19,20,False,0.8858153820037842
51015,no_swap,20,21,False,0.8605033159255981
51015,no_swap,21,22,False,0.8510020971298218
51015,no_swap,22,23,False,0.8479981422424316
51015,no_swap,23,24,False,0.8049907088279724
51015,no_swap,24,25,False,0.8326063752174377
51015,no_swap,25,26,False,0.8425306081771851
51015,no_swap,26,27,False,0.87000572681427
51015,no_swap,27,28,False,0.8782534003257751
51015,no_swap,28,29,False,0.8692430257797241
51015,no_swap,29,30,False,0.8748294115066528
51015,no_swap,30,31,False,0.8566083312034607
51015,no_swap,31,32,False,0.8417895436286926
51015,no_swap,32,33,False,0.8606692552566528
51015,no_swap,33,34,False,0.8793770670890808
51015,no_swap,34,35,False,0.8457673788070679
51015,no_swap,35,36,False,0.8909021019935608
51015,no_swap,36,37,False,0.8708322048187256
51015,no_swap,37,38,False,0.8737980127334595
51015,no_swap,38,39,False,0.8909532427787781
51015,no_swap,39,40,False,0.8588215112686157
51016,swap,1,2,False,0.7202613353729248
51016,swap,2,3,False,0.782965898513794
51016,swap,3,4,False,0.8218808174133301
51016,swap,4,5,False,0.8120620250701904
51016,swap,5,6,False,0.838870108127594
51016,swap,6,7,False,0.8167182803153992
51016,swap,7,8,False,0.821749746799469
51016,swap,8,9,False,0.8276267051696777
51016,swap,9,10,False,0.8459678888320923
51016,swap,10,11,True,0.46855971217155457
51016,swap,11,12,False,0.7940444350242615
51016,swap,12,13,False,0.8253011107444763
51016,swap,13,14,False,0.8704373836517334
51016,swap,14,15,False,0.8825881481170654
51016,swap,15,16,False,0.8675938248634338
51016,swap,16,17,False,0.8307467103004456
51016,swap,17,18,False,0.8482963442802429
51016,swap,18,19,False,0.8712456226348877
51016,swap,19,20,False,0.8548818230628967
51016,swap,20,21,True,0.5174028277397156
51016,swap,21,22,False,0.8592213988304138
51016,swap,22,23,False,0.8783833384513855
51016,swap,23,24,False,0.83534836769104
51016,swap,24,25,False,0.8695059418678284
51016,swap,25,26,False,0.8722992539405823
51016,swap,26,27,False,0.8593668937683105
51016,swap,27,28,False,0.8503610491752625
51016,swap,28,29,False,0.8426169753074646
51016,swap,29,30,False,0.8516618609428406
51016,swap,30,31,True,0.5578230023384094
51016,swap,31,32,False,0.8571218252182007
51016,swap,32,33,False,0.890687882900238
51016,swap,33,34,False,0.8608839511871338
51016,swap,34,35,False,0.8694425821304321
51016,swap,35,36,False,0.8752932548522949
51016,swap,36,37,False,0.873708188533783
51016,swap,37,38,False,0.8604094982147217
51016,swap,38,39,False,0.8549794554710388
51016,swap,39,40,False,0.8287873864173889
51016,no_swap,1,2,False,0.7202613353729248
51016,no_swap,2,3,False,0.782965898513794
51016,no_swap,3,4,False,0.8218808174133301
51016,no_swap,4,5,False,0.8120620250701904
51016,no_swap,5,6,False,0.838870108127594
51016,no_swap,6,7,False,0.8167182803153992
51016,no_swap,7,8,False,0.821749746799469
51016,no_swap,8,9,False,0.8276267051696777
51016,no_swap,9,10,False,0.8459678888320923
51016,no_swap,10,11,False,0.8621219396591187
51016,no_swap,11,12,False,0.8616081476211548
51016,no_swap,12,13,False,0.8314035534858704
51016,no_swap,13,14,False,0.8679733872413635
51016,no_swap,14,15,False,0.8841230869293213
51016,no_swap,15,16,False,0.8606776595115662
51016,no_swap,16,17,False,0.8357895612716675
51016,no_swap,17,18,False,0.8536661267280579
51016,no_swap,18,19,False,0.8655627369880676
51016,no_swap,19,20,False,0.8530722260475159
51016,no_swap,20,21,False,0.8581179976463318
51016,no_swap,21,22,False,0.8603457808494568
51016,no_swap,22,23,False,0.8789312839508057
51016,no_swap,23,24,False,0.8564760088920593
51016,no_swap,24,25,False,0.8763017058372498
51016,no_swap,25,26,False,0.8767930865287781
51016,no_swap,26,27,False,0.8552622199058533
51016,no_swap,27,28,False,0.8337548971176147
51016,no_swap,28,29,False,0.8369506597518921
51016,no_swap,29,30,False,0.86457359790802
51016,no_swap,30,31,False,0.8668379187583923
51016,no_swap,31,32,False,0.8748318552970886
51016,no_swap,32,33,False,0.8651555776596069
51016,no_swap,33,34,False,0.8492276668548584
51016,no_swap,34,35,False,0.8773940801620483
51016,no_swap,35,36,False,0.8472928404808044
51016,no_swap,36,37,False,0.8499324917793274
51016,no_swap,37,38,False,0.8746765851974487
51016,no_swap,38,39,False,0.8503243923187256
51016,no_swap,39,40,False,0.8630475401878357
51017,swap,1,2,False,0.7914581894874573
51017,swap,2,3,False,0.7902496457099915
51017,swap,3,4,False,0.8375607132911682
51017,swap,4,5,False,0.8620672821998596
51017,swap,5,6,False,0.81067955493927
51017,swap,6,7,False,0.8103597164154053
51017,swap,7,8,False,0.8422115445137024
51017,swap,8,9,False,0.805927038192749
51017,swap,9,10,False,0.796889066696167
51017,swap,10,11,True,0.47945621609687805
51017,swap,11,12,False,0.767681896686554
51017,swap,12,13,False,0.7843068838119507
51017,swap,13,14,False,0.8054096698760986
51017,swap,14,15,False,0.8292754888534546
51017,swap,15,16,False,0.7941535711288452
51017,swap,16,17,False,0.8195163011550903
51017,swap,17,18,False,0.8176640868186951
51017,swap,18,19,False,0.8174457550048828
51017,swap,19,20,False,0.8137379288673401
51017,swap,20,21,True,0.5075737237930298
51017,swap,21,22,False,0.8024144768714905
51017,swap,22,23,False,0.8095496892929077
51017,swap,23,24,False,0.8321210741996765
51017,swap,24,25,False,0.8277522921562195
51017,swap,25,26,False,0.8263542056083679
51017,swap,26,27,False,0.8476541042327881
51017,swap,27,28,False,0.8303877115249634
51017,swap,28,29,False,0.8431695699691772
51017,swap,29,30,False,0.834790050983429
51017,swap,30,31,True,0.5567811131477356
51017,swap,31,32,False,0.8133678436279297
51017,swap,32,33,False,0.8059688806533813
51017,swap,33,34,False,0.8129168748855591
51017,swap,34,35,False,0.825358510017395
51017,swap,35,36,False,0.813112735748291
51017,swap,36,37,False,0.8215470314025879
51017,swap,37,38,False,0.8285744190216064
51017,swap,38,39,False,0.8163812756538391
51017,swap,39,40,False,0.826714038848877
51017,no_swap,1,2,False,0.7914581894874573
51017,no_swap,2,3,False,0.7902496457099915
51017,no_swap,3,4,False,0.8375607132911682
51017,no_swap,4,5,False,0.8620672821998596
51017,no_swap,5,6,False,0.81067955493927
51017,no_swap,6,7,False,0.8103597164154053
51017,no_swap,7,8,False,0.8422115445137024
51017,no_swap,8,9,False,0.805927038192749
51017,no_swap,9,10,False,0.796889066696167
51017,no_swap,10,11,False,0.8148747086524963
51017,no_swap,11,12,False,0.8047152757644653
51017,no_swap,12,13,False,0.8198664784431458
51017,no_swap,13,14,False,0.8071052432060242
51017,no_swap,14,15,False,0.807911217212677
51017,no_swap,15,16,False,0.7842013835906982
51017,no_swap,16,17,False,0.8327519297599792
51017,no_swap,17,18,False,0.8229441046714783
51017,no_swap,18,19,False,0.8035185933113098
51017,no_swap,19,20,False,0.8235676288604736
51017,no_swap,20,21,False,0.8171029090881348
51017,no_swap,21,22,False,0.8094363212585449
51017,no_swap,22,23,False,0.8025776743888855
51017,no_swap,23,24,False,0.8213481903076172
51017,no_swap,24,25,False,0.8352062702178955
51017,no_swap,25,26,False,0.8352522253990173
51017,no_swap,26,27,False,0.8535712361335754
51017,no_swap,27,28,False,0.8352655172348022
51017,no_swap,28,29,False,0.8445643782615662
51017,no_swap,29,30,False,0.8339180946350098
51017,no_swap,30,31,False,0.8461781144142151
51017,no_swap,31,32,False,0.8431203365325928
51017,no_swap,32,33,False,0.8337473273277283
51017,no_swap,33,34,False,0.8453838229179382
51017,no_swap,34,35,False,0.8595788478851318
51017,no_swap,35,36,False,0.8451741933822632
51017,no_swap,36,37,False,0.8236536383628845
51017,no_swap,37,38,False,0.8497543931007385
51017,no_swap,38,39,False,0.8168792724609375
51017,no_swap,39,40,False,0.8400870561599731
51018,swap,1,2,False,0.7358261346817017
51018,swap,2,3,False,0.8209395408630371
51018,swap,3,4,False,0.8386442065238953
51018,swap,4,5,False,0.8169807195663452
51018,swap,5,6,False,0.8207346200942993
51018,swap,6,7,False,0.8056973218917847
51018,swap,7,8,False,0.8060804009437561
51018,swap,8,9,False,0.8121793270111084
51018,swap,9,10,False,0.785125195980072
51018,swap,10,11,True,0.4023391604423523
51018,swap,11,12,False,0.7478188872337341
51018,swap,12,13,False,0.7731189131736755
51018,swap,13,14,False,0.7642782330513
51018,swap,14,15,False,0.7241766452789307
51018,swap,15,16,False,0.7473981976509094
51018,swap,16,17,False,0.74904465675354
51018,swap,17,18,False,0.774321436882019
51018,swap,18,19,False,0.767306923866272
51018,swap,19,20,False,0.7863323092460632
51018,swap,20,21,True,0.4270235002040863
51018,swap,21,22,False,0.8134152293205261
51018,swap,22,23,False,0.8157795071601868
51018,swap,23,24,False,0.8319573402404785
51018,swap,24,25,False,0.8358277082443237
51018,swap,25,26,False,0.8642541766166687
51018,swap,26,27,False,0.8560944199562073
51018,swap,27,28,False,0.8543199896812439
51018,swap,28,29,False,0.8474078178405762
51018,swap,29,30,False,0.81804358959198
51018,swap,30,31,True,0.44158047437667847
51018,swap,31,32,False,0.7676464915275574
51018,swap,32,33,False,0.7688326239585876
51018,swap,33,34,False,0.7441888451576233
51018,swap,34,35,False,0.7723422050476074
51018,swap,35,36,False,0.8016321659088135
51018,swap,36,37,False,0.7926045060157776
51018,swap,37,38,False,0.8119603991508484
51018,swap,38,39,False,0.7686745524406433
51018,swap,39,40,False,0.793894350528717
51018,no_swap,1,2,False,0.7358261346817017
51018,no_swap,2,3,False,0.8209395408630371
51018,no_swap,3,4,False,0.8386442065238953
51018,no_swap,4,5,False,0.8169807195663452
51018,no_swap,5,6,False,0.8207346200942993
51018,no_swap,6,7,False,0.8056973218917847
51018,no_swap,7,8,False,0.8060804009437561
51018,no_swap,8,9,False,0.8121793270111084
51018,no_swap,9,10,False,0.785125195980072
51018,no_swap,10,11,False,0.7975101470947266
51018,no_swap,11,12,False,0.7761304974555969
51018,no_swap,12,13,False,0.7954165935516357
51018,no_swap,13,14,False,0.7952344417572021
51018,no_swap,14,15,False,0.7983257174491882
51018,no_swap,15,16,False,0.8017187714576721
51018,no_swap,16,17,False,0.7975802421569824
51018,no_swap,17,18,False,0.8191344738006592
51018,no_swap,18,19,False,0.8035096526145935
51018,no_swap,19,20,False,0.8220095038414001
51018,no_swap,20,21,False,0.8335340023040771
51018,no_swap,21,22,False,0.829812228679657
51018,no_swap,22,23,False,0.8241569995880127
51018,no_swap,23,24,False,0.8379486799240112
51018,no_swap,24,25,False,0.8440014123916626
51018,no_swap,25,26,False,0.8634492754936218
51018,no_swap,26,27,False,0.8633431196212769
51018,no_swap,27,28,False,0.8513439893722534
51018,no_swap,28,29,False,0.8570554852485657
51018,no_swap,29,30,False,0.8354203701019287
51018,no_swap,30,31,False,0.8420903086662292
51018,no_swap,31,32,False,0.8597104549407959
51018,no_swap,32,33,False,0.8324459791183472
51018,no_swap,33,34,False,0.8028018474578857
51018,no_swap,34,35,False,0.8428014516830444
51018,no_swap,35,36,False,0.8533933758735657
51018,no_swap,36,37,False,0.8362451791763306
51018,no_swap,37,38,False,0.8334615230560303
51018,no_swap,38,39,False,0.8044167160987854
51018,no_swap,39,40,False,0.8347451090812683
51019,swap,1,2,False,0.7261208891868591
51019,swap,2,3,False,0.7766857743263245
51019,swap,3,4,False,0.8333500027656555
51019,swap,4,5,False,0.8529501557350159
51019,swap,5,6,False,0.853769063949585
51019,swap,6,7,False,0.8469454050064087
51019,swap,7,8,False,0.8466770052909851
51019,swap,8,9,False,0.8229978680610657
51019,swap,9,10,False,0.8340103626251221
51019,swap,10,11,True,0.4530298709869385
51019,swap,11,12,False,0.7847845554351807
51019,swap,12,13,False,0.820314347743988
51019,swap,13,14,False,0.8112992644309998
51019,swap,14,15,False,0.8260180950164795
51019,swap,15,16,False,0.8394550085067749
51019,swap,16,17,False,0.8470234870910645
51019,swap,17,18,False,0.8445248603820801
51019,swap,18,19,False,0.8511220812797546
51019,swap,19,20,False,0.8091332316398621
51019,swap,20,21,True,0.4974738359451294
51019,swap,21,22,False,0.8543662428855896
51019,swap,22,23,False,0.8538989424705505
51019,swap,23,24,False,0.85490882396698
51019,swap,24,25,False,0.8660000562667847
51019,swap,25,26,False,0.8688647747039795
51019,swap,26,27,False,0.865352988243103
51019,swap,27,28,False,0.8559335470199585
51019,swap,28,29,False,0.8724265098571777
51019,swap,29,30,False,0.8350088596343994
51019,swap,30,31,True,0.5234752893447876
51019,swap,31,32,False,0.795498788356781
51019,swap,32,33,False,0.8105534911155701
51019,swap,33,34,False,0.7747383713722229
51019,swap,34,35,False,0.7966456413269043
51019,swap,35,36,False,0.8237860798835754
51019,swap,36,37,False,0.8357850909233093
51019,swap,37,38,False,0.8191322088241577
51019,swap,38,39,False,0.8083362579345703
51019,swap,39,40,False,0.801831841468811
51019,no_swap,1,2,False,0.7261208891868591
51019,no_swap,2,3,False,0.7766857743263245
51019,no_swap,3,4,False,0.8333500027656555
51019,no_swap,4,5,False,0.8529501557350159
51019,no_swap,5,6,False,0.853769063949585
51019,no_swap,6,7,False,0.8469454050064087
51019,no_swap,7,8,False,0.8466770052909851
51019,no_swap,8,9,False,0.8229978680610657
51019,no_swap,9,10,False,0.8340103626251221
51019,no_swap,10,11,False,0.8475859761238098
51019,no_swap,11,12,False,0.8331015110015869
51019,no_swap,12,13,False,0.8427028059959412
51019,no_swap,13,14,False,0.8381882309913635
51019,no_swap,14,15,False,0.8345116376876831
51019,no_swap,15,16,False,0.8524510264396667
51019,no_swap,16,17,False,0.8628068566322327
51019,no_swap,17,18,False,0.8552085161209106
51019,no_swap,18,19,False,0.863238513469696
51019,no_swap,19,20,False,0.8279367089271545
51019,no_swap,20,21,False,0.8368737697601318
51019,no_swap,21,22,False,0.8408144116401672
51019,no_swap,22,23,False,0.8481228351593018
51019,no_swap,23,24,False,0.8529943227767944
51019,no_swap,24,25,False,0.8763826489448547
51019,no_swap,25,26,False,0.8726752996444702
51019,no_swap,26,27,False,0.8626667261123657
51019,no_swap,27,28,False,0.8627783060073853
51019,no_swap,28,29,False,0.8717709183692932
51019,no_swap,29,30,False,0.843105137348175
51019,no_swap,30,31,False,0.8469467163085938
51019,no_swap,31,32,False,0.8312367796897888
51019,no_swap,32,33,False,0.8566000461578369
51019,no_swap,33,34,False,0.8245252370834351
51019,no_swap,34,35,False,0.8308999538421631
51019,no_swap,35,36,False,0.8551802635192871
51019,no_swap,36,37,False,0.8378230333328247
51019,no_swap,37,38,False,0.8040989637374878
51019,no_swap,38,39,False,0.8362724184989929
51019,no_swap,39,40,False,0.8443973660469055
51020,swap,1,2,False,0.748497486114502
51020,swap,2,3,False,0.7969840168952942
51020,swap,3,4,False,0.812100350856781
51020,swap,4,5,False,0.8123894333839417
51020,swap,5,6,False,0.8033109903335571
51020,swap,6,7,False,0.8253867626190186
51020,swap,7,8,False,0.829833984375
51020,swap,8,9,False,0.8412909507751465
51020,swap,9,10,False,0.8421254754066467
51020,swap,10,11,True,0.3596872389316559
51020,swap,11,12,False,0.8008662462234497
51020,swap,12,13,False,0.8387230038642883
51020,swap,13,14,False,0.8146141767501831
51020,swap,14,15,False,0.8238190412521362
51020,swap,15,16,False,0.8287180066108704
51020,swap,16,17,False,0.8241285681724548
51020,swap,17,18,False,0.849159836769104
51020,swap,18,19,False,0.8200153112411499
51020,swap,19,20,False,0.8571494817733765
51020,swap,20,21,True,0.43394339084625244
51020,swap,21,22,False,0.8037813305854797
51020,swap,22,23,False,0.8490793704986572
51020,swap,23,24,False,0.8050754070281982
51020,swap,24,25,False,0.7970088720321655
51020,swap,25,26,False,0.8393091559410095
51020,swap,26,27,False,0.8180136680603027
51020,swap,27,28,False,0.8049632906913757
51020,swap,28,29,False,0.8467287421226501
51020,swap,29,30,False,0.853415846824646
51020,swap,30,31,True,0.4097732603549957
51020,swap,31,32,False,0.8501789569854736
51020,swap,32,33,False,0.8389012813568115
51020,swap,33,34,False,0.8399189114570618
51020,swap,34,35,False,0.8204858899116516
51020,swap,35,36,False,0.8764122724533081
51020,swap,36,37,False,0.8551694750785828
51020,swap,37,38,False,0.8562077283859253
51020,swap,38,39,False,0.8606846332550049
51020,swap,39,40,False,0.8499095439910889
51020,no_swap,1,2,False,0.748497486114502
51020,no_swap,2,3,False,0.7969840168952942
51020,no_swap,3,4,False,0.812100350856781
51020,no_swap,4,5,False,0.8123894333839417
51020,no_swap,5,6,False,0.8033109903335571
51020,no_swap,6,7,False,0.8253867626190186
51020,no_swap,7,8,False,0.829833984375
51020,no_swap,8,9,False,0.8412909507751465
51020,no_swap,9,10,False,0.8421254754066467
51020,no_swap,10,11,False,0.8034369945526123
51020,no_swap,11,12,False,0.8359241485595703
51020,no_swap,12,13,False,0.8396626114845276
51020,no_swap,13,14,False,0.8332595825195312
51020,no_swap,14,15,False,0.832190752029419
51020,no_swap,15,16,False,0.8280928134918213
51020,no_swap,16,17,False,0.8487564325332642
51020,no_swap,17,18,False,0.8501783013343811
51020,no_swap,18,19,False,0.8514482378959656
51020,no_swap,19,20,False,0.8602789044380188
51020,no_swap,20,21,False,0.8418205976486206
51020,no_swap,21,22,False,0.8383538722991943
51020,no_swap,22,23,False,0.8704708814620972
51020,no_swap,23,24,False,0.8371437191963196
51020,no_swap,24,25,False,0.8118224143981934
51020,no_swap,25,26,False,0.8380241394042969
51020,no_swap,26,27,False,0.8268739581108093
51020,no_swap,27,28,False,0.8207843899726868
51020,no_swap,28,29,False,0.8531148433685303
51020,no_swap,29,30,False,0.8529335856437683
51020,no_swap,30,31,False,0.8793197870254517
51020,no_swap,31,32,False,0.8582794666290283
51020,no_swap,32,33,False,0.8580890893936157
51020,no_swap,33,34,False,0.8453614115715027
51020,no_swap,34,35,False,0.8541036248207092
51020,no_swap,35,36,False,0.863278329372406
51020,no_swap,36,37,False,0.8264980316162109
51020,no_swap,37,38,False,0.8475649356842041
51020,no_swap,38,39,False,0.8388727307319641
51020,no_swap,39,40,False,0.8645275831222534
