plasticity_rule,plasticity_label,varied_parameter,multiplier,evolved_value,actual_value,fitness,clean_score,mec_degraded_score,lec_degraded_score
base,Instructive-driven,ca3_inputs_per_unit,0.1,1.0,1.0,0.7228379584904069,0.7005772980054218,0.5316666666666667,0.9362699107991325
base,Instructive-driven,ca3_inputs_per_unit,0.3,1.0,1.0,0.7228379584904069,0.7005772980054218,0.5316666666666667,0.9362699107991325
base,Instructive-driven,ca3_inputs_per_unit,0.5,1.0,1.0,0.7228379584904069,0.7005772980054218,0.5316666666666667,0.9362699107991325
base,Instructive-driven,ca3_inputs_per_unit,0.7,1.0,1.0,0.7228379584904069,0.7005772980054218,0.5316666666666667,0.9362699107991325
base,Instructive-driven,ca3_inputs_per_unit,1.0,1.0,1.0,0.7228379584904069,0.7005772980054218,0.5316666666666667,0.9362699107991325
base,Instructive-driven,ca3_inputs_per_unit,1.5,1.0,2.0,0.6891792387432524,0.6790679844220479,0.5444444444444444,0.8440252873632642
base,Instructive-driven,ca3_inputs_per_unit,2.0,1.0,2.0,0.6891792387432524,0.6790679844220479,0.5444444444444444,0.8440252873632642
base,Instructive-driven,ca3_inputs_per_unit,3.0,1.0,3.0,0.6532060741274445,0.6364368579122756,0.5366666666666666,0.7865146978033913
base,Instructive-driven,ca3_inputs_per_unit,9.0,1.0,9.0,0.6254791473680074,0.6147444144884745,0.5333333333333333,0.7283596942822138
base,Instructive-driven,k_ca3,0.1,1.0,1.0,0.7228379584904069,0.7005772980054218,0.5316666666666667,0.9362699107991325
base,Instructive-driven,k_ca3,0.3,1.0,1.0,0.7228379584904069,0.7005772980054218,0.5316666666666667,0.9362699107991325
base,Instructive-driven,k_ca3,0.5,1.0,1.0,0.7228379584904069,0.7005772980054218,0.5316666666666667,0.9362699107991325
base,Instructive-driven,k_ca3,0.7,1.0,1.0,0.7228379584904069,0.7005772980054218,0.5316666666666667,0.9362699107991325
base,Instructive-driven,k_ca3,1.0,1.0,1.0,0.7228379584904069,0.7005772980054218,0.5316666666666667,0.9362699107991325
base,Instructive-driven,k_ca3,1.5,1.0,2.0,0.7219136722441073,0.7005799404780069,0.528888888888889,0.936272187365426
base,Instructive-driven,k_ca3,2.0,1.0,2.0,0.7219136722441073,0.7005799404780069,0.528888888888889,0.936272187365426
base,Instructive-driven,k_ca3,3.0,1.0,3.0,0.7204675677749846,0.7006350416607326,0.5244444444444444,0.9363232172197766
base,Instructive-driven,k_ca3,9.0,1.0,9.0,0.617271689982326,0.5975212711758083,0.5227777777777779,0.7315160209933916
base,Instructive-driven,beta_ca3,0.1,260.9558969497681,26.09558969497681,0.4766033521294593,0.4595224728849199,0.4372222222222222,0.533065361281236
base,Instructive-driven,beta_ca3,0.3,260.9558969497681,78.28676908493043,0.6424145751970786,0.5735837782753839,0.523888888888889,0.829771058426963
base,Instructive-driven,beta_ca3,0.5,260.9558969497681,130.47794847488404,0.70334889890971,0.6679524313078987,0.525,0.9170942654212316
base,Instructive-driven,beta_ca3,0.7,260.9558969497681,182.66912786483766,0.7182095089002892,0.6950589124361674,0.5272222222222224,0.932347392042478
base,Instructive-driven,beta_ca3,1.0,260.9558969497681,260.9558969497681,0.7228379584904069,0.7005772980054218,0.5316666666666667,0.9362699107991325
base,Instructive-driven,beta_ca3,1.5,260.9558969497681,391.43384542465213,0.723325043408959,0.698794011010064,0.5344444444444445,0.9367366747723684
base,Instructive-driven,beta_ca3,2.0,260.9558969497681,521.9117938995362,0.7237118403779136,0.6988197734620837,0.5355555555555557,0.9367601921161016
base,Instructive-driven,beta_ca3,3.0,260.9558969497681,782.8676908493043,0.723898300992118,0.6988217867745293,0.5361111111111111,0.9367620050907135
base,Instructive-driven,beta_ca3,9.0,260.9558969497681,2348.6030725479127,0.723898304855382,0.6988217867745293,0.5361111111111111,0.9367620166805056
base,Instructive-driven,beta_ca1,0.1,5.0,0.5,0.6384238020799778,0.5899378840128581,0.5327777777777779,0.7925557444492976
base,Instructive-driven,beta_ca1,0.3,5.0,1.5,0.6885032639017811,0.6758233216073778,0.5311111111111111,0.8585753589868546
base,Instructive-driven,beta_ca1,0.5,5.0,2.5,0.6971606668278022,0.6740323877334594,0.5305555555555556,0.8868940571943918
base,Instructive-driven,beta_ca1,0.7,5.0,3.5,0.7102537696449844,0.6815136535962422,0.5316666666666667,0.9175809886720444
base,Instructive-driven,beta_ca1,1.0,5.0,5.0,0.7228379584904069,0.7005772980054218,0.5316666666666667,0.9362699107991325
base,Instructive-driven,beta_ca1,1.5,5.0,7.5,0.7160896619602486,0.6902792602115208,0.5311111111111112,0.926878614558114
base,Instructive-driven,beta_ca1,2.0,5.0,10.0,0.7045732805905519,0.6674591104189554,0.5322222222222223,0.9140385091304779
base,Instructive-driven,beta_ca1,3.0,5.0,15.0,0.6953038779452996,0.6549957021077474,0.5311111111111111,0.89980482061704
base,Instructive-driven,beta_ca1,9.0,5.0,45.0,0.6792146972152922,0.6326146817207338,0.5299999999999999,0.8750294099251429
base,Instructive-driven,alpha,0.1,0.00890362691879272,0.0008903626918792721,0.6859088909405249,0.6588635444641114,0.5311111111111111,0.8677520172463523
base,Instructive-driven,alpha,0.3,0.00890362691879272,0.002671088075637816,0.7078008107565067,0.6801800062921313,0.5322222222222223,0.9110002037551669
base,Instructive-driven,alpha,0.5,0.00890362691879272,0.00445181345939636,0.7192919282559994,0.6957030399640401,0.5327777777777779,0.9293949670261807
base,Instructive-driven,alpha,0.7,0.00890362691879272,0.006232538843154904,0.7217164167209907,0.69989491754108,0.5305555555555556,0.9346987770663366
base,Instructive-driven,alpha,1.0,0.00890362691879272,0.00890362691879272,0.7228379584904069,0.7005772980054218,0.5316666666666667,0.9362699107991325
base,Instructive-driven,alpha,1.5,0.00890362691879272,0.01335544037818908,0.7223064213991165,0.700591344833374,0.5299999999999999,0.9363279193639755
base,Instructive-driven,alpha,2.0,0.00890362691879272,0.01780725383758544,0.7232994869903283,0.7029054707951016,0.5305555555555556,0.9364374346203275
base,Instructive-driven,alpha,3.0,0.00890362691879272,0.02671088075637816,0.7258571017892272,0.7077118677563138,0.5327777777777779,0.9370816598335902
base,Instructive-driven,alpha,9.0,0.00890362691879272,0.08013264226913448,0.7227939251837907,0.7029178884294298,0.5299999999999999,0.9354638871219424
err2,Error-driven,ca3_inputs_per_unit,0.1,36.0,4.0,0.8241688543337361,0.9428384786181979,0.5711111111111111,0.9585569732718997
err2,Error-driven,ca3_inputs_per_unit,0.3,36.0,11.0,0.8426228757920088,0.9822635192341274,0.5694444444444445,0.9761606636974546
err2,Error-driven,ca3_inputs_per_unit,0.5,36.0,18.0,0.8278675496357458,0.9617113749186198,0.5655555555555556,0.9563357184330622
err2,Error-driven,ca3_inputs_per_unit,0.7,36.0,25.0,0.8214220669755229,0.968292707602183,0.5666666666666668,0.9293068266577191
err2,Error-driven,ca3_inputs_per_unit,1.0,36.0,36.0,0.838451959380397,0.9765055804782444,0.5661111111111111,0.9727391865518359
err2,Error-driven,ca3_inputs_per_unit,1.5,36.0,49.0,0.6393542773414541,0.6268592948383755,0.5211111111111112,0.7700924260748757
err2,Error-driven,ca3_inputs_per_unit,2.0,36.0,49.0,0.6393542773414541,0.6268592948383755,0.5211111111111112,0.7700924260748757
err2,Error-driven,ca3_inputs_per_unit,3.0,36.0,49.0,0.6393542773414541,0.6268592948383755,0.5211111111111112,0.7700924260748757
err2,Error-driven,ca3_inputs_per_unit,9.0,36.0,49.0,0.6393542773414541,0.6268592948383755,0.5211111111111112,0.7700924260748757
err2,Error-driven,k_ca3,0.1,4.0,1.0,0.8119446769908624,0.9134039621882968,0.5588888888888891,0.963541179895401
err2,Error-driven,k_ca3,0.3,4.0,1.0,0.8119446769908624,0.9134039621882968,0.5588888888888891,0.963541179895401
err2,Error-driven,k_ca3,0.5,4.0,2.0,0.8301892758740319,0.9565679555469089,0.5644444444444444,0.9695554276307424
err2,Error-driven,k_ca3,0.7,4.0,3.0,0.8346501368504983,0.9668051478597852,0.5650000000000001,0.9721452626917096
err2,Error-driven,k_ca3,1.0,4.0,4.0,0.838451959380397,0.9765055804782444,0.5661111111111111,0.9727391865518359
err2,Error-driven,k_ca3,1.5,4.0,6.0,0.8340512662905234,0.9660392149289448,0.5700000000000002,0.9661145839426252
err2,Error-driven,k_ca3,2.0,4.0,8.0,0.8329750712712606,0.9647237602869669,0.5733333333333334,0.9608681201934814
err2,Error-driven,k_ca3,3.0,4.0,12.0,0.815049431655142,0.936652004453871,0.5566666666666668,0.9518296238448883
err2,Error-driven,k_ca3,9.0,4.0,36.0,0.5905383227268854,0.6030816838476394,0.5005555555555555,0.6679777287774615
err2,Error-driven,beta_ca3,0.1,49.61400566101074,4.961400566101074,0.4474049684350137,0.43744435217645433,0.4405555555555554,0.46421499757303125
err2,Error-driven,beta_ca3,0.3,49.61400566101074,14.88420169830322,0.6311135729705845,0.6231944505373638,0.5211111111111112,0.749035157263279
err2,Error-driven,beta_ca3,0.5,49.61400566101074,24.80700283050537,0.7685614438851675,0.8433430777655707,0.5433333333333333,0.9190079205565982
err2,Error-driven,beta_ca3,0.7,49.61400566101074,34.729803962707514,0.8237809913246719,0.9451427234543694,0.565,0.9612002505196465
err2,Error-driven,beta_ca3,1.0,49.61400566101074,49.61400566101074,0.838451959380397,0.9765055804782444,0.5661111111111111,0.9727391865518359
err2,Error-driven,beta_ca3,1.5,49.61400566101074,74.4210084915161,0.8302890547778871,0.962865806420644,0.5605555555555556,0.9674458023574618
err2,Error-driven,beta_ca3,2.0,49.61400566101074,99.22801132202147,0.811305204740277,0.9574059902297125,0.5572222222222223,0.9192874017688965
err2,Error-driven,beta_ca3,3.0,49.61400566101074,148.8420169830322,0.7962656647849965,0.9331516800986396,0.5483333333333333,0.9073119809230169
err2,Error-driven,beta_ca3,9.0,49.61400566101074,446.52605094909666,0.7796776139956932,0.9036183611551919,0.5444444444444444,0.8909700363874435
err2,Error-driven,beta_ca1,0.1,61.913451480865476,6.191345148086548,0.7223929505436509,0.7363829988903469,0.5427777777777778,0.888018074962828
err2,Error-driven,beta_ca1,0.3,61.913451480865476,18.574035444259643,0.7849892339662269,0.8575190753406948,0.5538888888888889,0.9435597376690971
err2,Error-driven,beta_ca1,0.5,61.913451480865476,30.956725740432738,0.809680133064588,0.9073012084431119,0.56,0.9617391907506518
err2,Error-driven,beta_ca1,0.7,61.913451480865476,43.33941603660583,0.8288794993691974,0.9501187464925978,0.5666666666666668,0.9698530849483279
err2,Error-driven,beta_ca1,1.0,61.913451480865476,61.913451480865476,0.838451959380397,0.9765055804782444,0.5661111111111111,0.9727391865518359
err2,Error-driven,beta_ca1,1.5,61.913451480865476,92.8701772212982,0.8294111153152253,0.965952582889133,0.5577777777777778,0.9645029852787653
err2,Error-driven,beta_ca1,2.0,61.913451480865476,123.82690296173095,0.7937939796845118,0.9162560240427653,0.5572222222222223,0.9079036927885479
err2,Error-driven,beta_ca1,3.0,61.913451480865476,185.7403544425964,0.7026069594533354,0.8026346800062392,0.5116666666666666,0.7935195316871008
err2,Error-driven,beta_ca1,9.0,61.913451480865476,557.2210633277892,0.557279747945291,0.6138724870151944,0.43888888888888894,0.6190778679317899
err2,Error-driven,alpha,0.1,0.027140734910964956,0.002714073491096496,0.7404257964867131,0.7712944096989102,0.5422222222222223,0.9077607575390075
err2,Error-driven,alpha,0.3,0.027140734910964956,0.008142220473289486,0.7903504003198059,0.8659448472658794,0.5544444444444445,0.9506619092490939
err2,Error-driven,alpha,0.5,0.027140734910964956,0.013570367455482478,0.8175687727663252,0.9280171264542475,0.56,0.9646891918447283
err2,Error-driven,alpha,0.7,0.027140734910964956,0.018998514437675466,0.8324157265601334,0.9616956480344135,0.5644444444444444,0.9711070872015424
err2,Error-driven,alpha,1.0,0.027140734910964956,0.027140734910964956,0.838451959380397,0.9765055804782444,0.5661111111111111,0.9727391865518359
err2,Error-driven,alpha,1.5,0.027140734910964956,0.040711102366447434,0.8331238445970747,0.967247467305925,0.5633333333333334,0.9687907331519656
err2,Error-driven,alpha,2.0,0.027140734910964956,0.05428146982192991,0.8247268156652097,0.9488013580110337,0.5633333333333335,0.9620457556512622
err2,Error-driven,alpha,3.0,0.027140734910964956,0.08142220473289487,0.7612949923895024,0.8459106225437588,0.5444444444444446,0.8935299101803037
err2,Error-driven,alpha,9.0,0.027140734910964956,0.24426661419868462,0.49641601814164044,0.4876036964522468,0.4322222222222221,0.5694221357504526
