rule,seed,capacity,unit,category,total_variance,spatial,cue-general,cue-specific,interaction
base,53001,1,0,neutral,0.00018516602,0.00018516602,0.00014564894,0.00013449127,0.0
base,53001,1,1,spatial,0.0017395995,0.0017395995,0.00080959906,0.00068184145,0.0
base,53001,1,2,mixed,0.003026213,0.003026213,0.0037761598,0.0009783468,0.0
base,53001,1,3,mixed,0.0011915553,0.0011915553,0.0023247425,0.00049159577,0.0
base,53001,1,4,neutral,0.0003561252,0.0003561252,0.00010887119,0.00017039676,0.0
base,53001,1,5,mixed,0.001013814,0.001013814,0.0017311716,0.0001640997,0.0
base,53001,1,6,neutral,0.0007592482,0.0007592482,0.0015236189,1.7579459e-06,0.0
base,53001,1,7,cue-general,0.0014723088,0.0014723088,0.005528966,2.8756258e-06,0.0
base,53001,1,8,mixed,0.0031938874,0.0031938874,0.002645531,0.0003556045,0.0
base,53001,1,9,cue-general,0.002530285,0.002530285,0.005650273,3.8056803e-06,0.0
base,53001,1,10,spatial,0.0016102743,0.0016102743,0.0006337644,0.0006470575,0.0
base,53001,1,11,spatial,0.0011713911,0.0011713911,0.00038957878,0.00040335604,0.0
base,53001,1,12,cue-general,0.001720859,0.001720859,0.003991552,0.00015090607,0.0
base,53001,1,13,cue-general,0.0012312828,0.0012312828,0.0045084236,8.069056e-05,0.0
base,53001,1,14,cue-general,0.0018731806,0.0018731806,0.005282347,0.00020234995,0.0
base,53001,1,15,cue-general,0.0017117194,0.0017117194,0.0050582318,3.2556876e-05,0.0
base,53001,1,16,cue-general,0.0012242114,0.0012242114,0.00429257,1.3363394e-05,0.0
base,53001,1,17,mixed,0.007464228,0.007464228,0.0004370665,0.0047026956,0.0
base,53001,1,18,neutral,0.0005493222,0.0005493222,0.0012058057,1.0539673e-05,0.0
base,53001,1,19,mixed,0.0026454201,0.0026454201,0.0019532675,0.0013139811,0.0
base,53001,1,20,neutral,0.00071718777,0.00071718777,0.00061146513,0.0002392397,0.0
base,53001,1,21,neutral,0.000736075,0.000736075,0.0030812938,1.47194005e-05,0.0
base,53001,1,22,cue-general,0.0017440368,0.0017440368,0.005442433,1.4300625e-07,0.0
base,53001,1,23,cue-general,0.0023846517,0.0023846517,0.0053435075,0.00011584868,0.0
base,53001,1,24,mixed,0.0027221283,0.0027221283,0.0025564656,0.0014536151,0.0
base,53001,1,25,spatial,0.0011588841,0.0011588841,0.00043411014,0.00053981505,0.0
base,53001,1,26,mixed,0.0024998868,0.0024998868,0.0011034402,0.0014088581,0.0
base,53001,1,27,mixed,0.0019287099,0.0019287099,0.00295179,0.0004316411,0.0
base,53001,1,28,cue-general,0.0014022571,0.0014022571,0.0033288335,1.615465e-06,0.0
base,53001,1,29,neutral,0.0006751527,0.0006751527,0.0026495196,1.8553987e-05,0.0
base,53001,1,30,cue-general,0.001559068,0.001559068,0.0053577977,1.8114382e-05,0.0
base,53001,1,31,cue-general,0.0012424499,0.0012424499,0.004459063,1.1168185e-05,0.0
base,53001,1,32,cue-general,0.0019477849,0.0019477849,0.0050418796,0.0002539913,0.0
base,53001,1,33,cue-general,0.0019600866,0.0019600866,0.007330116,5.5973294e-05,0.0
base,53001,1,34,neutral,0.00073380885,0.00073380885,0.0009730267,7.624142e-05,0.0
base,53001,1,35,mixed,0.0021486098,0.0021486098,0.0020010776,0.00056839583,0.0
base,53001,1,36,neutral,0.0009814602,0.0009814602,0.0016416782,0.00015648225,0.0
base,53001,1,37,mixed,0.0016028207,0.0016028207,0.0026145615,0.00044687415,0.0
base,53001,1,38,neutral,0.00021506698,0.00021506698,1.5907217e-05,4.8554153e-05,0.0
base,53001,1,39,mixed,0.0015380222,0.0015380222,0.0024306355,0.00022232624,0.0
base,53001,1,40,mixed,0.0021026363,0.0021026363,0.0035854168,0.0002521731,0.0
base,53001,1,41,cue-general,0.0016949321,0.0016949321,0.0046425965,0.00011293823,0.0
base,53001,1,42,cue-general,0.0011513686,0.0011513686,0.0026386897,0.00010941387,0.0
base,53001,1,43,spatial,0.004999822,0.004999822,5.3732383e-06,0.0024826864,0.0
base,53001,1,44,cue-general,0.0014551549,0.0014551549,0.0053989966,1.3468077e-05,0.0
base,53001,1,45,cue-general,0.0012321813,0.0012321813,0.004037191,0.00021454485,0.0
base,53001,1,46,neutral,0.0002385154,0.0002385154,0.0003764664,1.4193086e-05,0.0
base,53001,1,47,mixed,0.0023837406,0.0023837406,0.0027505243,0.0004873042,0.0
base,53001,1,48,cue-general,0.0015993663,0.0015993663,0.00327363,3.4017805e-05,0.0
base,53001,1,49,mixed,0.0014377247,0.0014377247,0.0023956723,0.00019272596,0.0
base,53001,2,0,neutral,0.000564415,0.00048558298,0.0002430206,0.00015466915,6.664044e-05
base,53001,2,1,mixed,0.004706408,0.0025795253,0.002201509,0.0028243817,0.0020837632
base,53001,2,2,mixed,0.003835806,0.0035338218,0.004347353,0.00035812313,0.00026323867
base,53001,2,3,cue-general,0.0011980748,0.0009830763,0.002436375,0.0002574492,0.00018157272
base,53001,2,4,neutral,0.0005923248,0.0003832266,0.00027122675,0.0003304802,0.00020699605
base,53001,2,5,mixed,0.0028756727,0.0023715466,0.0025197263,0.00062575226,0.00043326252
base,53001,2,6,mixed,0.0039173434,0.003364945,0.003618989,0.0006856197,0.00049627054
base,53001,2,7,cue-general,0.0029722094,0.0022509836,0.006060353,0.0008824984,0.000721225
base,53001,2,8,mixed,0.009173017,0.007786855,0.005061406,0.0018698797,0.0011999214
base,53001,2,9,mixed,0.005808684,0.0051601995,0.006922855,0.00074393203,0.0006271715
base,53001,2,10,mixed,0.0014931133,0.0010304339,0.0008373036,0.0006733532,0.00039652508
base,53001,2,11,spatial,0.002096128,0.0018652799,0.00030407502,0.00042969885,0.00012903912
base,53001,2,12,mixed,0.004339194,0.003240117,0.0057109706,0.0014952457,0.0010577401
base,53001,2,13,cue-general,0.0014961683,0.0011275706,0.0033496497,0.0004813683,0.00033657975
base,53001,2,14,cue-general,0.0029946456,0.0025424624,0.005658893,0.00046044835,0.00044422952
base,53001,2,15,mixed,0.003963258,0.002312749,0.003831557,0.0024888467,0.0016050832
base,53001,2,16,cue-general,0.0018012935,0.0015451204,0.0042365394,0.00012403438,0.00024919794
base,53001,2,17,mixed,0.0030491292,0.00088658533,0.0006161172,0.0029096913,0.0021248716
base,53001,2,18,mixed,0.0041732537,0.0025028766,0.00018796674,0.002920322,0.0014085936
base,53001,2,19,spatial,0.0039820676,0.0034611279,0.0013360997,0.001193827,0.00030205623
base,53001,2,20,spatial,0.001678536,0.001493202,0.00011660929,0.0002337017,0.00012272423
base,53001,2,21,cue-general,0.0015507399,0.0009284748,0.0035113303,0.00071956246,0.0006220184
base,53001,2,22,cue-general,0.0039336774,0.0031011573,0.0065885824,0.0010598755,0.0008297474
base,53001,2,23,mixed,0.00546857,0.0048907287,0.006159729,0.00068774755,0.0005778284
base,53001,2,24,cue-general,0.0013119882,0.00046818197,0.0025342777,0.00088141044,0.00084225985
base,53001,2,25,neutral,0.0007208724,0.0005833021,0.00062236603,0.00011895687,0.00013535823
base,53001,2,26,spatial,0.0021844287,0.0017842,0.0003949706,0.000748269,0.0002569149
base,53001,2,27,mixed,0.0038263295,0.002688838,0.004656358,0.0016493661,0.0010310435
base,53001,2,28,mixed,0.0035754135,0.0031125424,0.00494949,0.000541515,0.00042589664
base,53001,2,29,cue-general,0.001305622,0.0009539292,0.0032653846,0.0003313668,0.00035168187
base,53001,2,30,cue-general,0.003548269,0.0026910752,0.0064863474,0.001086007,0.00084789196
base,53001,2,31,cue-general,0.002684191,0.002089936,0.0054436894,0.0006907384,0.0005811177
base,53001,2,32,mixed,0.0017077648,0.0015208368,0.003001912,0.00035946674,0.00015700774
base,53001,2,33,cue-general,0.0033497307,0.0026243895,0.007764348,0.0008231436,0.0007213544
base,53001,2,34,mixed,0.0020141846,0.001333763,0.0013165949,0.0008553565,0.0006746732
base,53001,2,35,mixed,0.0042650895,0.0034763108,0.0033170152,0.0011988812,0.0005847038
base,53001,2,36,mixed,0.0019514781,0.001548552,0.0020053366,0.00048571356,0.0003620437
base,53001,2,37,cue-general,0.003184972,0.0019277622,0.0044869645,0.0018474163,0.0011706612
base,53001,2,38,mixed,0.0016479237,0.00122706,1.2730898e-05,0.00080324203,0.00028163186
base,53001,2,39,mixed,0.003514106,0.0031303107,0.0038451927,0.0004201856,0.00038375892
base,53001,2,40,mixed,0.004457415,0.0034012808,0.004528225,0.0014169499,0.001007757
base,53001,2,41,mixed,0.0027234375,0.0020900897,0.002251619,0.0013587683,0.0005416527
base,53001,2,42,mixed,0.0037024838,0.0018274386,0.0021430592,0.0026299695,0.0018303877
base,53001,2,43,spatial,0.0051467125,0.0047177165,2.8831419e-05,0.0009751233,0.00021745822
base,53001,2,44,cue-general,0.0028420188,0.0022524192,0.0062491423,0.000644759,0.000588388
base,53001,2,45,cue-general,0.0019661898,0.0014717667,0.0041530654,0.00058493885,0.00046842828
base,53001,2,46,spatial,0.0015797265,0.0011976772,0.0005675005,0.00050401135,0.00030365898
base,53001,2,47,mixed,0.004261244,0.004049064,0.0035964237,0.00015196815,0.00021217289
base,53001,2,48,mixed,0.0052214717,0.0035922604,0.0021147144,0.0026076,0.0015825842
base,53001,2,49,mixed,0.0035051983,0.0028924698,0.003764338,0.0008447198,0.00050100894
base,53001,4,0,mixed,0.0017120187,0.0011995491,0.00039410734,0.00069938146,0.0004564735
base,53001,4,1,mixed,0.004184141,0.0019370175,0.00020216397,0.0027759068,0.0017800013
base,53001,4,2,mixed,0.0045585567,0.0037721882,0.0031334872,0.00045325336,0.00069492985
base,53001,4,3,mixed,0.0015102545,0.00045183674,0.0011306385,0.0014933998,0.0009083748
base,53001,4,4,mixed,0.0022167105,0.0012243778,2.8387485e-05,0.0011947163,0.0006254085
base,53001,4,5,mixed,0.0037158034,0.0031566548,0.0019354473,0.00026999944,0.0005175186
base,53001,4,6,spatial,0.0032505149,0.0023884908,0.0008937174,0.0010324542,0.0005942796
base,53001,4,7,cue-general,0.0024447455,0.0014555573,0.003988736,0.00052360486,0.0009378869
base,53001,4,8,spatial,0.012819579,0.0115456525,0.0030450455,0.00093155354,0.0010868852
base,53001,4,9,mixed,0.0064650686,0.005279173,0.0035410128,0.0012607378,0.0009864909
base,53001,4,10,spatial,0.0036288402,0.0030190488,6.9739515e-05,0.00067032094,0.00040586322
base,53001,4,11,spatial,0.0064198347,0.0049904254,0.00013546816,0.0018296089,0.0013004689
base,53001,4,12,mixed,0.003724705,0.0026711673,0.0038798624,0.0007668374,0.0010112514
base,53001,4,13,cue-general,0.0019366326,0.000795378,0.0023841714,0.0010675414,0.0009937815
base,53001,4,14,mixed,0.0028505335,0.001983389,0.0039631855,0.0002991051,0.00081165205
base,53001,4,15,mixed,0.0030534137,0.0018524305,0.0025654708,0.0014046223,0.0010962981
base,53001,4,16,cue-general,0.0021113001,0.0012457678,0.0033852006,0.0001862282,0.00082258537
base,53001,4,17,mixed,0.0037114907,0.0006172301,0.0012422635,0.0031036206,0.0024314553
base,53001,4,18,mixed,0.0024049275,0.0010789484,2.1008842e-05,0.0017793054,0.0011383103
base,53001,4,19,spatial,0.0053205914,0.004243708,0.0016569133,0.0010955114,0.00078107597
base,53001,4,20,spatial,0.0068111573,0.0055183414,2.7061065e-05,0.0010817648,0.001193333
base,53001,4,21,mixed,0.0023408013,0.0014812128,0.0010120783,0.0007751019,0.0006345801
base,53001,4,22,mixed,0.0028744685,0.0019146753,0.00366905,0.0007014015,0.0008549659
base,53001,4,23,mixed,0.0074737095,0.0067018145,0.004336573,0.00040962297,0.0007494901
base,53001,4,24,mixed,0.0019221025,0.00038654113,0.001442449,0.0012835951,0.0014655126
base,53001,4,25,mixed,0.001270596,0.0008266326,1.0929941e-05,0.0004420897,0.00033889842
base,53001,4,26,spatial,0.0056106257,0.0042634443,4.3501473e-06,0.0011453663,0.0011405161
base,53001,4,27,mixed,0.002903399,0.0018920894,0.0034340282,0.0004618937,0.00097633316
base,53001,4,28,mixed,0.004389557,0.0035761162,0.003476966,0.000374531,0.0007908461
base,53001,4,29,cue-general,0.0016208412,0.00062552246,0.0024278127,0.0005331134,0.0009661051
base,53001,4,30,cue-general,0.0028485588,0.0018039945,0.0041704583,0.0006313715,0.0009801056
base,53001,4,31,cue-general,0.0018219261,0.0010448449,0.002924717,0.0003290178,0.00067520165
base,53001,4,32,mixed,0.0024415539,0.0016914787,0.0021989946,0.00049968145,0.00066553673
base,53001,4,33,cue-general,0.0020030239,0.0008987899,0.0037957607,0.00071937876,0.00087275816
base,53001,4,34,mixed,0.001954641,0.0012773835,9.8444565e-05,0.00082325644,0.00048001442
base,53001,4,35,spatial,0.0052808286,0.004326288,0.0011713898,0.00087029673,0.0006614889
base,53001,4,36,mixed,0.0030305758,0.002049616,0.0021399441,0.0007110414,0.00091314496
base,53001,4,37,cue-general,0.0020718905,0.00073857926,0.003009389,0.00086929725,0.0012997447
base,53001,4,38,mixed,0.0025846395,0.001492931,2.124385e-05,0.0013599314,0.00082957774
base,53001,4,39,mixed,0.0057927687,0.0047505973,0.0025113677,0.00076118874,0.0010102573
base,53001,4,40,mixed,0.00525221,0.004326922,0.0032646246,0.00051719055,0.0008843506
base,53001,4,41,mixed,0.0036987355,0.0028698328,0.0020321882,0.0010077058,0.0006982301
base,53001,4,42,mixed,0.0025770846,0.0016328079,0.0017465889,0.0012022079,0.0009182216
base,53001,4,43,spatial,0.007836924,0.0061846687,4.3263044e-05,0.0015501182,0.0014303817
base,53001,4,44,cue-general,0.0021978498,0.0012912793,0.004068937,0.00027625496,0.0008711777
base,53001,4,45,cue-general,0.0014403136,0.00077489146,0.0025899448,0.00016519285,0.00063195406
base,53001,4,46,mixed,0.004025543,0.0016003461,6.544271e-05,0.0030705743,0.001852839
base,53001,4,47,spatial,0.0073641045,0.006677229,0.0030617667,0.00026957068,0.0006439833
base,53001,4,48,spatial,0.006679542,0.0051602614,0.0015881237,0.002401493,0.0014511801
base,53001,4,49,mixed,0.0033819275,0.0025541282,0.0023752651,0.000506981,0.0007639099
err2,53001,1,0,spatial,0.0051991325,0.0051991325,0.00023966306,3.4263856e-05,0.0
err2,53001,1,1,mixed,0.00934641,0.00934641,0.0004480909,0.0056046518,0.0
err2,53001,1,2,mixed,0.03405939,0.03405939,0.029821482,0.0007599222,0.0
err2,53001,1,3,cue-general,0.0030187354,0.0030187354,0.007111309,3.544015e-05,0.0
err2,53001,1,4,spatial,0.0012417806,0.0012417806,0.00024094044,4.2587e-08,0.0
err2,53001,1,5,spatial,0.008090748,0.008090748,0.0014923034,0.0011346716,0.0
err2,53001,1,6,cue-general,0.0031493,0.0031493,0.006727772,0.00035148024,0.0
err2,53001,1,7,mixed,0.0029308782,0.0029308782,0.0046116062,9.290889e-06,0.0
err2,53001,1,8,spatial,0.047998138,0.047998138,2.1078404e-05,0.022080302,0.0
err2,53001,1,9,spatial,0.011492298,0.011492298,0.0026330084,0.0023394627,0.0
err2,53001,1,10,cue-general,0.0047241915,0.0047241915,0.010141232,0.00018093208,0.0
err2,53001,1,11,spatial,0.0071271844,0.0071271844,0.00013426982,1.626328e-05,0.0
err2,53001,1,12,mixed,0.0053976197,0.0053976197,0.0033544607,0.0032927874,0.0
err2,53001,1,13,cue-general,0.002259167,0.002259167,0.0059418622,0.00029345663,0.0
err2,53001,1,14,mixed,0.0038934734,0.0038934734,0.004798312,5.964732e-05,0.0
err2,53001,1,15,mixed,0.0045516505,0.0045516505,0.0024874338,6.609213e-05,0.0
err2,53001,1,16,mixed,0.001931745,0.001931745,0.0029367688,0.00075157935,0.0
err2,53001,1,17,spatial,0.006058666,0.006058666,0.00088013936,9.208939e-05,0.0
err2,53001,1,18,mixed,0.005119867,0.005119867,0.0052626464,2.9269465e-06,0.0
err2,53001,1,19,mixed,0.005109897,0.005109897,0.0070176874,1.2304978e-05,0.0
err2,53001,1,20,spatial,0.013168894,0.013168894,0.0042638956,0.0023314692,0.0
err2,53001,1,21,mixed,0.0020301898,0.0020301898,0.0027952201,1.8940631e-05,0.0
err2,53001,1,22,cue-general,0.004229052,0.004229052,0.015521018,2.5435156e-05,0.0
err2,53001,1,23,mixed,0.014919387,0.014919387,0.008266742,0.0018599086,0.0
err2,53001,1,24,spatial,0.0051132934,0.0051132934,0.002009349,3.6741192e-05,0.0
err2,53001,1,25,mixed,0.022383688,0.022383688,0.025336811,0.0043770876,0.0
err2,53001,1,26,spatial,0.012980485,0.012980485,0.0018180953,0.0022299746,0.0
err2,53001,1,27,spatial,0.011060003,0.011060003,0.0004409583,0.001081116,0.0
err2,53001,1,28,mixed,0.008467771,0.008467771,0.0012159527,0.010316753,0.0
err2,53001,1,29,mixed,0.004368571,0.004368571,0.0034554247,5.911888e-06,0.0
err2,53001,1,30,cue-general,0.003084388,0.003084388,0.00846902,6.522666e-06,0.0
err2,53001,1,31,cue-general,0.0038342867,0.0038342867,0.011131363,0.0004172089,0.0
err2,53001,1,32,cue-general,0.005953194,0.005953194,0.014057575,0.00030205582,0.0
err2,53001,1,33,neutral,0.0003231598,0.0003231598,0.00020700337,8.381564e-06,0.0
err2,53001,1,34,cue-general,0.004423121,0.004423121,0.009515913,1.1684038e-05,0.0
err2,53001,1,35,spatial,0.013526803,0.013526803,0.0014722282,0.005984672,0.0
err2,53001,1,36,mixed,0.008157217,0.008157217,0.0012526164,0.004739976,0.0
err2,53001,1,37,spatial,0.005244694,0.005244694,0.0001518687,0.0020826957,0.0
err2,53001,1,38,spatial,0.0057499246,0.0057499246,0.00040690356,0.0014532368,0.0
err2,53001,1,39,mixed,0.0028728233,0.0028728233,0.0016344627,0.002863318,0.0
err2,53001,1,40,spatial,0.022171866,0.022171866,3.8719245e-05,0.0062150233,0.0
err2,53001,1,41,cue-general,0.003039345,0.003039345,0.007237011,2.861474e-05,0.0
err2,53001,1,42,cue-general,0.004615253,0.004615253,0.00995407,0.00039112207,0.0
err2,53001,1,43,spatial,0.01258392,0.01258392,0.002785926,0.0001256628,0.0
err2,53001,1,44,mixed,0.0011532581,0.0011532581,0.0007983058,1.4440588e-05,0.0
err2,53001,1,45,spatial,0.001368354,0.001368354,0.00019071753,0.00016880833,0.0
err2,53001,1,46,spatial,0.008441431,0.008441431,0.00014116227,0.0010702494,0.0
err2,53001,1,47,mixed,0.012976242,0.012976242,0.0002284914,0.0073819887,0.0
err2,53001,1,48,mixed,0.0048526805,0.0048526805,0.009029621,0.0007974872,0.0
err2,53001,1,49,mixed,0.010285122,0.010285122,0.00018335883,0.0072377324,0.0
err2,53001,2,0,spatial,0.0095582865,0.0071417284,0.0013448211,0.00012596457,0.00241637
err2,53001,2,1,mixed,0.017888641,0.0068384893,0.0016609995,0.016918488,0.0109248
err2,53001,2,2,spatial,0.00455516,0.0031393657,0.0004853797,4.9740527e-05,0.0014118839
err2,53001,2,3,mixed,0.0062889606,0.004373012,0.00018598461,0.0044116164,0.0014575567
err2,53001,2,4,mixed,0.009094727,0.0041667675,0.0017541404,0.002330966,0.004856567
err2,53001,2,5,spatial,0.008566194,0.0076808734,0.0013773952,0.00017005915,0.000777048
err2,53001,2,6,mixed,0.0062252074,0.005019471,0.003981519,0.00059865846,0.0010368727
err2,53001,2,7,mixed,0.0022119554,0.0010437208,0.0002515381,0.00035837304,0.0011669974
err2,53001,2,8,spatial,0.079851165,0.06540978,0.00034244487,0.02880393,0.009627319
err2,53001,2,9,spatial,0.013756212,0.010485117,3.0436178e-05,0.0029100638,0.0023114083
err2,53001,2,10,spatial,0.011235172,0.009659434,0.000560886,0.0018575508,0.0013132046
err2,53001,2,11,spatial,0.019274144,0.016842997,0.0015281263,0.00036640535,0.0022185405
err2,53001,2,12,mixed,0.009105191,0.0051730573,0.0002871773,0.0019932615,0.0038731303
err2,53001,2,13,mixed,0.010324981,0.0073545664,0.00017505199,0.006372269,0.0020244906
err2,53001,2,14,mixed,0.0012465164,0.0005272537,8.1174076e-05,3.942705e-05,0.0007178062
err2,53001,2,15,mixed,0.008430893,0.003456876,1.2357026e-06,0.006484316,0.004875763
err2,53001,2,16,spatial,0.003190987,0.0022977667,6.825212e-05,0.00045108332,0.0008923991
err2,53001,2,17,spatial,0.0214864,0.01490599,0.00016515426,0.005168907,0.0065039424
err2,53001,2,18,mixed,0.0065238965,0.003330322,0.00035567814,0.0044419416,0.002894747
err2,53001,2,19,spatial,0.011462819,0.009817802,0.0008556842,0.0008596798,0.0013814564
err2,53001,2,20,spatial,0.024911653,0.021751134,0.00064672885,0.0065031997,0.0017245886
err2,53001,2,21,spatial,0.016726067,0.013283347,0.0033413596,0.006183198,0.0020921018
err2,53001,2,22,mixed,0.0022497105,0.0009924448,0.0003437161,0.00018355403,0.0012424747
err2,53001,2,23,spatial,0.028826123,0.025394676,0.0010038806,0.0029450294,0.002812969
err2,53001,2,24,mixed,0.018040355,0.009233593,0.0005034875,0.007678962,0.008716928
err2,53001,2,25,spatial,0.0248283,0.022223819,0.010364242,0.0011800666,0.0019585206
err2,53001,2,26,spatial,0.03543574,0.030481651,3.6906167e-05,0.009972251,0.0032116226
err2,53001,2,27,spatial,0.014395092,0.0125311725,0.00055125565,0.0014790077,0.0015160776
err2,53001,2,28,mixed,0.005882591,0.004126689,0.00064851844,0.0044636033,0.001138393
err2,53001,2,29,spatial,0.0041350643,0.0030648473,2.1072474e-07,0.00011497928,0.00099584
err2,53001,2,30,mixed,0.0041681794,0.0021209626,0.0021094924,0.00044017934,0.002011659
err2,53001,2,31,spatial,0.0048171002,0.003747372,0.00074102037,0.00029856074,0.0010608803
err2,53001,2,32,cue-specific,0.0043464545,0.0016244513,0.0001479096,0.00665166,0.0019601884
err2,53001,2,33,neutral,0.00014370045,5.3111562e-05,1.6725262e-05,3.3873512e-06,8.987199e-05
err2,53001,2,34,spatial,0.0068268557,0.006100465,4.3031487e-05,0.0016109218,0.0007089199
err2,53001,2,35,spatial,0.020258002,0.01832308,0.001149793,0.004928222,0.0013574552
err2,53001,2,36,spatial,0.008986544,0.007826287,1.0981919e-06,0.0021215086,0.0010373852
err2,53001,2,37,mixed,0.0030041307,0.0018213904,0.0003852302,0.001634988,0.0009413783
err2,53001,2,38,mixed,0.020484483,0.011830734,1.031289e-06,0.006376566,0.008631977
err2,53001,2,39,mixed,0.008463251,0.00665052,0.00046702434,0.005069922,0.0012530026
err2,53001,2,40,spatial,0.019262498,0.015601361,0.0016569576,0.004298477,0.0028902325
err2,53001,2,41,cue-specific,0.0095413085,0.0039373324,1.4098669e-05,0.022448445,0.0041250647
err2,53001,2,42,mixed,0.011256857,0.0053188745,0.0011277581,0.0076928786,0.005529344
err2,53001,2,43,spatial,0.02513809,0.02211109,0.000109146036,0.0032934507,0.0024047575
err2,53001,2,44,mixed,0.0012983077,0.0005591979,5.818367e-05,0.00010699608,0.0007352637
err2,53001,2,45,mixed,0.0036950035,0.0022894025,0.0005379544,0.0017328038,0.0013277164
err2,53001,2,46,spatial,0.015748477,0.01354459,4.1761075e-05,0.0040145805,0.001450575
err2,53001,2,47,spatial,0.015227115,0.012857041,0.00041236324,0.0043513584,0.001458655
err2,53001,2,48,mixed,0.010200287,0.006354059,0.002090953,0.0071867984,0.0037994822
err2,53001,2,49,mixed,0.011871403,0.010239892,0.0004668558,0.0055543855,0.0011029185
err2,53001,4,0,mixed,0.020829983,0.012871786,0.00049084437,0.0039003186,0.007281667
err2,53001,4,1,mixed,0.033416927,0.012774642,0.004675229,0.018365826,0.018240437
err2,53001,4,2,mixed,0.004757848,0.0031054234,0.00026352017,0.00033378383,0.0016143034
err2,53001,4,3,mixed,0.008768061,0.0042662094,0.0017283818,0.0027846564,0.004089376
err2,53001,4,4,mixed,0.010247772,0.0059076445,0.000118750584,0.0046151867,0.0034832244
err2,53001,4,5,mixed,0.011321469,0.0065997625,0.004428663,0.002949923,0.004174413
err2,53001,4,6,mixed,0.012078153,0.006529155,0.004607242,0.0019226002,0.0051524006
err2,53001,4,7,mixed,0.0046767197,0.0027062157,0.00061639067,0.0014057987,0.001839312
err2,53001,4,8,spatial,0.07943751,0.06132807,0.000120965946,0.020661518,0.014483656
err2,53001,4,9,spatial,0.014396398,0.011322799,0.00024073481,0.00024736655,0.002786815
err2,53001,4,10,spatial,0.026500756,0.022739138,0.0010916747,0.00091381633,0.0034251648
err2,53001,4,11,spatial,0.035418823,0.029979076,0.00040969392,0.001001063,0.005089911
err2,53001,4,12,mixed,0.016894806,0.008444581,0.00058988534,0.004281736,0.008347723
err2,53001,4,13,mixed,0.015904002,0.00795633,0.00011390363,0.005588407,0.0062350715
err2,53001,4,14,mixed,0.0018100238,0.0007936575,1.839343e-05,0.00028903634,0.0010012634
err2,53001,4,15,mixed,0.021875396,0.013465525,1.8179496e-06,0.0064655826,0.0072481143
err2,53001,4,16,mixed,0.0019093863,0.0007808828,2.1804526e-05,0.0011942328,0.0010011359
err2,53001,4,17,mixed,0.025184782,0.014617014,0.004377737,0.008673446,0.00862748
err2,53001,4,18,mixed,0.009228613,0.0043390812,0.0025418955,0.0066274228,0.0041687815
err2,53001,4,19,spatial,0.018603198,0.014300597,0.0031463243,0.0048832893,0.003450516
err2,53001,4,20,spatial,0.039236687,0.032546382,0.000827436,0.007756426,0.006119245
err2,53001,4,21,spatial,0.022637207,0.015765116,0.0003403765,0.0057330397,0.004403336
err2,53001,4,22,mixed,0.00206448,0.00067616557,5.0337145e-05,0.00016346392,0.0013256362
err2,53001,4,23,spatial,0.040675152,0.03493755,0.0010732778,0.002919014,0.0051132967
err2,53001,4,24,mixed,0.033089682,0.01567718,0.0002760961,0.01758952,0.016246859
err2,53001,4,25,spatial,0.034305207,0.026555039,0.0051496043,0.0053775418,0.005922298
err2,53001,4,26,spatial,0.045898028,0.03335394,0.0014277989,0.012874031,0.010980362
err2,53001,4,27,spatial,0.012503964,0.008402077,1.1552378e-05,0.003539867,0.003342303
err2,53001,4,28,mixed,0.0048218686,0.0019514073,1.4280965e-06,0.0023923435,0.002555717
err2,53001,4,29,mixed,0.0052721496,0.0023049864,1.2957127e-06,0.0021134627,0.0026320834
err2,53001,4,30,mixed,0.0056878566,0.0030454407,0.002473318,0.0014279565,0.0025246132
err2,53001,4,31,spatial,0.0077276183,0.005546585,3.4451296e-05,0.0005942148,0.001751391
err2,53001,4,32,mixed,0.0077406587,0.00340274,0.001627354,0.0069917766,0.0035815986
err2,53001,4,33,mixed,0.0017340422,0.00032888417,0.000115534895,0.0008672353,0.0009744175
err2,53001,4,34,spatial,0.016695922,0.012455181,0.00044004695,0.0032647965,0.0036943704
err2,53001,4,35,spatial,0.016542887,0.013963735,0.001754077,0.0026070033,0.0021914986
err2,53001,4,36,mixed,0.0050095133,0.0018937832,0.00046306767,0.0028926912,0.0028852564
err2,53001,4,37,mixed,0.008343793,0.0018505134,0.00077793637,0.00798516,0.0054376125
err2,53001,4,38,mixed,0.01357712,0.0066300724,0.0007088344,0.004198795,0.0062509943
err2,53001,4,39,spatial,0.012663738,0.008206781,2.1852547e-06,0.0031615444,0.0039185565
err2,53001,4,40,spatial,0.033821985,0.027362535,0.00023001175,0.0034973498,0.0054370137
err2,53001,4,41,mixed,0.016460635,0.011560605,0.00025057065,0.0072165057,0.004354526
err2,53001,4,42,mixed,0.01414882,0.006718049,0.0010565977,0.010455022,0.006592313
err2,53001,4,43,spatial,0.028723275,0.02181972,1.0562143e-05,0.0025476436,0.0056498535
err2,53001,4,44,mixed,0.0011327099,0.00033019626,6.845854e-05,0.00040639058,0.0007888701
err2,53001,4,45,mixed,0.009983681,0.0061989073,0.00017797618,0.001092528,0.00357016
err2,53001,4,46,mixed,0.021300446,0.009463924,0.0050422307,0.014962321,0.008512923
err2,53001,4,47,spatial,0.028440107,0.021606922,1.5286836e-05,0.0035725005,0.005903909
err2,53001,4,48,mixed,0.02040566,0.012991692,0.0042990446,0.009189766,0.007287225
err2,53001,4,49,mixed,0.009342021,0.004889354,0.00018995503,0.004124238,0.004056136
