root_seed,key_mode,fraction,mask_index,dropped_lec_units,cue_accuracy,mec_cosine,output_cosine,key_cosine
51001,normal,0.0,0,0,1.0,0.9039511968722554,0.9514526540459769,1.0
51001,normal,0.0,1,0,1.0,0.9039511968722554,0.9514526540459769,1.0
51001,normal,0.0,2,0,1.0,0.9039511968722554,0.9514526540459769,1.0
51001,normal,0.0,3,0,1.0,0.9039511968722554,0.9514526540459769,1.0
51001,normal,0.0,4,0,1.0,0.9039511968722554,0.9514526540459769,1.0
51001,normal,0.0,5,0,1.0,0.9039511968722554,0.9514526540459769,1.0
51001,normal,0.0,6,0,1.0,0.9039511968722554,0.9514526540459769,1.0
51001,normal,0.0,7,0,1.0,0.9039511968722554,0.9514526540459769,1.0
51001,normal,0.0,8,0,1.0,0.9039511968722554,0.9514526540459769,1.0
51001,normal,0.0,9,0,1.0,0.9039511968722554,0.9514526540459769,1.0
51001,normal,0.0,10,0,1.0,0.9039511968722554,0.9514526540459769,1.0
51001,normal,0.0,11,0,1.0,0.9039511968722554,0.9514526540459769,1.0
51001,normal,0.25,0,6,1.0,0.8629608065851333,0.8759099671192176,0.8437866420235806
51001,normal,0.25,1,6,1.0,0.8428023413625203,0.8953602745661905,0.8711056903994039
51001,normal,0.25,2,6,1.0,0.8584173186800205,0.8755074419431655,0.8125847646794532
51001,normal,0.25,3,6,1.0,0.8389512979853874,0.9060793077653017,0.8471155051468549
51001,normal,0.25,4,6,1.0,0.8403706522893009,0.8979473912052139,0.8492965875215333
51001,normal,0.25,5,6,1.0,0.8690312035087661,0.8862181385115829,0.7917794406521748
51001,normal,0.25,6,6,1.0,0.7895573250639103,0.8656332644077203,0.7405740245035272
51001,normal,0.25,7,6,1.0,0.8174200794606121,0.8977864771103629,0.8719279944051636
51001,normal,0.25,8,6,1.0,0.8750241596590347,0.8976920198216817,0.8554700172842239
51001,normal,0.25,9,6,1.0,0.830069589985384,0.9014195591937515,0.8183126223980404
51001,normal,0.25,10,6,1.0,0.8200109332696315,0.8910352471798438,0.840654688139351
51001,normal,0.25,11,6,1.0,0.8267502971918478,0.9155391182477358,0.8808808167491293
51001,normal,0.5,0,12,1.0,0.8146698046168178,0.7913352597838997,0.7432083344531556
51001,normal,0.5,1,12,1.0,0.7509721253563905,0.7871846072006725,0.7703452200605647
51001,normal,0.5,2,12,1.0,0.8079447005073916,0.8682322466187299,0.7014747973121334
51001,normal,0.5,3,12,1.0,0.8042023302365187,0.8420076976834645,0.7011535347812382
51001,normal,0.5,4,12,1.0,0.7690276875768857,0.7808906742587348,0.7212312190358713
51001,normal,0.5,5,12,0.5,0.8320002583438085,0.8190459036586307,0.7107062473204462
51001,normal,0.5,6,12,1.0,0.6898626997284468,0.647352945329244,0.6757486413596494
51001,normal,0.5,7,12,1.0,0.8033751642070394,0.8142583628110746,0.7850190337760634
51001,normal,0.5,8,12,1.0,0.7988379579328635,0.7768516840683614,0.7097246740313078
51001,normal,0.5,9,12,1.0,0.7815996227285289,0.8164290090029696,0.6645123925413431
51001,normal,0.5,10,12,0.5,0.7512170607757824,0.7527797367617203,0.7000809108438051
51001,normal,0.5,11,12,1.0,0.7465214864642286,0.7064769389172977,0.6646408149746657
51001,normal,0.75,0,19,1.0,0.7624614901561262,0.6983008496384291,0.5927935291803729
51001,normal,0.75,1,19,0.5,0.8283935612740398,0.7427621091085108,0.6202035900982448
51001,normal,0.75,2,19,0.5,0.7741177434773021,0.7154669646800397,0.6796746855393323
51001,normal,0.75,3,19,1.0,0.8209815992800555,0.7609111902967558,0.6165489169638108
51001,normal,0.75,4,19,1.0,0.7758661158065319,0.7271084137437236,0.6036724792891005
51001,normal,0.75,5,19,0.5,0.7091036228416661,0.6226640691307086,0.6343447051091534
51001,normal,0.75,6,19,0.5,0.8154265980330999,0.7543585215103996,0.616943909772862
51001,normal,0.75,7,19,1.0,0.7156235538161902,0.6297008589889571,0.5852754325754931
51001,normal,0.75,8,19,0.0,0.7438533137422428,0.6577975464883825,0.6177680974612276
51001,normal,0.75,9,19,1.0,0.7950770396409088,0.7412924283108032,0.5829986413331331
51001,normal,0.75,10,19,1.0,0.7842390776903563,0.7583280118673372,0.6075603004569379
51001,normal,0.75,11,19,0.0,0.7256701299365531,0.6052898631004547,0.6061734783162135
51001,normal,0.9,0,22,0.5,0.7259006131574784,0.5932156961734888,0.5965092023005084
51001,normal,0.9,1,22,0.0,0.7539354801964602,0.6516582188554492,0.5600630985306005
51001,normal,0.9,2,22,0.0,0.7454910757976382,0.6282520438122937,0.6155272491199796
51001,normal,0.9,3,22,0.5,0.7991368488518868,0.6939127603871649,0.6069926167719071
51001,normal,0.9,4,22,0.5,0.8064321943426128,0.7069720563151478,0.5708017316231065
51001,normal,0.9,5,22,0.0,0.7420995662362313,0.6165628466957417,0.5917616048046781
51001,normal,0.9,6,22,0.5,0.8072904140650699,0.6913769669831363,0.5638780262607866
51001,normal,0.9,7,22,0.5,0.768316017334395,0.6604996269232447,0.6406529381148057
51001,normal,0.9,8,22,0.0,0.7653906963879171,0.6214975743637496,0.6043425016589964
51001,normal,0.9,9,22,0.0,0.7332287062902552,0.5837508564041526,0.5970318234196867
51001,normal,0.9,10,22,1.0,0.7730701841695378,0.6773729853826994,0.569530085706337
51001,normal,0.9,11,22,0.5,0.7646487619158572,0.642671443236389,0.5652749403703006
51001,shuffled,0.0,0,0,1.0,0.9028164502938293,0.952995755740707,1.0
51001,shuffled,0.0,1,0,1.0,0.9028164502938293,0.952995755740707,1.0
51001,shuffled,0.0,2,0,1.0,0.9028164502938293,0.952995755740707,1.0
51001,shuffled,0.0,3,0,1.0,0.9028164502938293,0.952995755740707,1.0
51001,shuffled,0.0,4,0,1.0,0.9028164502938293,0.952995755740707,1.0
51001,shuffled,0.0,5,0,1.0,0.9028164502938293,0.952995755740707,1.0
51001,shuffled,0.0,6,0,1.0,0.9028164502938293,0.952995755740707,1.0
51001,shuffled,0.0,7,0,1.0,0.9028164502938293,0.952995755740707,1.0
51001,shuffled,0.0,8,0,1.0,0.9028164502938293,0.952995755740707,1.0
51001,shuffled,0.0,9,0,1.0,0.9028164502938293,0.952995755740707,1.0
51001,shuffled,0.0,10,0,1.0,0.9028164502938293,0.952995755740707,1.0
51001,shuffled,0.0,11,0,1.0,0.9028164502938293,0.952995755740707,1.0
51001,shuffled,0.25,0,6,1.0,0.863500558180327,0.9252821124299002,0.90946922709196
51001,shuffled,0.25,1,6,1.0,0.8508653263557525,0.8964799775716097,0.8976098957607038
51001,shuffled,0.25,2,6,1.0,0.8467685788040278,0.9158123696965157,0.8902408230445201
51001,shuffled,0.25,3,6,1.0,0.8363768496109769,0.8900082084058026,0.8549426340709481
51001,shuffled,0.25,4,6,1.0,0.8138635128544331,0.875999869708262,0.8489149237542865
51001,shuffled,0.25,5,6,1.0,0.8486767259404451,0.9105094741807936,0.871058192063392
51001,shuffled,0.25,6,6,1.0,0.8223065963353168,0.8641240548206376,0.8449325209965178
51001,shuffled,0.25,7,6,1.0,0.8466850822972575,0.8987391564099474,0.8444395023534337
51001,shuffled,0.25,8,6,1.0,0.8538795333342708,0.9223465664060895,0.8329465940618107
51001,shuffled,0.25,9,6,1.0,0.8044919291610648,0.8509653090447942,0.8713903495011158
51001,shuffled,0.25,10,6,1.0,0.8082893896611477,0.8700600634107125,0.8861079215460004
51001,shuffled,0.25,11,6,1.0,0.7894291743657282,0.8827362015917127,0.8712079433278817
51001,shuffled,0.5,0,12,1.0,0.7988144446002079,0.7955698461592938,0.7785320282666427
51001,shuffled,0.5,1,12,1.0,0.8185321650894841,0.8603585336590946,0.8321360866045647
51001,shuffled,0.5,2,12,1.0,0.812900329955318,0.8450602686338093,0.8140570674173161
51001,shuffled,0.5,3,12,1.0,0.7804580751036697,0.8106749598576524,0.7820233232557495
51001,shuffled,0.5,4,12,1.0,0.8252466040224263,0.8691161811625411,0.8538655859228501
51001,shuffled,0.5,5,12,1.0,0.8304559033319898,0.8276976796953618,0.7941410547752902
51001,shuffled,0.5,6,12,1.0,0.6582185509830586,0.6658802519528073,0.7587373826875645
51001,shuffled,0.5,7,12,1.0,0.8037235640970221,0.8266682832022181,0.8342685232635643
51001,shuffled,0.5,8,12,1.0,0.7987005503875058,0.8292686752794437,0.7572690410524274
51001,shuffled,0.5,9,12,1.0,0.775613648400189,0.7665498289509338,0.7441078095505695
51001,shuffled,0.5,10,12,1.0,0.7942269092419835,0.8389608348048602,0.7871450417719302
51001,shuffled,0.5,11,12,1.0,0.782380406103516,0.8278003574520949,0.8045597333537424
51001,shuffled,0.75,0,19,1.0,0.7998714697504049,0.7627623035652766,0.7716039667390302
51001,shuffled,0.75,1,19,1.0,0.7588434802447902,0.7507843722322248,0.7605166335172183
51001,shuffled,0.75,2,19,1.0,0.7609565459777753,0.7350106284562123,0.7883032404570409
51001,shuffled,0.75,3,19,1.0,0.7627913080153291,0.7467305126093161,0.7923229911244811
51001,shuffled,0.75,4,19,1.0,0.8165009699660001,0.7863248825031449,0.7607695076492392
51001,shuffled,0.75,5,19,1.0,0.7686904469112986,0.757232347989766,0.7884452791281903
51001,shuffled,0.75,6,19,1.0,0.8308270475205672,0.7851646302795161,0.7609581156364186
51001,shuffled,0.75,7,19,1.0,0.8072747619948042,0.7479569100123746,0.7193253927544336
51001,shuffled,0.75,8,19,1.0,0.771424819779944,0.7455991970031134,0.7272055184332732
51001,shuffled,0.75,9,19,1.0,0.8101073453759936,0.7826722334098978,0.7861079910237774
51001,shuffled,0.75,10,19,1.0,0.748337327964341,0.6706910031084794,0.7297212660782728
51001,shuffled,0.75,11,19,0.5,0.7979419389982101,0.743814617791145,0.7810456847262013
51001,shuffled,0.9,0,22,1.0,0.7662613317191961,0.7008166625754982,0.7553537185379752
51001,shuffled,0.9,1,22,1.0,0.769554890237832,0.7050804636777745,0.7636735116016644
51001,shuffled,0.9,2,22,1.0,0.7556399369066152,0.6447069967562156,0.7053416875495025
51001,shuffled,0.9,3,22,1.0,0.813415121634608,0.7575608041814852,0.7627295231398007
51001,shuffled,0.9,4,22,1.0,0.7862578504634254,0.7084233720540677,0.7197611733742151
51001,shuffled,0.9,5,22,1.0,0.7947223060164683,0.7435342613044642,0.7524102432847423
51001,shuffled,0.9,6,22,1.0,0.7123516227670863,0.6174285404299248,0.6985966125952929
51001,shuffled,0.9,7,22,1.0,0.7596973622194068,0.6943812471675433,0.7321797581412823
51001,shuffled,0.9,8,22,1.0,0.7951764864448293,0.7495596041226779,0.7683014984493366
51001,shuffled,0.9,9,22,1.0,0.7551520563238171,0.6950894801901264,0.7745177775508482
51001,shuffled,0.9,10,22,0.5,0.7861473817556822,0.7237060520383453,0.7665512885900102
51001,shuffled,0.9,11,22,1.0,0.7904221454794115,0.6853583235955696,0.7148758716450572
51001,dense,0.0,0,0,0.5,0.2586084208914365,0.21727860975099886,0.9999999999999999
51001,dense,0.0,1,0,0.5,0.2586084208914365,0.21727860975099886,0.9999999999999999
51001,dense,0.0,2,0,0.5,0.2586084208914365,0.21727860975099886,0.9999999999999999
51001,dense,0.0,3,0,0.5,0.2586084208914365,0.21727860975099886,0.9999999999999999
51001,dense,0.0,4,0,0.5,0.2586084208914365,0.21727860975099886,0.9999999999999999
51001,dense,0.0,5,0,0.5,0.2586084208914365,0.21727860975099886,0.9999999999999999
51001,dense,0.0,6,0,0.5,0.2586084208914365,0.21727860975099886,0.9999999999999999
51001,dense,0.0,7,0,0.5,0.2586084208914365,0.21727860975099886,0.9999999999999999
51001,dense,0.0,8,0,0.5,0.2586084208914365,0.21727860975099886,0.9999999999999999
51001,dense,0.0,9,0,0.5,0.2586084208914365,0.21727860975099886,0.9999999999999999
51001,dense,0.0,10,0,0.5,0.2586084208914365,0.21727860975099886,0.9999999999999999
51001,dense,0.0,11,0,0.5,0.2586084208914365,0.21727860975099886,0.9999999999999999
51001,dense,0.25,0,6,0.5,0.2586084208914365,0.21727860975099886,0.9999999999999999
51001,dense,0.25,1,6,0.5,0.2586084208914365,0.21727860975099886,0.9999999999999999
51001,dense,0.25,2,6,0.5,0.2586084208914365,0.21727860975099886,0.9999999999999999
51001,dense,0.25,3,6,0.5,0.2586084208914365,0.21727860975099886,0.9999999999999999
51001,dense,0.25,4,6,0.5,0.2586084208914365,0.21727860975099886,0.9999999999999999
51001,dense,0.25,5,6,0.5,0.2586084208914365,0.21727860975099886,0.9999999999999999
51001,dense,0.25,6,6,0.5,0.2586084208914365,0.21727860975099886,0.9999999999999999
51001,dense,0.25,7,6,0.5,0.2586084208914365,0.21727860975099886,0.9999999999999999
51001,dense,0.25,8,6,0.5,0.2586084208914365,0.21727860975099886,0.9999999999999999
51001,dense,0.25,9,6,0.5,0.2586084208914365,0.21727860975099886,0.9999999999999999
51001,dense,0.25,10,6,0.5,0.2586084208914365,0.21727860975099886,0.9999999999999999
51001,dense,0.25,11,6,0.5,0.2586084208914365,0.21727860975099886,0.9999999999999999
51001,dense,0.5,0,12,0.5,0.2586084208914365,0.21727860975099886,0.9999999999999999
51001,dense,0.5,1,12,0.5,0.2586084208914365,0.21727860975099886,0.9999999999999999
51001,dense,0.5,2,12,0.5,0.2586084208914365,0.21727860975099886,0.9999999999999999
51001,dense,0.5,3,12,0.5,0.2586084208914365,0.21727860975099886,0.9999999999999999
51001,dense,0.5,4,12,0.5,0.2586084208914365,0.21727860975099886,0.9999999999999999
51001,dense,0.5,5,12,0.5,0.2586084208914365,0.21727860975099886,0.9999999999999999
51001,dense,0.5,6,12,0.5,0.2586084208914365,0.21727860975099886,0.9999999999999999
51001,dense,0.5,7,12,0.5,0.2586084208914365,0.21727860975099886,0.9999999999999999
51001,dense,0.5,8,12,0.5,0.2586084208914365,0.21727860975099886,0.9999999999999999
51001,dense,0.5,9,12,0.5,0.2586084208914365,0.21727860975099886,0.9999999999999999
51001,dense,0.5,10,12,0.5,0.2586084208914365,0.21727860975099886,0.9999999999999999
51001,dense,0.5,11,12,0.5,0.2586084208914365,0.21727860975099886,0.9999999999999999
51001,dense,0.75,0,19,0.5,0.2586084208914365,0.21727860975099886,0.9999999999999999
51001,dense,0.75,1,19,0.5,0.2586084208914365,0.21727860975099886,0.9999999999999999
51001,dense,0.75,2,19,0.5,0.2586084208914365,0.21727860975099886,0.9999999999999999
51001,dense,0.75,3,19,0.5,0.2586084208914365,0.21727860975099886,0.9999999999999999
51001,dense,0.75,4,19,0.5,0.2586084208914365,0.21727860975099886,0.9999999999999999
51001,dense,0.75,5,19,0.5,0.2586084208914365,0.21727860975099886,0.9999999999999999
51001,dense,0.75,6,19,0.5,0.2586084208914365,0.21727860975099886,0.9999999999999999
51001,dense,0.75,7,19,0.5,0.2586084208914365,0.21727860975099886,0.9999999999999999
51001,dense,0.75,8,19,0.5,0.2586084208914365,0.21727860975099886,0.9999999999999999
51001,dense,0.75,9,19,0.5,0.2586084208914365,0.21727860975099886,0.9999999999999999
51001,dense,0.75,10,19,0.5,0.2586084208914365,0.21727860975099886,0.9999999999999999
51001,dense,0.75,11,19,0.5,0.2586084208914365,0.21727860975099886,0.9999999999999999
51001,dense,0.9,0,22,0.5,0.2586084208914365,0.21727860975099886,0.9999999999999999
51001,dense,0.9,1,22,0.5,0.2586084208914365,0.21727860975099886,0.9999999999999999
51001,dense,0.9,2,22,0.5,0.2586084208914365,0.21727860975099886,0.9999999999999999
51001,dense,0.9,3,22,0.5,0.2586084208914365,0.21727860975099886,0.9999999999999999
51001,dense,0.9,4,22,0.5,0.2586084208914365,0.21727860975099886,0.9999999999999999
51001,dense,0.9,5,22,0.5,0.2586084208914365,0.21727860975099886,0.9999999999999999
51001,dense,0.9,6,22,0.5,0.2586084208914365,0.21727860975099886,0.9999999999999999
51001,dense,0.9,7,22,0.5,0.2586084208914365,0.21727860975099886,0.9999999999999999
51001,dense,0.9,8,22,0.5,0.2586084208914365,0.21727860975099886,0.9999999999999999
51001,dense,0.9,9,22,0.5,0.2586084208914365,0.21727860975099886,0.9999999999999999
51001,dense,0.9,10,22,0.5,0.2586084208914365,0.21727860975099886,0.9999999999999999
51001,dense,0.9,11,22,0.5,0.2586084208914365,0.21727860975099886,0.9999999999999999
51001,identity,0.0,0,0,1.0,0.9395449860476041,0.971398292654658,1.0
51001,identity,0.0,1,0,1.0,0.9395449860476041,0.971398292654658,1.0
51001,identity,0.0,2,0,1.0,0.9395449860476041,0.971398292654658,1.0
51001,identity,0.0,3,0,1.0,0.9395449860476041,0.971398292654658,1.0
51001,identity,0.0,4,0,1.0,0.9395449860476041,0.971398292654658,1.0
51001,identity,0.0,5,0,1.0,0.9395449860476041,0.971398292654658,1.0
51001,identity,0.0,6,0,1.0,0.9395449860476041,0.971398292654658,1.0
51001,identity,0.0,7,0,1.0,0.9395449860476041,0.971398292654658,1.0
51001,identity,0.0,8,0,1.0,0.9395449860476041,0.971398292654658,1.0
51001,identity,0.0,9,0,1.0,0.9395449860476041,0.971398292654658,1.0
51001,identity,0.0,10,0,1.0,0.9395449860476041,0.971398292654658,1.0
51001,identity,0.0,11,0,1.0,0.9395449860476041,0.971398292654658,1.0
51001,identity,0.25,0,6,1.0,0.946625366117012,0.9725843145787212,0.9594275337888462
51001,identity,0.25,1,6,1.0,0.9588550997107693,0.9769743934989346,0.9513238670618317
51001,identity,0.25,2,6,1.0,0.9588550700851735,0.9769743860364484,0.9513238670618317
51001,identity,0.25,3,6,1.0,0.9588550732899808,0.9769743867416136,0.9513238670618317
51001,identity,0.25,4,6,1.0,0.9541871940074254,0.975619719190815,0.9597264673985864
51001,identity,0.25,5,6,1.0,0.9588550461179196,0.9769743782257713,0.9513238670618317
51001,identity,0.25,6,6,1.0,0.9613106920078444,0.977772477705158,0.9509288727110924
51001,identity,0.25,7,6,1.0,0.9588550829366956,0.9769743923947337,0.9513238670618317
51001,identity,0.25,8,6,1.0,0.9616840660131338,0.9775886662477323,0.9500584457782864
51001,identity,0.25,9,6,1.0,0.9436441800402301,0.9672741814226962,0.9506969521561944
51001,identity,0.25,10,6,1.0,0.9466253619744458,0.9725843053160155,0.9594275337888462
51001,identity,0.25,11,6,1.0,0.9530174706570557,0.9745015423720613,0.9512469956296775
51001,identity,0.5,0,12,1.0,0.9577788799781424,0.9704406710940386,0.9073757998755542
51001,identity,0.5,1,12,1.0,0.9554887354550857,0.95901469350895,0.9075617864409629
51001,identity,0.5,2,12,1.0,0.9552383013678059,0.9684802891852285,0.8978726796983074
51001,identity,0.5,3,12,1.0,0.9498643916766568,0.9206570207027768,0.9061739527741343
51001,identity,0.5,4,12,1.0,0.9532951920962107,0.9432681203716183,0.90716294419347
51001,identity,0.5,5,12,1.0,0.9577789306145209,0.9704406809423809,0.9073757998755542
51001,identity,0.5,6,12,1.0,0.9544199319188206,0.9432851894272344,0.8982582630247458
51001,identity,0.5,7,12,1.0,0.9532953088856314,0.9432681301490002,0.90716294419347
51001,identity,0.5,8,12,1.0,0.9554885886906002,0.9590146714094775,0.9075617864409629
51001,identity,0.5,9,12,1.0,0.9553529215528639,0.9583225599468114,0.8983715914194914
51001,identity,0.5,10,12,1.0,0.953295375241145,0.9432681368415929,0.90716294419347
51001,identity,0.5,11,12,1.0,0.9498644437997962,0.9206571086573483,0.9061739527741344
51001,identity,0.75,0,19,1.0,0.9436767154606565,0.8900669981315517,0.8398644223379059
51001,identity,0.75,1,19,1.0,0.9410742180624303,0.9221027448308229,0.83773804177993
51001,identity,0.75,2,19,0.5,0.9421081329036309,0.8743337239581959,0.8294718438011225
51001,identity,0.75,3,19,1.0,0.9436767078559487,0.8900670226922334,0.8398644223379059
51001,identity,0.75,4,19,1.0,0.9436767141359637,0.890067049137027,0.8398644223379059
51001,identity,0.75,5,19,0.5,0.9443898805894843,0.8785584505751438,0.8396989575089535
51001,identity,0.75,6,19,0.5,0.944389958134291,0.8785585228636336,0.8396989575089535
51001,identity,0.75,7,19,1.0,0.9413897370332691,0.8847662417377569,0.829218208595825
51001,identity,0.75,8,19,1.0,0.9436767236665466,0.8900669918007066,0.8398644223379059
51001,identity,0.75,9,19,1.0,0.9426681698855731,0.9059939767831332,0.8392121289417918
51001,identity,0.75,10,19,1.0,0.9436766523271558,0.8900670058104329,0.8398644223379059
51001,identity,0.75,11,19,0.5,0.9443899216416107,0.8785584440519136,0.8396989575089535
51001,identity,0.9,0,22,0.5,0.9381759272467147,0.8580251294588157,0.8079955859927143
51001,identity,0.9,1,22,0.5,0.9381759768606294,0.858025193032233,0.8079955859927143
51001,identity,0.9,2,22,0.5,0.9368818369788795,0.8631001732600194,0.8077194138833224
51001,identity,0.9,3,22,0.5,0.9381758972139866,0.8580252317638236,0.8079955859927143
51001,identity,0.9,4,22,0.5,0.9352366160817538,0.8520923720548206,0.7968893698169953
51001,identity,0.9,5,22,0.5,0.9381760003400856,0.8580252384397921,0.8079955859927143
51001,identity,0.9,6,22,1.0,0.9364017184971667,0.8621732588206937,0.8065114588671666
51001,identity,0.9,7,22,0.5,0.9385320910522879,0.8538087528718136,0.8073398364583084
51001,identity,0.9,8,22,0.5,0.9352365852245614,0.852092372149795,0.7968893698169953
51001,identity,0.9,9,22,0.5,0.9381759821680172,0.8580252152155652,0.8079955859927143
51001,identity,0.9,10,22,0.5,0.9381759925493429,0.8580252873715036,0.8079955859927143
51001,identity,0.9,11,22,0.5,0.9385320957863929,0.8538087770415239,0.8073398364583084
51002,normal,0.0,0,0,1.0,0.8685988141046656,0.9319757934530345,1.0
51002,normal,0.0,1,0,1.0,0.8685988141046656,0.9319757934530345,1.0
51002,normal,0.0,2,0,1.0,0.8685988141046656,0.9319757934530345,1.0
51002,normal,0.0,3,0,1.0,0.8685988141046656,0.9319757934530345,1.0
51002,normal,0.0,4,0,1.0,0.8685988141046656,0.9319757934530345,1.0
51002,normal,0.0,5,0,1.0,0.8685988141046656,0.9319757934530345,1.0
51002,normal,0.0,6,0,1.0,0.8685988141046656,0.9319757934530345,1.0
51002,normal,0.0,7,0,1.0,0.8685988141046656,0.9319757934530345,1.0
51002,normal,0.0,8,0,1.0,0.8685988141046656,0.9319757934530345,1.0
51002,normal,0.0,9,0,1.0,0.8685988141046656,0.9319757934530345,1.0
51002,normal,0.0,10,0,1.0,0.8685988141046656,0.9319757934530345,1.0
51002,normal,0.0,11,0,1.0,0.8685988141046656,0.9319757934530345,1.0
51002,normal,0.25,0,6,1.0,0.8033949751420505,0.8934791829620197,0.828909857753668
51002,normal,0.25,1,6,1.0,0.8165229357098712,0.910434442534078,0.7763528916543113
51002,normal,0.25,2,6,1.0,0.8070169618655423,0.9024848490878088,0.8630601900707029
51002,normal,0.25,3,6,1.0,0.8055316991533865,0.878825283366758,0.8073076153694377
51002,normal,0.25,4,6,1.0,0.8094871327177136,0.883436094896448,0.8132213363611368
51002,normal,0.25,5,6,1.0,0.8315931051004037,0.8926491985591777,0.8540205929894824
51002,normal,0.25,6,6,1.0,0.8258732282660145,0.9124135170210944,0.8316323566070577
51002,normal,0.25,7,6,1.0,0.7926036555002708,0.87221349035093,0.7999720632040712
51002,normal,0.25,8,6,1.0,0.8168614002956616,0.8932418356461708,0.7923435715056368
51002,normal,0.25,9,6,1.0,0.8222866228622734,0.893288717254283,0.8224056395218029
51002,normal,0.25,10,6,1.0,0.7894690748399732,0.9014304435416033,0.7978558306682527
51002,normal,0.25,11,6,1.0,0.7863885322803515,0.8941240894708237,0.8323752137998395
51002,normal,0.5,0,12,1.0,0.7809749748206536,0.8551127097112753,0.7051998040978753
51002,normal,0.5,1,12,1.0,0.8086484335799411,0.9007824703433984,0.8181003221212785
51002,normal,0.5,2,12,1.0,0.8274060537895493,0.8703517424501444,0.7631859860466121
51002,normal,0.5,3,12,1.0,0.7897003118988019,0.8487054276802364,0.6807177493995309
51002,normal,0.5,4,12,1.0,0.7641156501750541,0.7724856049153515,0.6627918789360701
51002,normal,0.5,5,12,1.0,0.8108166762972401,0.8604364666246458,0.7698561890807283
51002,normal,0.5,6,12,1.0,0.7981029790495023,0.8751435589766423,0.7344819498326207
51002,normal,0.5,7,12,1.0,0.8072779542030074,0.8960921153955703,0.7435059063485505
51002,normal,0.5,8,12,1.0,0.7952037747956209,0.8828941285772766,0.7255491972065639
51002,normal,0.5,9,12,1.0,0.7841281602219761,0.8267426772662273,0.6731886420344986
51002,normal,0.5,10,12,1.0,0.7865503211838952,0.8594998857168156,0.7509181638796153
51002,normal,0.5,11,12,1.0,0.771543034587019,0.8332438928599676,0.6927852944400956
51002,normal,0.75,0,19,0.0,0.740286361504628,0.6898543990603789,0.619806611102121
51002,normal,0.75,1,19,0.0,0.7612079960367478,0.7015526028267697,0.5948104109369559
51002,normal,0.75,2,19,0.5,0.7438857402688199,0.7458786981452183,0.6393311592998502
51002,normal,0.75,3,19,1.0,0.7697932691545226,0.7919029051593378,0.6213194290138209
51002,normal,0.75,4,19,1.0,0.8021367220480436,0.8011112928129497,0.6145002796648931
51002,normal,0.75,5,19,1.0,0.7589508730134185,0.7215585141762101,0.6145721020743334
51002,normal,0.75,6,19,1.0,0.7687696770476151,0.8171263039763503,0.6034391051434077
51002,normal,0.75,7,19,0.5,0.7467993161327554,0.6660170700087679,0.6040944152610533
51002,normal,0.75,8,19,1.0,0.7823914659282636,0.7541670898632182,0.662610998333939
51002,normal,0.75,9,19,1.0,0.7681714618936055,0.8278665425585383,0.6438923181112091
51002,normal,0.75,10,19,1.0,0.7800014287948005,0.7796369915252167,0.6228771604567594
51002,normal,0.75,11,19,1.0,0.7746872934138946,0.7420093040277267,0.6306806056474208
51002,normal,0.9,0,22,0.5,0.7921371006554183,0.7221387940135471,0.651582635844331
51002,normal,0.9,1,22,0.5,0.7868289672848897,0.7191221186784348,0.6069609588086038
51002,normal,0.9,2,22,0.5,0.7561944657895657,0.6527170091516988,0.5834588527853799
51002,normal,0.9,3,22,1.0,0.8023733313514461,0.7627239761653739,0.625495728195938
51002,normal,0.9,4,22,1.0,0.7734730214025619,0.7319452836266426,0.613763304355085
51002,normal,0.9,5,22,0.5,0.7769627000689698,0.7111117490735126,0.6416663589970969
51002,normal,0.9,6,22,0.5,0.7398404839817181,0.6249479129255233,0.5599266432012019
51002,normal,0.9,7,22,0.5,0.7854942005922771,0.7222805558819395,0.6094825492655882
51002,normal,0.9,8,22,0.0,0.7243854136825777,0.6121464306564234,0.5507886353723592
51002,normal,0.9,9,22,0.5,0.7893477909288612,0.7384819663607868,0.6302711818589017
51002,normal,0.9,10,22,1.0,0.7756926565084882,0.7189796627251864,0.6140739190538034
51002,normal,0.9,11,22,0.5,0.7503585565093707,0.6325659498451767,0.5554040907323791
51002,shuffled,0.0,0,0,1.0,0.8888642130766953,0.9485103459079941,1.0
51002,shuffled,0.0,1,0,1.0,0.8888642130766953,0.9485103459079941,1.0
51002,shuffled,0.0,2,0,1.0,0.8888642130766953,0.9485103459079941,1.0
51002,shuffled,0.0,3,0,1.0,0.8888642130766953,0.9485103459079941,1.0
51002,shuffled,0.0,4,0,1.0,0.8888642130766953,0.9485103459079941,1.0
51002,shuffled,0.0,5,0,1.0,0.8888642130766953,0.9485103459079941,1.0
51002,shuffled,0.0,6,0,1.0,0.8888642130766953,0.9485103459079941,1.0
51002,shuffled,0.0,7,0,1.0,0.8888642130766953,0.9485103459079941,1.0
51002,shuffled,0.0,8,0,1.0,0.8888642130766953,0.9485103459079941,1.0
51002,shuffled,0.0,9,0,1.0,0.8888642130766953,0.9485103459079941,1.0
51002,shuffled,0.0,10,0,1.0,0.8888642130766953,0.9485103459079941,1.0
51002,shuffled,0.0,11,0,1.0,0.8888642130766953,0.9485103459079941,1.0
51002,shuffled,0.25,0,6,1.0,0.8025202515582385,0.8844465954410619,0.8495405215732811
51002,shuffled,0.25,1,6,1.0,0.8371611422439487,0.912626744598568,0.8408925780744005
51002,shuffled,0.25,2,6,1.0,0.8743447808880164,0.9388023329238239,0.8143615163411863
51002,shuffled,0.25,3,6,1.0,0.8449189552676164,0.9210788566987681,0.8177759097712957
51002,shuffled,0.25,4,6,1.0,0.7880911519076392,0.9064449373075266,0.9126314223230988
51002,shuffled,0.25,5,6,1.0,0.830747972404708,0.9159054064358414,0.8748230756275254
51002,shuffled,0.25,6,6,1.0,0.784410134018541,0.8733888569398561,0.8588910468964971
51002,shuffled,0.25,7,6,1.0,0.8367042140420214,0.9268594119902864,0.8730916556312062
51002,shuffled,0.25,8,6,1.0,0.8523371499527168,0.9197372535323214,0.8667053487058909
51002,shuffled,0.25,9,6,1.0,0.8276935626510532,0.8939655041242865,0.8510429827201068
51002,shuffled,0.25,10,6,1.0,0.8771216432115468,0.9284795659169586,0.9061855129795
51002,shuffled,0.25,11,6,1.0,0.8380249920243812,0.9199874118332615,0.8383265661120174
51002,shuffled,0.5,0,12,1.0,0.8422787168205333,0.9165379989672764,0.7266746230823828
51002,shuffled,0.5,1,12,1.0,0.7886783563097317,0.8878086920518315,0.7388844531869325
51002,shuffled,0.5,2,12,1.0,0.8054220061139513,0.8348273734958452,0.8316237221110307
51002,shuffled,0.5,3,12,1.0,0.7969359178059194,0.8891807755280454,0.7553263110063859
51002,shuffled,0.5,4,12,1.0,0.7955582769419506,0.8730712679915567,0.7757610746066104
51002,shuffled,0.5,5,12,1.0,0.7139336410196983,0.8106601203862867,0.6712943564902446
51002,shuffled,0.5,6,12,1.0,0.8100689464270877,0.8988228303488505,0.7510487176886338
51002,shuffled,0.5,7,12,1.0,0.7826508598192832,0.8914605823365214,0.8187821669073475
51002,shuffled,0.5,8,12,1.0,0.8181092179764491,0.8744113795370047,0.7803527376218645
51002,shuffled,0.5,9,12,1.0,0.8378493057963804,0.8964236800411384,0.7339664436172209
51002,shuffled,0.5,10,12,1.0,0.781585437075419,0.8413969593679611,0.7768943961269309
51002,shuffled,0.5,11,12,1.0,0.7911428628245651,0.8200912962793122,0.718631486926589
51002,shuffled,0.75,0,19,1.0,0.8251797482717409,0.8445966842990358,0.6811346935460101
51002,shuffled,0.75,1,19,1.0,0.8072974095988472,0.8322404193031682,0.6944702221285357
51002,shuffled,0.75,2,19,1.0,0.7994334035439773,0.8507858155564628,0.7036878727666853
51002,shuffled,0.75,3,19,1.0,0.8100751975225016,0.8370265171233569,0.6423178928286843
51002,shuffled,0.75,4,19,1.0,0.7981221803311638,0.77765260834844,0.6508149148339737
51002,shuffled,0.75,5,19,1.0,0.8155184246189355,0.8493251648645601,0.7276359810858114
51002,shuffled,0.75,6,19,1.0,0.7690051999102895,0.7815695462805159,0.6647125453773154
51002,shuffled,0.75,7,19,1.0,0.7786168881109703,0.7560043156198241,0.6704557638346796
51002,shuffled,0.75,8,19,1.0,0.7829202967994204,0.8275214084919029,0.6344580167619883
51002,shuffled,0.75,9,19,1.0,0.7543198394560379,0.7983646708080245,0.6773740562852223
51002,shuffled,0.75,10,19,1.0,0.7872904220654908,0.7986747113526177,0.7142117948738224
51002,shuffled,0.75,11,19,1.0,0.7985736532914594,0.8464328383285484,0.6670974019410535
51002,shuffled,0.9,0,22,1.0,0.7823998086510191,0.7888704547651243,0.633443682086154
51002,shuffled,0.9,1,22,1.0,0.7953236153161971,0.7885557226459566,0.6267902455444339
51002,shuffled,0.9,2,22,1.0,0.8082375749164799,0.7972665323628741,0.6095140127050006
51002,shuffled,0.9,3,22,1.0,0.7997154869173151,0.7941714897135297,0.6683184800553827
51002,shuffled,0.9,4,22,1.0,0.7915186117397325,0.7668983187703349,0.656519076157397
51002,shuffled,0.9,5,22,1.0,0.8232854545469944,0.8195532026279292,0.6332231916382063
51002,shuffled,0.9,6,22,1.0,0.7809600173064937,0.7386130663589964,0.6434129633196737
51002,shuffled,0.9,7,22,1.0,0.8279615497235029,0.8625147324733818,0.6884468569712141
51002,shuffled,0.9,8,22,1.0,0.7959458969558472,0.8032666783227377,0.6789589336533034
51002,shuffled,0.9,9,22,1.0,0.795053462736807,0.8152759793897921,0.6551779074816612
51002,shuffled,0.9,10,22,1.0,0.7940507198775931,0.7696284686073896,0.6689506019182433
51002,shuffled,0.9,11,22,1.0,0.7454920595699837,0.6922954442066973,0.5975542995864037
51002,dense,0.0,0,0,0.5,0.2775542354709246,0.22024913305169608,0.9999999999999999
51002,dense,0.0,1,0,0.5,0.2775542354709246,0.22024913305169608,0.9999999999999999
51002,dense,0.0,2,0,0.5,0.2775542354709246,0.22024913305169608,0.9999999999999999
51002,dense,0.0,3,0,0.5,0.2775542354709246,0.22024913305169608,0.9999999999999999
51002,dense,0.0,4,0,0.5,0.2775542354709246,0.22024913305169608,0.9999999999999999
51002,dense,0.0,5,0,0.5,0.2775542354709246,0.22024913305169608,0.9999999999999999
51002,dense,0.0,6,0,0.5,0.2775542354709246,0.22024913305169608,0.9999999999999999
51002,dense,0.0,7,0,0.5,0.2775542354709246,0.22024913305169608,0.9999999999999999
51002,dense,0.0,8,0,0.5,0.2775542354709246,0.22024913305169608,0.9999999999999999
51002,dense,0.0,9,0,0.5,0.2775542354709246,0.22024913305169608,0.9999999999999999
51002,dense,0.0,10,0,0.5,0.2775542354709246,0.22024913305169608,0.9999999999999999
51002,dense,0.0,11,0,0.5,0.2775542354709246,0.22024913305169608,0.9999999999999999
51002,dense,0.25,0,6,0.5,0.2775542354709246,0.22024913305169608,0.9999999999999999
51002,dense,0.25,1,6,0.5,0.2775542354709246,0.22024913305169608,0.9999999999999999
51002,dense,0.25,2,6,0.5,0.2775542354709246,0.22024913305169608,0.9999999999999999
51002,dense,0.25,3,6,0.5,0.2775542354709246,0.22024913305169608,0.9999999999999999
51002,dense,0.25,4,6,0.5,0.2775542354709246,0.22024913305169608,0.9999999999999999
51002,dense,0.25,5,6,0.5,0.2775542354709246,0.22024913305169608,0.9999999999999999
51002,dense,0.25,6,6,0.5,0.2775542354709246,0.22024913305169608,0.9999999999999999
51002,dense,0.25,7,6,0.5,0.2775542354709246,0.22024913305169608,0.9999999999999999
51002,dense,0.25,8,6,0.5,0.2775542354709246,0.22024913305169608,0.9999999999999999
51002,dense,0.25,9,6,0.5,0.2775542354709246,0.22024913305169608,0.9999999999999999
51002,dense,0.25,10,6,0.5,0.2775542354709246,0.22024913305169608,0.9999999999999999
51002,dense,0.25,11,6,0.5,0.2775542354709246,0.22024913305169608,0.9999999999999999
51002,dense,0.5,0,12,0.5,0.2775542354709246,0.22024913305169608,0.9999999999999999
51002,dense,0.5,1,12,0.5,0.2775542354709246,0.22024913305169608,0.9999999999999999
51002,dense,0.5,2,12,0.5,0.2775542354709246,0.22024913305169608,0.9999999999999999
51002,dense,0.5,3,12,0.5,0.2775542354709246,0.22024913305169608,0.9999999999999999
51002,dense,0.5,4,12,0.5,0.2775542354709246,0.22024913305169608,0.9999999999999999
51002,dense,0.5,5,12,0.5,0.2775542354709246,0.22024913305169608,0.9999999999999999
51002,dense,0.5,6,12,0.5,0.2775542354709246,0.22024913305169608,0.9999999999999999
51002,dense,0.5,7,12,0.5,0.2775542354709246,0.22024913305169608,0.9999999999999999
51002,dense,0.5,8,12,0.5,0.2775542354709246,0.22024913305169608,0.9999999999999999
51002,dense,0.5,9,12,0.5,0.2775542354709246,0.22024913305169608,0.9999999999999999
51002,dense,0.5,10,12,0.5,0.2775542354709246,0.22024913305169608,0.9999999999999999
51002,dense,0.5,11,12,0.5,0.2775542354709246,0.22024913305169608,0.9999999999999999
51002,dense,0.75,0,19,0.5,0.2775542354709246,0.22024913305169608,0.9999999999999999
51002,dense,0.75,1,19,0.5,0.2775542354709246,0.22024913305169608,0.9999999999999999
51002,dense,0.75,2,19,0.5,0.2775542354709246,0.22024913305169608,0.9999999999999999
51002,dense,0.75,3,19,0.5,0.2775542354709246,0.22024913305169608,0.9999999999999999
51002,dense,0.75,4,19,0.5,0.2775542354709246,0.22024913305169608,0.9999999999999999
51002,dense,0.75,5,19,0.5,0.2775542354709246,0.22024913305169608,0.9999999999999999
51002,dense,0.75,6,19,0.5,0.2775542354709246,0.22024913305169608,0.9999999999999999
51002,dense,0.75,7,19,0.5,0.2775542354709246,0.22024913305169608,0.9999999999999999
51002,dense,0.75,8,19,0.5,0.2775542354709246,0.22024913305169608,0.9999999999999999
51002,dense,0.75,9,19,0.5,0.2775542354709246,0.22024913305169608,0.9999999999999999
51002,dense,0.75,10,19,0.5,0.2775542354709246,0.22024913305169608,0.9999999999999999
51002,dense,0.75,11,19,0.5,0.2775542354709246,0.22024913305169608,0.9999999999999999
51002,dense,0.9,0,22,0.5,0.2775542354709246,0.22024913305169608,0.9999999999999999
51002,dense,0.9,1,22,0.5,0.2775542354709246,0.22024913305169608,0.9999999999999999
51002,dense,0.9,2,22,0.5,0.2775542354709246,0.22024913305169608,0.9999999999999999
51002,dense,0.9,3,22,0.5,0.2775542354709246,0.22024913305169608,0.9999999999999999
51002,dense,0.9,4,22,0.5,0.2775542354709246,0.22024913305169608,0.9999999999999999
51002,dense,0.9,5,22,0.5,0.2775542354709246,0.22024913305169608,0.9999999999999999
51002,dense,0.9,6,22,0.5,0.2775542354709246,0.22024913305169608,0.9999999999999999
51002,dense,0.9,7,22,0.5,0.2775542354709246,0.22024913305169608,0.9999999999999999
51002,dense,0.9,8,22,0.5,0.2775542354709246,0.22024913305169608,0.9999999999999999
51002,dense,0.9,9,22,0.5,0.2775542354709246,0.22024913305169608,0.9999999999999999
51002,dense,0.9,10,22,0.5,0.2775542354709246,0.22024913305169608,0.9999999999999999
51002,dense,0.9,11,22,0.5,0.2775542354709246,0.22024913305169608,0.9999999999999999
51002,identity,0.0,0,0,1.0,0.9103745109685,0.9377549113667548,1.0
51002,identity,0.0,1,0,1.0,0.9103745109685,0.9377549113667548,1.0
51002,identity,0.0,2,0,1.0,0.9103745109685,0.9377549113667548,1.0
51002,identity,0.0,3,0,1.0,0.9103745109685,0.9377549113667548,1.0
51002,identity,0.0,4,0,1.0,0.9103745109685,0.9377549113667548,1.0
51002,identity,0.0,5,0,1.0,0.9103745109685,0.9377549113667548,1.0
51002,identity,0.0,6,0,1.0,0.9103745109685,0.9377549113667548,1.0
51002,identity,0.0,7,0,1.0,0.9103745109685,0.9377549113667548,1.0
51002,identity,0.0,8,0,1.0,0.9103745109685,0.9377549113667548,1.0
51002,identity,0.0,9,0,1.0,0.9103745109685,0.9377549113667548,1.0
51002,identity,0.0,10,0,1.0,0.9103745109685,0.9377549113667548,1.0
51002,identity,0.0,11,0,1.0,0.9103745109685,0.9377549113667548,1.0
51002,identity,0.25,0,6,1.0,0.934996388891603,0.9395635060967095,0.9496175264968781
51002,identity,0.25,1,6,1.0,0.9349964777313677,0.9395635480100143,0.9496175264968781
51002,identity,0.25,2,6,1.0,0.9341973568757017,0.9424187570241643,0.950902351165373
51002,identity,0.25,3,6,1.0,0.9317536321129878,0.9434377099274791,0.9517066864869651
51002,identity,0.25,4,6,1.0,0.9323472684318413,0.9387102000224761,0.9572932246717133
51002,identity,0.25,5,6,1.0,0.9349965606900362,0.9395635013637096,0.9496175264968781
51002,identity,0.25,6,6,1.0,0.9317709851659258,0.9416128887187214,0.9587865684759815
51002,identity,0.25,7,6,1.0,0.9341973716606137,0.9424187576452756,0.950902351165373
51002,identity,0.25,8,6,1.0,0.9264672598482663,0.9426733088225907,0.9603860155591056
51002,identity,0.25,9,6,1.0,0.9349964342938587,0.9395635304011851,0.9496175264968781
51002,identity,0.25,10,6,1.0,0.9341975147420662,0.9424188265262227,0.950902351165373
51002,identity,0.25,11,6,1.0,0.9341974774909615,0.9424188319035407,0.950902351165373
51002,identity,0.5,0,12,1.0,0.946341476388031,0.9256800593209933,0.8959948999481245
51002,identity,0.5,1,12,1.0,0.9466343537570607,0.9415018699815869,0.9077258635691734
51002,identity,0.5,2,12,1.0,0.9486382631781193,0.9373288648530234,0.8982800399273938
51002,identity,0.5,3,12,1.0,0.9466343892512609,0.941501876679839,0.9077258635691734
51002,identity,0.5,4,12,1.0,0.9466344372036388,0.9415018947650331,0.9077258635691734
51002,identity,0.5,5,12,1.0,0.9486382172622377,0.9373288026668957,0.8982800399273938
51002,identity,0.5,6,12,1.0,0.9438998536951341,0.9192181938496818,0.8939077366691274
51002,identity,0.5,7,12,1.0,0.9457876053307711,0.9321621558579668,0.9060737774688321
51002,identity,0.5,8,12,1.0,0.9466344903912959,0.941501852427641,0.9077258635691734
51002,identity,0.5,9,12,1.0,0.9474978138308882,0.9318983707333508,0.8974499153003599
51002,identity,0.5,10,12,1.0,0.9486382781513693,0.937328861509555,0.8982800399273938
51002,identity,0.5,11,12,1.0,0.948638194271353,0.9373287543603133,0.8982800399273938
51002,identity,0.75,0,19,1.0,0.9503471399750348,0.9086468324435194,0.8366376871830867
51002,identity,0.75,1,19,1.0,0.9503472204533838,0.9086469288775928,0.8366376871830867
51002,identity,0.75,2,19,1.0,0.9447366673567034,0.9099071695860167,0.8391991289949956
51002,identity,0.75,3,19,1.0,0.9503471813104423,0.9086469399129926,0.8366376871830867
51002,identity,0.75,4,19,1.0,0.9495139242371217,0.8999080959988756,0.8248642069985439
51002,identity,0.75,5,19,1.0,0.9503471654393162,0.9086468325174102,0.8366376871830867
51002,identity,0.75,6,19,1.0,0.9494095416590396,0.911416446839563,0.8383271208536202
51002,identity,0.75,7,19,1.0,0.9503471847812343,0.9086469238297501,0.8366376871830867
51002,identity,0.75,8,19,1.0,0.9494096574053894,0.9114163833315605,0.8383271208536202
51002,identity,0.75,9,19,1.0,0.949409584688833,0.9114164472716488,0.8383271208536202
51002,identity,0.75,10,19,1.0,0.9503472006767767,0.9086469162987207,0.8366376871830867
51002,identity,0.75,11,19,1.0,0.9448314517500717,0.9041068101508101,0.8287562497976683
51002,identity,0.9,0,22,1.0,0.9446687673616887,0.8945079293712097,0.8066246639936672
51002,identity,0.9,1,22,1.0,0.9417703212205154,0.8748748323142681,0.7957367362283386
51002,identity,0.9,2,22,1.0,0.943835447109219,0.8857691400965523,0.7948511838091243
51002,identity,0.9,3,22,1.0,0.9470788932517626,0.8948726352855109,0.8052748392428876
51002,identity,0.9,4,22,1.0,0.9420325185278848,0.8797275551597763,0.8070240037935913
51002,identity,0.9,5,22,1.0,0.9420325934044546,0.8797275021295858,0.8070240037935913
51002,identity,0.9,6,22,1.0,0.9488323147927131,0.8551308711576872,0.8029699482410813
51002,identity,0.9,7,22,1.0,0.9475971801311416,0.852178587820189,0.7929784143801442
51002,identity,0.9,8,22,1.0,0.9438354452736413,0.8857691321073508,0.7948511838091243
51002,identity,0.9,9,22,1.0,0.9446688552758167,0.894508058022974,0.8066246639936672
51002,identity,0.9,10,22,1.0,0.9446688611401101,0.8945081153165079,0.8066246639936672
51002,identity,0.9,11,22,1.0,0.9446688008156103,0.8945079785451874,0.8066246639936672
