root_seed,unit,spatial_stability,cue_modulation
51001,0,0.45724859833717346,0.15205101668834686
51001,1,-0.30922621488571167,0.2989121675491333
51001,2,-0.03812316805124283,0.23065966367721558
51001,3,0.534849226474762,0.09437157958745956
51001,4,0.6279182434082031,0.09049279987812042
51001,5,-0.06411304324865341,0.03719082474708557
51001,6,0.35163331031799316,0.19078309834003448
51001,7,0.4371827244758606,0.0762086734175682
51001,8,0.38486146926879883,0.1530849188566208
51001,9,-0.023114584386348724,0.22691643238067627
51001,10,0.4820512533187866,0.1185886412858963
51001,11,0.5962578654289246,0.12348146736621857
51001,12,0.2312588095664978,0.18423700332641602
51001,13,0.166096031665802,0.33520981669425964
51001,14,-0.012745006009936333,0.0029140764381736517
51001,15,0.029796229675412178,0.10997680574655533
51001,16,-0.12913766503334045,0.042001910507678986
51001,17,0.43430575728416443,0.152622789144516
51001,18,0.5476342439651489,0.14786024391651154
51001,19,0.569751501083374,0.1025608628988266
51001,20,0.570761501789093,0.12336846441030502
51001,21,-0.37734517455101013,0.4504390358924866
51001,22,0.06291575729846954,0.22795246541500092
51001,23,0.1913088709115982,0.18984229862689972
51001,24,0.2875185012817383,0.1688850075006485
51001,25,0.22873437404632568,0.05504513904452324
51001,26,0.24445149302482605,0.2543566823005676
51001,27,0.11392229050397873,0.14147283136844635
51001,28,0.5471329689025879,0.1451249122619629
51001,29,0.34031155705451965,0.16669799387454987
51001,30,0.02458098717033863,0.21924515068531036
51001,31,0.20782849192619324,0.24175404012203217
51001,32,0.3761904835700989,0.18993446230888367
51001,33,-0.015933455899357796,0.003042585449293256
51001,34,-0.4085545241832733,0.43690070509910583
51001,35,0.08749552071094513,0.20286715030670166
51001,36,0.05692407861351967,0.21505163609981537
51001,37,0.37649425864219666,0.1538531631231308
51001,38,-0.35294240713119507,0.35167229175567627
51001,39,-0.40396055579185486,0.30777156352996826
51001,40,0.1469203531742096,0.15629521012306213
51001,41,-0.21409709751605988,0.1707182079553604
51001,42,-0.19282817840576172,0.18545717000961304
51001,43,0.3542824387550354,0.15495337545871735
51001,44,-0.09844726324081421,0.1930355429649353
51001,45,0.29787689447402954,0.11612459272146225
51001,46,0.37643054127693176,0.12773044407367706
51001,47,0.060163650661706924,0.1590406894683838
51001,48,0.5494985580444336,0.1628749668598175
51001,49,0.21732212603092194,0.17429706454277039
51002,0,0.10827497392892838,0.1955498903989792
51002,1,0.22871826589107513,0.19213902950286865
51002,2,0.25949427485466003,0.12910152971744537
51002,3,-0.43155547976493835,0.562080979347229
51002,4,0.04528838023543358,0.1197899878025055
51002,5,0.42618316411972046,0.09307172894477844
51002,6,0.2806245982646942,0.08637946844100952
51002,7,-0.04364597052335739,0.003872038796544075
51002,8,0.22440272569656372,0.1594981551170349
51002,9,-0.4073602855205536,0.26162102818489075
51002,10,0.5746062994003296,0.26947909593582153
51002,11,0.015837909653782845,0.2332528829574585
51002,12,-0.21708336472511292,0.1250280737876892
51002,13,0.9037261605262756,0.041630253195762634
51002,14,-0.289911150932312,0.1303764432668686
51002,15,-0.5344839692115784,0.6842408776283264
51002,16,0.4873736500740051,0.1271897852420807
51002,17,-0.28324609994888306,0.16617991030216217
51002,18,-1.8255899280102472e-17,1.2160926139112875e-15
51002,19,-0.0044035110622644424,0.16700772941112518
51002,20,0.4604949653148651,0.14164499938488007
51002,21,0.024623019620776176,0.2654649615287781
51002,22,0.2792571783065796,0.15163356065750122
51002,23,0.6477006673812866,0.12050250917673111
51002,24,-0.02902054600417614,0.25143909454345703
51002,25,0.23330411314964294,0.20445679128170013
51002,26,0.0547771118581295,0.18748383224010468
51002,27,0.3559008538722992,0.12677201628684998
51002,28,-5.1739242057860095e-25,2.0565028347169524e-19
51002,29,0.6460394859313965,0.09994444996118546
51002,30,0.29934054613113403,0.17525263130664825
51002,31,0.6973987221717834,0.09111782908439636
51002,32,-0.2838169038295746,0.34802329540252686
51002,33,0.22990934550762177,0.09702014178037643
51002,34,-0.140046164393425,0.282890647649765
51002,35,0.5727018117904663,0.16974666714668274
51002,36,0.5644389986991882,0.07828497886657715
51002,37,-0.45007818937301636,0.3444204330444336
51002,38,0.04046992212533951,0.12867799401283264
51002,39,0.43749162554740906,0.18472683429718018
51002,40,-0.09129022806882858,0.1632135957479477
51002,41,0.8222528696060181,0.04689634218811989
51002,42,-0.21297216415405273,0.174632266163826
51002,43,-0.3243545591831207,0.21362121403217316
51002,44,0.21768933534622192,0.1437433660030365
51002,45,-0.5092124342918396,0.3186490535736084
51002,46,0.5236840844154358,0.09954064339399338
51002,47,-0.26462826132774353,0.16543102264404297
51002,48,0.5797393918037415,0.1895337551832199
51002,49,0.15076251327991486,0.1262245774269104
51003,0,0.87648606300354,0.00013079492782708257
51003,1,0.33982548117637634,0.1782134771347046
51003,2,0.3157123327255249,0.15633848309516907
51003,3,0.0926373079419136,0.19528713822364807
51003,4,0.016583405435085297,0.1534544974565506
51003,5,0.5262321829795837,0.10689570754766464
51003,6,0.15473869442939758,0.15958143770694733
51003,7,-0.02224748022854328,0.01062680035829544
51003,8,-4.295414328225888e-05,3.222818456549703e-09
51003,9,-3.6355447541325248e-09,8.630682279964219e-11
51003,10,-0.29264920949935913,0.22948797047138214
51003,11,0.7243884205818176,0.101836197078228
51003,12,0.1847803294658661,0.1469014585018158
51003,13,-0.02686941623687744,0.23959730565547943
51003,14,0.5953966975212097,0.051073357462882996
51003,15,0.4397350251674652,0.06539609283208847
51003,16,2.519359998398585e-10,6.396136333249036e-13
51003,17,0.22655119001865387,0.1508874148130417
51003,18,0.30457255244255066,0.19421453773975372
51003,19,0.12169459462165833,0.16253234446048737
51003,20,-0.017141113057732582,0.0008387417183257639
51003,21,-0.002146404469385743,0.22622361779212952
51003,22,0.4798467457294464,0.18031762540340424
51003,23,0.3017922639846802,0.15307550132274628
51003,24,0.2244439572095871,0.2533426582813263
51003,25,-0.26611873507499695,0.20234960317611694
51003,26,-0.13124924898147583,0.08296108990907669
51003,27,0.2609720826148987,0.12978234887123108
51003,28,0.7489893436431885,0.05147363990545273
51003,29,0.4105892777442932,0.21661847829818726
51003,30,0.38468846678733826,0.09023851156234741
51003,31,0.2712189555168152,0.11740807443857193
51003,32,0.3113808333873749,0.20040841400623322
51003,33,0.5481947064399719,0.128611758351326
51003,34,0.32674574851989746,0.26638028025627136
51003,35,0.4729461371898651,0.18767322599887848
51003,36,0.6625834107398987,0.16070576012134552
51003,37,0.0953543409705162,0.17103639245033264
51003,38,0.20368865132331848,0.1265634298324585
51003,39,-0.15389983355998993,0.1285242885351181
51003,40,0.7281022071838379,0.01803501695394516
51003,41,0.13732795417308807,0.33630695939064026
51003,42,-0.28787851333618164,0.25134146213531494
51003,43,-0.46376127004623413,0.6263347864151001
51003,44,-0.5114583969116211,0.6717024445533752
51003,45,0.17397081851959229,0.1920405775308609
51003,46,0.3457121253013611,0.14655701816082
51003,47,0.7927602529525757,0.07156194001436234
51003,48,-0.07326225191354752,0.32329273223876953
51003,49,-3.161462691220642e-26,9.605244020432603e-19
51004,0,-1.0077228397589746e-16,8.30893242664138e-15
51004,1,0.2631085515022278,0.08888782560825348
51004,2,0.3291567862033844,0.14702223241329193
51004,3,-0.35446593165397644,0.19023461639881134
51004,4,-0.4919045865535736,0.6557684540748596
51004,5,-0.2323462963104248,0.12938955426216125
51004,6,0.4854455590248108,0.1645965576171875
51004,7,0.6363883018493652,0.1460469663143158
51004,8,0.5938767194747925,0.19111475348472595
51004,9,0.018911678344011307,0.15639066696166992
51004,10,0.340510755777359,0.13356828689575195
51004,11,-0.5009439587593079,0.4040773808956146
51004,12,-0.023532666265964508,0.015019319020211697
51004,13,0.5794872641563416,0.12942124903202057
51004,14,-0.4897918105125427,0.6525126695632935
51004,15,0.2558761537075043,0.12180961668491364
51004,16,0.3873109519481659,0.16917318105697632
51004,17,0.3626248240470886,0.14191991090774536
51004,18,-0.06406168639659882,0.10024230927228928
51004,19,0.5779017806053162,0.13664475083351135
51004,20,0.23261891305446625,0.13890346884727478
51004,21,0.5898232460021973,0.20055104792118073
51004,22,0.10238395631313324,0.2057032436132431
51004,23,0.23343844711780548,0.18603095412254333
51004,24,-0.4009326994419098,0.18128883838653564
51004,25,-0.13856254518032074,0.17319980263710022
51004,26,6.7491216777890595e-15,9.715200242595493e-14
51004,27,0.5775256156921387,0.15071004629135132
51004,28,-0.08568979054689407,0.0329756960272789
51004,29,-0.01932990364730358,0.017626721411943436
51004,30,0.0748085230588913,0.23050273954868317
51004,31,-0.1583612710237503,0.1839548647403717
51004,32,0.47200945019721985,0.12103477120399475
51004,33,0.5168136954307556,0.1484774947166443
51004,34,0.00029010616708546877,0.08444265276193619
51004,35,-0.030276980251073837,0.24428676068782806
51004,36,0.32774776220321655,0.14095379412174225
51004,37,0.3800058662891388,0.1553233563899994
51004,38,0.4847085475921631,0.1647016406059265
51004,39,0.3479718565940857,0.14077039062976837
51004,40,-0.3606877028942108,0.4765093922615051
51004,41,0.5550574660301208,0.15072481334209442
51004,42,0.4264296889305115,0.05960599333047867
51004,43,0.20074987411499023,0.11914392560720444
51004,44,0.007467078510671854,0.006024637725204229
51004,45,0.5645085573196411,0.17383842170238495
51004,46,0.5386595129966736,0.10704953968524933
51004,47,-0.2582141160964966,0.40218284726142883
51004,48,0.12258532643318176,0.22267986834049225
51004,49,0.5505907535552979,0.09513993561267853
51005,0,0.34597426652908325,0.15121357142925262
51005,1,0.37662187218666077,0.2682318389415741
51005,2,0.08669934421777725,0.13179714977741241
51005,3,-0.16282124817371368,0.1343601495027542
51005,4,0.3188364803791046,0.13223691284656525
51005,5,-0.5295999050140381,0.6663742065429688
51005,6,-0.07456348091363907,0.1321830153465271
51005,7,0.2904007136821747,0.11387129127979279
51005,8,0.2713526487350464,0.1415734887123108
51005,9,0.6696903705596924,0.13459432125091553
51005,10,0.40348103642463684,0.2126902937889099
51005,11,0.502515971660614,0.06698925793170929
51005,12,0.6199869513511658,0.18115532398223877
51005,13,0.2274460792541504,0.23367470502853394
51005,14,0.34559333324432373,0.10448531061410904
51005,15,-0.03562479093670845,0.1666075736284256
51005,16,0.08413607627153397,0.16934236884117126
51005,17,0.5269014835357666,0.11653941869735718
51005,18,-0.29161569476127625,0.30704447627067566
51005,19,0.5203456878662109,0.2341683954000473
51005,20,0.007261997554451227,0.00015559172607026994
51005,21,0.35604068636894226,0.07335765659809113
51005,22,0.43858128786087036,0.19966267049312592
51005,23,-0.24729710817337036,0.2259332239627838
51005,24,0.7356979846954346,0.13919106125831604
51005,25,0.16032101213932037,0.1457512527704239
51005,26,0.8755014538764954,0.0199742428958416
51005,27,-5.408731702009181e-29,1.6469170842692183e-20
51005,28,0.16412220895290375,0.17821180820465088
51005,29,0.4275076389312744,0.0923675149679184
51005,30,0.40787768363952637,0.13842053711414337
51005,31,0.41481319069862366,0.22300393879413605
51005,32,0.6162846088409424,0.13967746496200562
51005,33,0.20497964322566986,0.1799829602241516
51005,34,-0.4027501940727234,0.6057974100112915
51005,35,0.4327116310596466,0.167353555560112
51005,36,-0.03489190712571144,0.17976318299770355
51005,37,0.5690376162528992,0.08775482326745987
51005,38,0.5168876647949219,0.12022650986909866
51005,39,-0.046312473714351654,0.18106885254383087
51005,40,-0.021887879818677902,0.14192049205303192
51005,41,0.2011958807706833,0.1825667917728424
51005,42,0.28964900970458984,0.16569232940673828
51005,43,0.7894662618637085,0.16417427361011505
51005,44,0.12071488052606583,0.11750812828540802
51005,45,0.18058070540428162,0.26777637004852295
51005,46,0.18234111368656158,0.03822845593094826
51005,47,-0.22670185565948486,0.2535521388053894
51005,48,-0.02315797470510006,0.0244172103703022
51005,49,0.7027115821838379,0.1314697116613388
51006,0,-0.1144033819437027,0.09010724723339081
51006,1,0.7316351532936096,0.1639273464679718
51006,2,0.03576682507991791,0.20447510480880737
51006,3,-0.42892730236053467,0.5273226499557495
51006,4,0.4742295742034912,0.13724902272224426
51006,5,0.13123057782649994,0.15927064418792725
51006,6,0.31012651324272156,0.169283926486969
51006,7,0.2257966250181198,0.15168896317481995
51006,8,0.13276547193527222,0.0676022469997406
51006,9,0.17155010998249054,0.09119915217161179
51006,10,0.38642850518226624,0.13251560926437378
51006,11,0.38812336325645447,0.16285917162895203
51006,12,0.15974026918411255,0.1867072880268097
51006,13,-0.20604440569877625,0.13597315549850464
51006,14,0.40494444966316223,0.2246214896440506
51006,15,0.11382538825273514,0.13906362652778625
51006,16,-0.07905706763267517,0.2244129180908203
51006,17,0.08361951261758804,0.23021502792835236
51006,18,0.30835744738578796,0.1605098694562912
51006,19,0.04910177364945412,0.18188968300819397
51006,20,0.4142732620239258,0.1530304253101349
51006,21,0.08665488660335541,0.22149726748466492
51006,22,0.5494541525840759,0.17412254214286804
51006,23,-0.05087326094508171,0.18333786725997925
51006,24,0.8318790793418884,0.02467011846601963
51006,25,0.31001657247543335,0.2200564742088318
51006,26,0.5498966574668884,0.06517760455608368
51006,27,0.19620802998542786,0.13786913454532623
51006,28,0.5377326011657715,0.13626863062381744
51006,29,-0.06041396036744118,0.1609819531440735
51006,30,0.35659199953079224,0.06921163201332092
51006,31,0.5240811109542847,0.10985752195119858
51006,32,0.14983797073364258,0.1290050745010376
51006,33,-0.5254209637641907,0.46361950039863586
51006,34,0.7863709926605225,0.12523013353347778
51006,35,-0.46087846159935,0.3711385428905487
51006,36,-0.15239815413951874,0.20204231142997742
51006,37,-0.3585566282272339,0.299739807844162
51006,38,0.09461952745914459,0.2540619373321533
51006,39,-0.017996221780776978,0.20142540335655212
51006,40,-0.47058483958244324,0.6394556760787964
51006,41,0.1833811104297638,0.13293148577213287
51006,42,0.2798648476600647,0.2558099925518036
51006,43,-0.14582088589668274,0.11986453086137772
51006,44,-2.885416494508296e-27,4.1297867729936476e-20
51006,45,0.3293052911758423,0.12765419483184814
51006,46,0.3504064083099365,0.12907905876636505
51006,47,0.5944944620132446,0.13584479689598083
51006,48,-0.2230413258075714,0.2895396053791046
51006,49,-0.0679660439491272,0.03080262616276741
51007,0,0.12499555200338364,0.1965615600347519
51007,1,-0.25571268796920776,0.3270397484302521
51007,2,-0.47969308495521545,0.6164681911468506
51007,3,0.34295853972435,0.1726263165473938
51007,4,0.1387823224067688,0.15599516034126282
51007,5,0.09614957123994827,0.1689041554927826
51007,6,0.10256008803844452,0.14597368240356445
51007,7,-0.461727499961853,0.20609520375728607
51007,8,-0.0674801617860794,0.2606019079685211
51007,9,0.42656469345092773,0.13543273508548737
51007,10,0.6834303736686707,0.11089407652616501
51007,11,-0.2617378830909729,0.19594961404800415
51007,12,0.1972757875919342,0.10029292851686478
51007,13,-0.06713081151247025,0.03379157558083534
51007,14,0.39022332429885864,0.17074774205684662
51007,15,0.4665720462799072,0.1484832912683487
51007,16,0.7043293714523315,0.10390810668468475
51007,17,0.6068631410598755,0.1678168624639511
51007,18,0.30077892541885376,0.13415294885635376
51007,19,0.12842048704624176,0.13218125700950623
51007,20,0.1428544670343399,0.29016292095184326
51007,21,0.19065657258033752,0.10530158132314682
51007,22,-0.207339346408844,0.13343244791030884
51007,23,-0.09990571439266205,0.30119624733924866
51007,24,0.1417156606912613,0.06334636360406876
51007,25,0.4016958177089691,0.1355636566877365
51007,26,0.6619521379470825,0.13580869138240814
51007,27,0.05512577295303345,0.23269174993038177
51007,28,0.19592489302158356,0.1365254521369934
51007,29,0.9230417013168335,0.05312976986169815
51007,30,0.5783903002738953,0.2124987244606018
51007,31,0.2684890925884247,0.138709157705307
51007,32,0.3947048485279083,0.17031177878379822
51007,33,0.34129399061203003,0.1075202152132988
51007,34,0.032822590321302414,0.25347429513931274
51007,35,0.25916680693626404,0.24127794802188873
51007,36,-0.4105367958545685,0.18336345255374908
51007,37,-0.041314300149679184,0.19491857290267944
51007,38,0.4235692620277405,0.20503683388233185
51007,39,0.33179351687431335,0.2014629989862442
51007,40,0.22642944753170013,0.1923835128545761
51007,41,-0.20928074419498444,0.24037812650203705
51007,42,-1.0102534535694855e-20,6.747231523767262e-16
51007,43,0.4844903349876404,0.14123111963272095
51007,44,0.15206876397132874,0.17083138227462769
51007,45,0.43731483817100525,0.13764983415603638
51007,46,0.00908616092056036,0.0654745027422905
51007,47,0.17801038920879364,0.14391948282718658
51007,48,-0.3735698461532593,0.20389044284820557
51007,49,0.5600894093513489,0.12066914886236191
51008,0,0.04635193943977356,0.2487088143825531
51008,1,0.377949059009552,0.16144566237926483
51008,2,0.46241140365600586,0.12157286703586578
51008,3,0.5958454012870789,0.15245936810970306
51008,4,-1.6974663862023842e-12,4.4269320848000504e-11
51008,5,0.6425482034683228,0.16824327409267426
51008,6,0.20534716546535492,0.14795158803462982
51008,7,-0.30286550521850586,0.38293856382369995
51008,8,0.22068223357200623,0.13644731044769287
51008,9,-1.4178337546126688e-28,3.3696541170184796e-21
51008,10,0.4797142446041107,0.17329013347625732
51008,11,0.8183373212814331,0.10428693890571594
51008,12,0.22638270258903503,0.17181453108787537
51008,13,0.09143287688493729,0.189035564661026
51008,14,0.23489274084568024,0.129026398062706
51008,15,0.10470687597990036,0.12553423643112183
51008,16,-0.42998769879341125,0.600473165512085
51008,17,-0.05717407912015915,0.13211248815059662
51008,18,-0.36078765988349915,0.3467877209186554
51008,19,-0.20110714435577393,0.2205684632062912
51008,20,-0.07022776454687119,0.06717868894338608
51008,21,0.4522295296192169,0.150526225566864
51008,22,-0.17413368821144104,0.33632832765579224
51008,23,0.2534888684749603,0.12975284457206726
51008,24,0.35886770486831665,0.14682407677173615
51008,25,0.09770749509334564,0.1853012889623642
51008,26,0.24274088442325592,0.13452236354351044
51008,27,0.23530876636505127,0.1771344244480133
51008,28,0.3517058193683624,0.12451495230197906
51008,29,0.14795047044754028,0.1914999932050705
51008,30,0.402742475271225,0.13132978975772858
51008,31,6.027978370873045e-23,2.0979140811207712e-18
51008,32,0.5284983515739441,0.13560204207897186
51008,33,0.24261179566383362,0.15996310114860535
51008,34,-0.40483057498931885,0.5588356852531433
51008,35,0.5036482214927673,0.22167526185512543
51008,36,-0.36746883392333984,0.2822585701942444
51008,37,0.44574758410453796,0.12117889523506165
51008,38,-0.2809526324272156,0.20611172914505005
51008,39,-0.0283304862678051,0.19693617522716522
51008,40,1.0990690668677416e-07,2.5433521955164906e-10
51008,41,0.6938554048538208,0.1298598349094391
51008,42,0.47166648507118225,0.09665147960186005
51008,43,0.08215048164129257,0.23062890768051147
51008,44,-0.15606488287448883,0.22245030105113983
51008,45,-0.35088276863098145,0.3249792158603668
51008,46,0.5291185975074768,0.12025902420282364
51008,47,0.14877252280712128,0.16555213928222656
51008,48,0.34096720814704895,0.1651632934808731
51008,49,0.33371344208717346,0.17112703621387482
51009,0,0.29054534435272217,0.14285700023174286
51009,1,0.4926028847694397,0.1843491792678833
51009,2,0.5180779695510864,0.1233222708106041
51009,3,0.5744481086730957,0.07744905352592468
51009,4,0.39339831471443176,0.10693978518247604
51009,5,-2.1549468595748527e-21,2.931077442890211e-17
51009,6,0.38562852144241333,0.1291223019361496
51009,7,0.12319079786539078,0.16197416186332703
51009,8,0.04894590005278587,0.15380197763442993
51009,9,-0.4538900852203369,0.3048737347126007
51009,10,0.4808322787284851,0.13627250492572784
51009,11,-0.13774527609348297,0.08394800871610641
51009,12,-0.04089058190584183,0.15351830422878265
51009,13,0.01980794034898281,0.220833420753479
51009,14,0.03863932564854622,0.32082998752593994
51009,15,-0.23432086408138275,0.17425529658794403
51009,16,-0.23844414949417114,0.06240252032876015
51009,17,0.3241821825504303,0.23018796741962433
51009,18,-0.08510497957468033,0.16313888132572174
51009,19,0.4515984058380127,0.23171018064022064
51009,20,0.3023296892642975,0.14124616980552673
51009,21,-0.28816765546798706,0.203457310795784
51009,22,0.6934192180633545,0.12131014466285706
51009,23,0.230422243475914,0.21908800303936005
51009,24,0.203960582613945,0.11263824254274368
51009,25,-0.47761616110801697,0.6072647571563721
51009,26,0.21697375178337097,0.14057181775569916
51009,27,0.033387236297130585,0.23828314244747162
51009,28,0.4474128782749176,0.1691509634256363
51009,29,0.6253987550735474,0.06187847629189491
51009,30,0.31879478693008423,0.18864020705223083
51009,31,0.48685458302497864,0.15569844841957092
51009,32,0.3738689720630646,0.17081990838050842
51009,33,0.7266542911529541,0.09162096679210663
51009,34,0.14306454360485077,0.1673341691493988
51009,35,-0.5444236397743225,0.1601925790309906
51009,36,-0.303801029920578,0.3138359785079956
51009,37,-0.6341214776039124,0.5853629112243652
51009,38,0.12918059527873993,0.31399497389793396
51009,39,0.23417595028877258,0.10580641031265259
51009,40,-0.3567684292793274,0.2879210412502289
51009,41,0.7042012214660645,0.15573972463607788
51009,42,0.3639642000198364,0.11311392486095428
51009,43,0.027042757719755173,0.05355091020464897
51009,44,0.8756358027458191,0.04532715678215027
51009,45,0.2950691878795624,0.21319489181041718
51009,46,-0.2495732456445694,0.19090643525123596
51009,47,0.4126206636428833,0.13277949392795563
51009,48,0.3174287676811218,0.12467009574174881
51009,49,0.21377132833003998,0.24706873297691345
51010,0,0.04541824012994766,0.043052688241004944
51010,1,0.8343614339828491,0.08914384990930557
51010,2,-0.09763355553150177,0.2707115411758423
51010,3,0.5951807498931885,0.1488286852836609
51010,4,0.6706675291061401,0.08432392030954361
51010,5,0.19751222431659698,0.11510688811540604
51010,6,-0.4282122552394867,0.5017349720001221
51010,7,-5.1265215006424114e-05,3.468217935065354e-09
51010,8,-0.06972195953130722,0.20893505215644836
51010,9,0.03574954345822334,0.27066296339035034
51010,10,0.1430468112230301,0.1985531747341156
51010,11,-0.030459443107247353,0.22645261883735657
51010,12,0.3269535005092621,0.20698465406894684
51010,13,-0.012965669855475426,0.2818198502063751
51010,14,0.6907378435134888,0.14314886927604675
51010,15,-0.2692388594150543,0.2581738233566284
51010,16,-0.18847490847110748,0.3618111312389374
51010,17,-0.4123001992702484,0.2976955771446228
51010,18,-0.01380254328250885,0.27555298805236816
51010,19,-0.21971631050109863,0.12351247668266296
51010,20,-0.1477663815021515,0.135798379778862
51010,21,-1.216831548183643e-28,3.5136831041598325e-21
51010,22,0.29537060856819153,0.1083097830414772
51010,23,-0.4332207143306732,0.5221465826034546
51010,24,0.3639736771583557,0.10810021311044693
51010,25,0.00958770141005516,0.2688949704170227
51010,26,0.19706392288208008,0.1363140344619751
51010,27,0.13165535032749176,0.20082242786884308
51010,28,0.1809391975402832,0.1473608762025833
51010,29,0.41336697340011597,0.1435026377439499
51010,30,0.28958866000175476,0.17030778527259827
51010,31,0.218684121966362,0.10755916684865952
51010,32,-0.2460889369249344,0.14110291004180908
51010,33,0.6604692339897156,0.1731548309326172
51010,34,0.1928381323814392,0.16313453018665314
51010,35,0.11523613333702087,0.10019053518772125
51010,36,-0.28930240869522095,0.21948248147964478
51010,37,0.11827276647090912,0.11547303944826126
51010,38,0.5400623083114624,0.11199677735567093
51010,39,0.36606088280677795,0.16307763755321503
51010,40,-0.10067000240087509,0.12871699035167694
51010,41,0.021361984312534332,0.11650624871253967
51010,42,-0.1662813425064087,0.11648810654878616
51010,43,0.21224182844161987,0.17853523790836334
51010,44,0.015630563721060753,0.2091599702835083
51010,45,0.6056469678878784,0.15672048926353455
51010,46,0.21413488686084747,0.13705717027187347
51010,47,-1.8546619082787573e-26,5.152228539018646e-20
51010,48,-0.39675453305244446,0.4925272762775421
51010,49,0.14302045106887817,0.16224192082881927
51011,0,0.21450158953666687,0.13622528314590454
51011,1,0.5785393714904785,0.1095256358385086
51011,2,0.5881179571151733,0.11716911196708679
51011,3,0.555020809173584,0.07074225693941116
51011,4,0.5008041262626648,0.18730324506759644
51011,5,0.3953861892223358,0.15471237897872925
51011,6,0.7622998952865601,0.12737217545509338
51011,7,0.3471415936946869,0.1537599414587021
51011,8,-0.14045289158821106,0.13655118644237518
51011,9,0.5971673727035522,0.08971879631280899
51011,10,0.719014048576355,0.04657221958041191
51011,11,-0.22592298686504364,0.23914268612861633
51011,12,0.29082050919532776,0.10095753520727158
51011,13,-0.49496325850486755,0.6086224317550659
51011,14,-0.29617393016815186,0.28915274143218994
51011,15,0.20679733157157898,0.12198100984096527
51011,16,-0.05790547654032707,0.03097522258758545
51011,17,0.03977261856198311,0.1429356038570404
51011,18,-0.1485670953989029,0.1689647138118744
51011,19,0.05763530358672142,0.18500787019729614
51011,20,0.1590537428855896,0.18448828160762787
51011,21,0.4958600699901581,0.15694326162338257
51011,22,-0.06940330564975739,0.08007465302944183
51011,23,0.14898395538330078,0.09853339940309525
51011,24,0.5048238039016724,0.08605242520570755
51011,25,0.31136831641197205,0.17360539734363556
51011,26,-0.2613249719142914,0.3608753979206085
51011,27,0.5031390190124512,0.1413680911064148
51011,28,0.23931030929088593,0.23569577932357788
51011,29,0.4997899532318115,0.2010287046432495
51011,30,0.14985665678977966,0.1903536468744278
51011,31,0.5675012469291687,0.08515777438879013
51011,32,0.5026821494102478,0.11878390610218048
51011,33,0.03503463417291641,0.1295870989561081
51011,34,0.552157998085022,0.12272323668003082
51011,35,-0.21893753111362457,0.12997062504291534
51011,36,0.5325085520744324,0.18463455140590668
51011,37,-0.3471533954143524,0.41913333535194397
51011,38,-0.30619069933891296,0.40023288130760193
51011,39,0.6805678606033325,0.16221556067466736
51011,40,-0.16561166942119598,0.2127109318971634
51011,41,0.1284089982509613,0.2255527675151825
51011,42,0.37460967898368835,0.19546563923358917
51011,43,-0.02861543744802475,0.21720895171165466
51011,44,0.010899425484240055,0.051537804305553436
51011,45,0.2827003598213196,0.1992792934179306
51011,46,-0.2649272382259369,0.27258366346359253
51011,47,0.4331680238246918,0.11634153127670288
51011,48,0.22581322491168976,0.15062735974788666
51011,49,-0.1427789032459259,0.2028302252292633
51012,0,-0.13287518918514252,0.12064266949892044
51012,1,0.1333189457654953,0.14169533550739288
51012,2,-0.2805023491382599,0.21362371742725372
51012,3,-6.761715539011126e-19,8.003844605688419e-16
51012,4,0.1979220062494278,0.22294853627681732
51012,5,-0.1960705667734146,0.16235210001468658
51012,6,0.48843348026275635,0.14115020632743835
51012,7,-0.040556445717811584,0.14062736928462982
51012,8,-0.21366997063159943,0.15476611256599426
51012,9,0.47599130868911743,0.04920937493443489
51012,10,-0.06519448012113571,0.20141008496284485
51012,11,-0.31222644448280334,0.32546156644821167
51012,12,-0.4707362651824951,0.6257537603378296
51012,13,0.30601051449775696,0.10051751881837845
51012,14,0.3485230803489685,0.1370718777179718
51012,15,-0.24031320214271545,0.25513431429862976
51012,16,-0.06071440503001213,0.17480425536632538
51012,17,0.5879198908805847,0.12824374437332153
51012,18,0.46233469247817993,0.14994095265865326
51012,19,-0.3626064360141754,0.42259061336517334
51012,20,-2.2654693576426764e-17,2.937533978000437e-14
51012,21,-0.1122443750500679,0.2255573272705078
51012,22,0.11871951818466187,0.18171019852161407
51012,23,-0.049824442714452744,0.3128134608268738
51012,24,0.31146058440208435,0.11752728372812271
51012,25,0.10478119552135468,0.25209370255470276
51012,26,0.051314275711774826,0.18832561373710632
51012,27,0.12689907848834991,0.23296336829662323
51012,28,0.23962078988552094,0.17619848251342773
51012,29,0.6824213266372681,0.19106736779212952
51012,30,0.4983811378479004,0.11829076707363129
51012,31,0.2015395313501358,0.15150433778762817
51012,32,-0.026893217116594315,0.2674504518508911
51012,33,-0.2267123907804489,0.18923655152320862
51012,34,0.3339390158653259,0.22632819414138794
51012,35,-0.2797575891017914,0.24164821207523346
51012,36,0.4896864891052246,0.14642438292503357
51012,37,-0.03415336832404137,0.1597640961408615
51012,38,-0.38072124123573303,0.37682047486305237
51012,39,0.09023193269968033,0.24195602536201477
51012,40,0.04140358045697212,0.07522149384021759
51012,41,0.22517991065979004,0.16704444587230682
51012,42,0.4751124978065491,0.1497737467288971
51012,43,0.28995394706726074,0.09958890080451965
51012,44,0.45963627099990845,0.14135651290416718
51012,45,0.2124844193458557,0.3189905285835266
51012,46,-0.05974981561303139,0.05691821873188019
51012,47,0.028366900980472565,0.09831642359495163
51012,48,0.4487578868865967,0.15862220525741577
51012,49,0.45374539494514465,0.06212638318538666
51013,0,0.8787117004394531,0.12232150882482529
51013,1,-0.013837000355124474,0.17835678160190582
51013,2,-0.004492546897381544,0.08018521219491959
51013,3,0.6893932819366455,0.08911838382482529
51013,4,0.4768140912055969,0.16322319209575653
51013,5,0.21613650023937225,0.15277649462223053
51013,6,-0.5316615700721741,0.25666800141334534
51013,7,-0.05788006633520126,0.04828047379851341
51013,8,0.3252370357513428,0.16291272640228271
51013,9,0.5894368886947632,0.1528591513633728
51013,10,0.13577957451343536,0.17489928007125854
51013,11,0.789206862449646,0.13005691766738892
51013,12,-0.12322480231523514,0.22438067197799683
51013,13,0.2899218201637268,0.17696069180965424
51013,14,0.3622177243232727,0.1621183604001999
51013,15,-1.5091396377153886e-27,1.8391624212383515e-20
51013,16,0.55157071352005,0.14513041079044342
51013,17,0.40583744645118713,0.13675568997859955
51013,18,-0.16010379791259766,0.2252022922039032
51013,19,0.3357797861099243,0.08146396279335022
51013,20,0.22463823854923248,0.17001892626285553
51013,21,-0.11191384494304657,0.2518853545188904
51013,22,0.36055171489715576,0.12355609983205795
51013,23,0.5857124924659729,0.12706826627254486
51013,24,-1.5854613525165382e-27,1.812061108626016e-20
51013,25,-0.19112491607666016,0.22132280468940735
51013,26,0.6638920903205872,0.05221753567457199
51013,27,0.6600949764251709,0.09826634079217911
51013,28,-0.33025306463241577,0.43369919061660767
51013,29,-0.4662817418575287,0.3026362657546997
51013,30,-0.21152794361114502,0.41680726408958435
51013,31,0.5183647274971008,0.11630987375974655
51013,32,-0.0329890213906765,0.18356716632843018
51013,33,-0.16596798598766327,0.18298907577991486
51013,34,0.46184495091438293,0.12871065735816956
51013,35,-0.4290408492088318,0.4166380763053894
51013,36,-0.05833461880683899,0.08538999408483505
51013,37,0.5826749801635742,0.23299093544483185
51013,38,-0.31531161069869995,0.2439424693584442
51013,39,0.29654592275619507,0.018165722489356995
51013,40,0.17380884289741516,0.2197548747062683
51013,41,-0.27464112639427185,0.15146417915821075
51013,42,0.2120038866996765,0.17027021944522858
51013,43,0.5923524498939514,0.20238623023033142
51013,44,-3.8095542645036004e-25,2.0051630945170245e-19
51013,45,0.45239874720573425,0.11218775063753128
51013,46,0.23487544059753418,0.1474638432264328
51013,47,-0.02480536885559559,0.004260875750333071
51013,48,-0.4251599609851837,0.2843165695667267
51013,49,-0.4923495948314667,0.6593596935272217
51014,0,0.6482818722724915,0.10411791503429413
51014,1,0.47271057963371277,0.11802505701780319
51014,2,0.08249382674694061,0.10719640552997589
51014,3,0.29908791184425354,0.15740211308002472
51014,4,0.265916645526886,0.15607106685638428
51014,5,0.6002521514892578,0.14152082800865173
51014,6,-0.3321058452129364,0.23221200704574585
51014,7,-0.011548928916454315,0.16924194991588593
51014,8,-0.13104070723056793,0.17555557191371918
51014,9,-0.41903507709503174,0.363457590341568
51014,10,-1.2859398320850483e-22,4.922591116382164e-18
51014,11,0.013645700179040432,0.2206648886203766
51014,12,0.23405994474887848,0.15134941041469574
51014,13,0.20746178925037384,0.1956310272216797
51014,14,0.5201557874679565,0.15663939714431763
51014,15,-4.774264756321949e-21,1.9546919766783385e-17
51014,16,-0.47975391149520874,0.6427189111709595
51014,17,-2.8335165343669488e-27,1.763114957700178e-20
51014,18,0.29197782278060913,0.16157197952270508
51014,19,0.11555489897727966,0.1644502431154251
51014,20,-0.044653281569480896,0.24456912279129028
51014,21,0.2182168811559677,0.1058277115225792
51014,22,0.6089941263198853,0.08752233535051346
51014,23,-0.0226285383105278,0.3287993371486664
51014,24,0.12821412086486816,0.2172866016626358
51014,25,0.2624228298664093,0.13700787723064423
51014,26,0.5478535890579224,0.1387094259262085
51014,27,-0.5004594922065735,0.6551792025566101
51014,28,0.04080887883901596,0.2250968962907791
51014,29,0.28855055570602417,0.15504518151283264
51014,30,0.2901788651943207,0.1034693792462349
51014,31,0.36453261971473694,0.12736210227012634
51014,32,0.46496254205703735,0.15523310005664825
51014,33,0.022423669695854187,0.20757395029067993
51014,34,0.14850251376628876,0.2036663442850113
51014,35,0.5999971628189087,0.12925034761428833
51014,36,-0.40178754925727844,0.2799318730831146
51014,37,-0.2548944652080536,0.11967107653617859
51014,38,-2.3951620418539254e-23,1.6808885971579012e-18
51014,39,0.06474273651838303,0.1679227501153946
51014,40,0.8814288377761841,0.11697164177894592
51014,41,0.2729468047618866,0.17306707799434662
51014,42,-0.11132057011127472,0.23334529995918274
51014,43,0.24585700035095215,0.20822758972644806
51014,44,-0.10798285156488419,0.30897724628448486
51014,45,0.03595012426376343,0.2909497320652008
51014,46,-1.2945995558275556e-21,9.058843729130555e-16
51014,47,-0.0428127683699131,0.032150108367204666
51014,48,0.5216563940048218,0.19734437763690948
51014,49,0.4980665445327759,0.15977558493614197
51015,0,-0.2517794966697693,0.20467111468315125
51015,1,0.4264185130596161,0.2130298763513565
51015,2,0.2596101760864258,0.07813679426908493
51015,3,0.06679046154022217,0.029293084517121315
51015,4,0.36564791202545166,0.15140195190906525
51015,5,0.20432083308696747,0.19781871140003204
51015,6,-0.2899053394794464,0.15981456637382507
51015,7,0.5746001601219177,0.11777812242507935
51015,8,-0.33927667140960693,0.35097816586494446
51015,9,0.3513006865978241,0.16657419502735138
51015,10,0.5979620814323425,0.1417541205883026
51015,11,0.46899712085723877,0.2095208317041397
51015,12,-0.4547373354434967,0.4337386190891266
51015,13,0.4942227005958557,0.1799664944410324
51015,14,0.40685170888900757,0.15334409475326538
51015,15,0.5052180290222168,0.044554371386766434
51015,16,0.0022094505839049816,0.15076418220996857
51015,17,0.688135027885437,0.11807402968406677
51015,18,0.039145853370428085,0.1638031005859375
51015,19,0.15249010920524597,0.19574116170406342
51015,20,-0.47048303484916687,0.6385267972946167
51015,21,0.03865431249141693,0.1529722511768341
51015,22,-0.17687301337718964,0.13918904960155487
51015,23,0.2562643885612488,0.055973686277866364
51015,24,-0.2533949911594391,0.31494078040122986
51015,25,0.5388675332069397,0.13625818490982056
51015,26,0.009002133272588253,0.17105215787887573
51015,27,0.6039745211601257,0.15951240062713623
51015,28,0.35344216227531433,0.15689681470394135
51015,29,-0.194866344332695,0.21177048981189728
51015,30,0.4779462218284607,0.09316425025463104
51015,31,0.4405515193939209,0.19991296529769897
51015,32,0.05531816557049751,0.18676939606666565
51015,33,0.12437285482883453,0.27684855461120605
51015,34,0.38562944531440735,0.15209665894508362
51015,35,0.2450091689825058,0.12143424153327942
51015,36,0.6648998260498047,0.10078640282154083
51015,37,0.06271950155496597,0.23278743028640747
51015,38,-0.23493622243404388,0.1124633401632309
51015,39,0.2565184235572815,0.16517271101474762
51015,40,0.32412242889404297,0.13202553987503052
51015,41,-0.2521359324455261,0.16413775086402893
51015,42,-0.03942479193210602,0.03489679843187332
51015,43,0.24495568871498108,0.16743497550487518
51015,44,0.3105922341346741,0.18171462416648865
51015,45,0.13162006437778473,0.21945048868656158
51015,46,0.4909047484397888,0.1519004851579666
51015,47,0.2217220515012741,0.09707245230674744
51015,48,0.06210065633058548,0.2956678867340088
51015,49,-0.22731395065784454,0.2877553403377533
51016,0,-0.07375865429639816,0.18712118268013
51016,1,0.2988017201423645,0.18056556582450867
51016,2,0.6942165493965149,0.10945499688386917
51016,3,-0.00276501988992095,0.18420648574829102
51016,4,-0.044392362236976624,0.2183188647031784
51016,5,-0.020986715331673622,0.019670719280838966
51016,6,0.48902496695518494,0.06286128610372543
51016,7,0.4086117148399353,0.10550588369369507
51016,8,0.48250001668930054,0.10900348424911499
51016,9,0.2666202485561371,0.16535167396068573
51016,10,0.29468971490859985,0.2007049024105072
51016,11,-2.0997844039365165e-22,2.246668865808326e-17
51016,12,0.3984586298465729,0.20826096832752228
51016,13,0.3856840133666992,0.22333112359046936
51016,14,0.14754772186279297,0.2636108100414276
51016,15,0.32728755474090576,0.1382860541343689
51016,16,-0.08819455653429031,0.25739479064941406
51016,17,0.2054460197687149,0.1418919712305069
51016,18,0.029213039204478264,0.26915648579597473
51016,19,0.046962279826402664,0.05439084395766258
51016,20,0.3377869725227356,0.22617511451244354
51016,21,0.04390503093600273,0.1494220793247223
51016,22,-0.10672670602798462,0.20941726863384247
51016,23,0.3526637852191925,0.13972151279449463
51016,24,0.146660715341568,0.1349835842847824
51016,25,-0.22079969942569733,0.1867849975824356
51016,26,0.49487805366516113,0.13600806891918182
51016,27,-0.17848874628543854,0.20459067821502686
51016,28,-0.0250080619007349,7.162870588217629e-06
51016,29,0.08745019137859344,0.22781330347061157
51016,30,-0.435870498418808,0.550915539264679
51016,31,-0.1768612265586853,0.35106173157691956
51016,32,0.19825641810894012,0.20008911192417145
51016,33,0.10357856750488281,0.12175756692886353
51016,34,0.058686502277851105,0.24023383855819702
51016,35,0.7470512390136719,0.11317764222621918
51016,36,0.3585495948791504,0.06376343965530396
51016,37,-0.2566137909889221,0.30122196674346924
51016,38,0.46225687861442566,0.15572614967823029
51016,39,0.33738449215888977,0.03185160458087921
51016,40,0.0585387758910656,0.08284715563058853
51016,41,-0.24817797541618347,0.3447034955024719
51016,42,0.3927624225616455,0.09261774271726608
51016,43,0.694446325302124,0.18357104063034058
51016,44,0.16183160245418549,0.14120295643806458
51016,45,0.813616156578064,0.13927973806858063
51016,46,0.30261263251304626,0.1426238864660263
51016,47,0.0712146982550621,0.22335638105869293
51016,48,0.20408837497234344,0.2454843372106552
51016,49,0.45866432785987854,0.13701868057250977
51017,0,0.634788453578949,0.14212553203105927
51017,1,-0.4923659861087799,0.6599594950675964
51017,2,0.2671016454696655,0.21685205399990082
51017,3,0.5255907773971558,0.1515045166015625
51017,4,0.4597344994544983,0.1703399121761322
51017,5,0.024742068722844124,0.23732858896255493
51017,6,-0.07237853854894638,0.1374070942401886
51017,7,0.21034802496433258,0.12088192999362946
51017,8,-0.14632807672023773,0.15085875988006592
51017,9,-0.004857080057263374,0.012308347970247269
51017,10,0.6493036150932312,0.07278268039226532
51017,11,0.5189942717552185,0.07254209369421005
51017,12,-0.16996267437934875,0.1393667757511139
51017,13,-0.0979798436164856,0.2226632833480835
51017,14,0.154939666390419,0.11737295985221863
51017,15,0.018323788419365883,0.23700903356075287
51017,16,-3.5072539660489927e-28,2.4309059441499068e-20
51017,17,0.0031800062861293554,0.15258106589317322
51017,18,-0.0850614532828331,0.3006443381309509
51017,19,0.21946316957473755,0.1566905528306961
51017,20,0.025332581251859665,0.155949205160141
51017,21,0.45444732904434204,0.06274943053722382
51017,22,0.14461956918239594,0.13918618857860565
51017,23,0.5976876020431519,0.16145415604114532
51017,24,0.47114479541778564,0.22884748876094818
51017,25,0.5368731617927551,0.1751270443201065
51017,26,-0.09032803773880005,0.09621525555849075
51017,27,-1.1720244219581843e-10,2.4105989426814745e-10
51017,28,-0.028723854571580887,0.3497427999973297
51017,29,0.048968590795993805,0.17435066401958466
51017,30,0.37844318151474,0.1373462677001953
51017,31,0.01202267687767744,0.04213084653019905
51017,32,0.410743772983551,0.10824605077505112
51017,33,0.49515199661254883,0.16538505256175995
51017,34,0.07852652668952942,0.13812698423862457
51017,35,0.567634642124176,0.1670878380537033
51017,36,-0.16968819499015808,0.26950711011886597
51017,37,0.19380439817905426,0.05643300712108612
51017,38,-0.4475899338722229,0.6199756264686584
51017,39,0.4015740156173706,0.2042113095521927
51017,40,0.42499199509620667,0.1172487810254097
51017,41,0.7554625868797302,0.16949090361595154
51017,42,0.46076348423957825,0.12193959206342697
51017,43,0.3103845715522766,0.1713699847459793
51017,44,0.015550815500319004,0.0803917720913887
51017,45,0.3571838438510895,0.11029380559921265
51017,46,0.4166695773601532,0.20499081909656525
51017,47,0.6225080490112305,0.0825665071606636
51017,48,0.2207065224647522,0.12060648202896118
51017,49,0.12036672979593277,0.16487330198287964
51018,0,0.11808016896247864,0.19896452128887177
51018,1,-8.582161535741761e-05,4.744368595765991e-07
51018,2,0.2536817491054535,0.15888209640979767
51018,3,0.4678695499897003,0.10967740416526794
51018,4,-0.06284907460212708,0.2320178747177124
51018,5,-0.6470284461975098,0.545468807220459
51018,6,0.22582370042800903,0.2216612994670868
51018,7,0.37834644317626953,0.17763635516166687
51018,8,-5.056801041111714e-25,3.048221820322024e-19
51018,9,0.4389972686767578,0.1585097312927246
51018,10,0.361442893743515,0.1145494356751442
51018,11,-0.13336756825447083,0.20738449692726135
51018,12,0.6457126140594482,0.128215491771698
51018,13,0.9990858435630798,0.0007260037236846983
51018,14,0.5736097693443298,0.1646992564201355
51018,15,0.5427436232566833,0.15491050481796265
51018,16,0.19989393651485443,0.06714627146720886
51018,17,-0.471369206905365,0.6368631720542908
51018,18,0.20906110107898712,0.2537666857242584
51018,19,0.473224937915802,0.163966566324234
51018,20,-8.412289433760429e-26,2.0364567588065834e-19
51018,21,0.7572144269943237,0.13531936705112457
51018,22,0.2869972288608551,0.1760363131761551
51018,23,0.2511923015117645,0.13168974220752716
51018,24,0.11329267919063568,0.0025125208776444197
51018,25,0.6812666654586792,0.0013158239889889956
51018,26,0.5872624516487122,0.0808907151222229
51018,27,-0.01528233289718628,0.18256635963916779
51018,28,0.09203734248876572,0.1387452483177185
51018,29,0.1344820111989975,0.10995897650718689
51018,30,-0.07622537761926651,0.15470091998577118
51018,31,-0.16493085026741028,0.08921100944280624
51018,32,-0.2853509485721588,0.34834715723991394
51018,33,0.33971381187438965,0.09066765010356903
51018,34,0.5149355530738831,0.1681399941444397
51018,35,0.47764337062835693,0.16877424716949463
51018,36,0.5053749680519104,0.19903427362442017
51018,37,0.46521082520484924,0.11405351758003235
51018,38,-0.4923488199710846,0.6590647101402283
51018,39,-0.07133624702692032,0.09543969482183456
51018,40,0.4741714894771576,0.12708866596221924
51018,41,0.21574115753173828,0.09622740000486374
51018,42,0.3760836124420166,0.15193291008472443
51018,43,0.18296410143375397,0.11721689254045486
51018,44,-0.2286408692598343,0.3181225657463074
51018,45,0.5581489205360413,0.201385498046875
51018,46,0.2089933156967163,0.14893870055675507
51018,47,-0.18872052431106567,0.1606641262769699
51018,48,0.026884429156780243,0.1722114235162735
51018,49,-0.3046705722808838,0.22076910734176636
51019,0,0.6002690196037292,0.12762567400932312
51019,1,0.4546486437320709,0.0711933970451355
51019,2,0.26060330867767334,0.10928451269865036
51019,3,0.4127458333969116,0.10951226204633713
51019,4,0.034182142466306686,0.06614923477172852
51019,5,0.2184298187494278,0.16227449476718903
51019,6,0.533531904220581,0.19210605323314667
51019,7,0.48622968792915344,0.12617290019989014
51019,8,-0.15403221547603607,0.14138184487819672
51019,9,0.004595480859279633,0.09602100402116776
51019,10,0.6913087964057922,0.05535876378417015
51019,11,-0.4490658640861511,0.6193142533302307
51019,12,0.4071844220161438,0.15381214022636414
51019,13,0.5943708419799805,0.15245699882507324
51019,14,0.22233816981315613,0.060372572392225266
51019,15,0.13889983296394348,0.23987962305545807
51019,16,0.39124032855033875,0.012691715732216835
51019,17,-0.2838587164878845,0.6203441023826599
51019,18,0.4808921813964844,0.22521252930164337
51019,19,0.668982744216919,0.12717577815055847
51019,20,0.3022133708000183,0.10063119232654572
51019,21,0.15568576753139496,0.192530557513237
51019,22,0.4346880614757538,0.1368418186903
51019,23,0.001425981754437089,0.23915758728981018
51019,24,0.08619090169668198,0.1768917292356491
51019,25,0.3530291020870209,0.12348836660385132
51019,26,-0.4280060827732086,0.5920760035514832
51019,27,0.24401547014713287,0.11343883723020554
51019,28,0.155348002910614,0.12532782554626465
51019,29,0.43814176321029663,0.235290989279747
51019,30,0.27361613512039185,0.1288069188594818
51019,31,-7.390690679967908e-27,3.768058429302221e-20
51019,32,0.15650556981563568,0.13317763805389404
51019,33,0.1083996444940567,0.29336827993392944
51019,34,0.49415719509124756,0.14859339594841003
51019,35,0.3775999844074249,0.044788580387830734
51019,36,0.18216852843761444,0.03415490314364433
51019,37,0.05139416456222534,0.17531342804431915
51019,38,0.6372683644294739,0.10471753776073456
51019,39,0.4248153865337372,0.2576483488082886
51019,40,0.19101408123970032,0.12684598565101624
51019,41,0.39986908435821533,0.15599088370800018
51019,42,0.29224008321762085,0.19301605224609375
51019,43,-0.3337256908416748,0.2518649399280548
51019,44,0.22834838926792145,0.15600264072418213
51019,45,0.6115754246711731,0.07936190813779831
51019,46,0.3071177899837494,0.19050650298595428
51019,47,0.5481115579605103,0.13193629682064056
51019,48,0.07259479910135269,0.0993446335196495
51019,49,0.671812117099762,0.0671302005648613
51020,0,0.39888036251068115,0.19810615479946136
51020,1,0.0385328009724617,0.1723451167345047
51020,2,0.408977210521698,0.17949408292770386
51020,3,0.2557937502861023,0.10545068979263306
51020,4,0.0419018492102623,0.15002869069576263
51020,5,0.31477585434913635,0.13457129895687103
51020,6,0.17438989877700806,0.03529691696166992
51020,7,-0.2774370312690735,0.28075194358825684
51020,8,0.459395170211792,0.09569693356752396
51020,9,-0.29160255193710327,0.15101860463619232
51020,10,0.4673284888267517,0.10526666790246964
51020,11,-0.18165971338748932,0.21324089169502258
51020,12,0.5172132253646851,0.13193732500076294
51020,13,-0.040022868663072586,0.1314752995967865
51020,14,-0.45868244767189026,0.3692696690559387
51020,15,0.29408061504364014,0.22410890460014343
51020,16,0.3890649378299713,0.10653387010097504
51020,17,0.47083544731140137,0.09537938237190247
51020,18,0.34798434376716614,0.12097273021936417
51020,19,-0.23915855586528778,0.2669185400009155
51020,20,0.5692002177238464,0.14705118536949158
51020,21,0.005627352744340897,0.2267065793275833
51020,22,-0.33791276812553406,0.35630497336387634
51020,23,-0.09594401717185974,0.22934125363826752
51020,24,0.30461713671684265,0.06478971242904663
51020,25,-0.10077184438705444,0.008256186731159687
51020,26,-0.19478872418403625,0.3075003921985626
51020,27,0.5251666903495789,0.1643957495689392
51020,28,0.22526344656944275,0.13325294852256775
51020,29,0.011182139627635479,0.23647907376289368
51020,30,0.4807778298854828,6.756270977348322e-06
51020,31,-0.3436487317085266,0.3793720006942749
51020,32,0.1542365700006485,0.3944782018661499
51020,33,0.28922516107559204,0.0777343362569809
51020,34,0.17260730266571045,0.19132789969444275
51020,35,0.278928279876709,0.17557193338871002
51020,36,0.033006101846694946,0.23107679188251495
51020,37,-0.1476498395204544,0.18488945066928864
51020,38,-0.1461375504732132,0.24752801656723022
51020,39,0.07312668859958649,0.12785620987415314
51020,40,-0.3819831311702728,0.3866748511791229
51020,41,-0.04975508898496628,0.2382270246744156
51020,42,-0.28399398922920227,0.33378860354423523
51020,43,-0.030051246285438538,0.1364549994468689
51020,44,0.42118003964424133,0.08719733357429504
51020,45,0.49807220697402954,0.14070138335227966
51020,46,-7.131250619453372e-18,2.7348738914799095e-14
51020,47,0.7388004660606384,0.13915452361106873
51020,48,-0.16258440911769867,0.2799960970878601
51020,49,0.5859706997871399,0.15566086769104004
