generation,candidate,composite_mse,K_ca1,beta_latent,beta_output
0,0,0.035328186893214784,9.0,41.31805896759033,50.43921709060669
0,1,0.04487469233572483,9.0,23.73798981308937,1.0
0,2,0.033065962605178356,9.0,37.578760385513306,48.23570489883423
0,3,0.06703708507120609,3.0,1.0,1.0
0,4,0.0023493365927909813,3.0,12.83193588256836,15.730475783348083
0,5,0.01920535632719596,3.0,42.18106389045715,13.84891152381897
0,6,0.02112004836089909,8.0,30.549205541610718,38.87385606765747
1,0,0.02924368406335513,5.0,44.0957510471344,33.74946355819702
1,1,0.0018083389732055366,1.0,13.234503269195557,19.419422149658203
1,2,0.009004036546684802,7.0,21.788879334926605,30.40923535823822
1,3,0.008224691535967091,7.0,24.780972860753536,26.171273291110992
1,4,0.07550167292356491,1.0,29.470330476760864,1.0
1,5,0.008299090007009605,8.0,28.064714074134827,20.9051913022995
1,6,0.0022803475925077996,3.0,14.235142469406128,25.302757266908884
2,0,0.002758291938031713,5.0,7.748932838439941,11.89471960067749
2,1,0.010225383099168539,5.0,32.39297866821289,16.847426295280457
2,2,0.008313495219529917,5.0,14.20783519744873,39.302765130996704
2,3,0.003269485702427725,2.0,1.0,24.415259920060635
2,4,0.015480095675836006,7.0,27.24272593855858,36.304248571395874
2,5,0.06700111056367557,2.0,28.55431228876114,1.0
2,6,0.006750189078350862,3.0,10.683294534683228,42.3331093788147
3,0,0.0033762488552990058,5.0,17.84287989139557,20.30497580766678
3,1,0.02436526119709015,5.0,1.0,42.91744351387024
3,2,0.0023898895791110895,2.0,15.946993231773376,28.741796612739563
3,3,0.003107338988532623,3.0,1.0,26.535290330648422
3,4,0.0029385959690747163,3.0,15.154752731323242,27.545613646507263
3,5,0.004197346046566963,4.0,13.980486392974854,28.437494039535522
3,6,0.008982146120009324,3.0,1.0,37.64509439468384
4,0,0.01138415412666897,2.0,32.01527237892151,36.78030848503113
4,1,0.0020310914357348033,1.0,7.835428714752197,18.31119656562805
4,2,0.002861260979746779,6.0,15.499660968780518,20.100719034671783
4,3,0.005912342380421857,2.0,24.134469479322433,40.59871554374695
4,4,0.005775064060192865,5.0,4.716596603393555,33.22076737880707
4,5,0.007825043052434921,2.0,25.246851854026318,46.956822872161865
4,6,0.004354891580684732,4.0,19.490485191345215,26.088468953967094
5,0,0.004925657723409434,5.0,23.04961547255516,11.040922403335571
5,1,0.0019110663755175967,4.0,2.466111183166504,19.496628642082214
5,2,0.005395711205589275,6.0,11.472076177597046,7.003345489501953
5,3,0.0021036131074652076,5.0,9.758330583572388,21.654227077960968
5,4,0.0031591090955771506,4.0,16.97578251361847,13.252555131912231
5,5,0.0042461622118329006,4.0,22.60621652007103,15.001341104507446
5,6,0.0039747113090318935,5.0,19.66547429561615,19.86809730529785
6,0,0.004001627792604268,6.0,1.0,16.848814487457275
6,1,0.0022319207588831582,5.0,12.723747491836548,17.417685389518738
6,2,0.0032755197025835514,2.0,1.0,24.34548608958721
6,3,0.0018764600875632216,5.0,6.880607604980469,22.053134739398956
6,4,0.0019967499538324773,4.0,1.9646191596984863,24.375768341124058
6,5,0.0017976848175749183,4.0,9.11456823348999,20.5315563082695
6,6,0.00336245697690174,5.0,14.732836484909058,11.411982774734497
7,0,0.0032611796826434634,5.0,12.571414709091187,24.568340070545673
7,1,0.0021352426653417447,4.0,2.856464385986328,29.94969755411148
7,2,0.001978025490340466,3.0,11.068516969680786,19.79197323322296
7,3,0.003238379353812585,3.0,1.0839629173278809,29.533953368663788
7,4,0.002401399367954582,6.0,11.36435866355896,14.051024913787842
7,5,0.0019426636960512649,4.0,10.264333486557007,19.002957940101624
7,6,0.00211878899911729,5.0,6.824573278427124,24.056972712278366
8,0,0.0016753959547107418,5.0,4.11745548248291,17.92281448841095
8,1,0.0022350576473399997,4.0,10.65845251083374,15.942797064781189
8,2,0.003056966078778108,5.0,16.983436942100525,15.567644834518433
8,3,0.0024432000742914775,4.0,13.364065885543823,16.167454719543457
8,4,0.0024322838289663196,4.0,13.946852684020996,19.75146770477295
8,5,0.0034108596931522093,4.0,15.496002435684204,27.478408813476562
8,6,0.003443403208317856,5.0,15.82352101802826,11.883043050765991
9,0,0.001716901674323405,4.0,7.413985729217529,19.42369818687439
9,1,0.0019223144627176225,4.0,3.5649585723876953,17.649291157722473
9,2,0.0018196006421931088,4.0,9.39060091972351,20.608124434947968
9,3,0.002286565121418486,3.0,2.1741533279418945,19.1232031583786
9,4,0.0017032430914696306,5.0,6.628283262252808,17.814480662345886
9,5,0.0022611398987161615,5.0,4.25262451171875,14.116592407226562
9,6,0.0026364625276376805,4.0,15.472108721733093,18.73066484928131
10,0,0.002065032604150474,4.0,9.433015584945679,22.17009127140045
10,1,0.001849148393375799,5.0,6.59224271774292,16.412800550460815
10,2,0.0019534412034166357,4.0,10.826281309127808,20.711195468902588
10,3,0.001562989423594748,5.0,7.312244176864624,20.633821189403534
10,4,0.0015380588204910357,5.0,6.930056810379028,20.619574189186096
10,5,0.0014047569614679862,4.0,5.084712505340576,22.98417553305626
10,6,0.00217682730484133,5.0,8.958719968795776,14.713327884674072
11,0,0.0014356902393046767,4.0,5.3826069831848145,22.798021286725998
11,1,0.0015208355034701526,5.0,6.030498743057251,19.77584660053253
11,2,0.0013724312593694776,5.0,5.596789121627808,22.774617671966553
11,3,0.001624728455984344,5.0,7.544301748275757,19.655745029449463
11,4,0.0015315927448682487,5.0,6.173602342605591,20.15963315963745
11,5,0.0013019200705457479,5.0,3.6119723320007324,22.829717993736267
11,6,0.001311248818334813,5.0,4.160864353179932,22.173401415348053
12,0,0.0014078290453956772,5.0,2.9407835006713867,23.21380704641342
12,1,0.0014673700594964127,5.0,5.000438690185547,19.6969211101532
12,2,0.0017909327483115096,4.0,5.290694236755371,17.979848384857178
12,3,0.0015940479061100632,5.0,3.009371757507324,19.929857850074768
12,4,0.0017171998915728182,5.0,3.312859535217285,18.28097403049469
12,5,0.0015637764202741284,5.0,4.0576863288879395,18.97142469882965
12,6,0.0013879505859222263,5.0,4.9301934242248535,20.898666977882385
13,0,0.0015489720972254872,5.0,5.81299901008606,19.176146984100342
13,1,0.0014550606235085677,5.0,4.217267036437988,20.110348761081696
13,2,0.0012630280398298055,5.0,4.563488960266113,23.696048259735107
13,3,0.0013139122262752305,5.0,4.266149997711182,21.901866495609283
13,4,0.0021063563181087375,5.0,1.528012752532959,22.271878719329834
13,5,0.0016404704947490245,4.0,5.768047571182251,19.696314930915833
13,6,0.0012953741243109107,5.0,3.800785541534424,22.716875970363617
14,0,0.0011981438340929647,5.0,3.8242173194885254,24.960328107699752
14,1,0.0016148648574016988,4.0,2.274138927459717,24.127463027834892
14,2,0.0020774832422224185,4.0,5.897815227508545,25.595474243164062
14,3,0.0020389075313384333,5.0,1.594102382659912,22.233545184135437
14,4,0.0013490056444425136,4.0,4.571220874786377,23.68870124220848
14,5,0.001254408775518338,5.0,4.097094535827637,23.358539789915085
14,6,0.0012542725210854162,5.0,3.559143543243408,23.96781511604786
15,0,0.0012016098383658875,5.0,3.9920902252197266,24.545825757086277
15,1,0.0013775227416772395,4.0,4.111318588256836,23.051920235157013
15,2,0.0013422441843431443,5.0,4.42962646484375,21.584821045398712
15,3,0.0020207885342339673,5.0,3.233036994934082,26.222542449831963
15,4,0.0012122162346107264,5.0,4.0747785568237305,25.49817766994238
15,5,0.0012749759092306097,5.0,4.607954025268555,23.152188062667847
15,6,0.0022746601316612214,5.0,2.2433066368103027,24.496685937047005
16,0,0.0016079392128934462,5.0,4.471180438995361,25.884195938706398
16,1,0.0016592353543577094,5.0,4.400458335876465,26.074824035167694
16,2,0.0015653957719526563,5.0,4.359407424926758,25.471330881118774
16,3,0.0016280837444355711,5.0,4.528627395629883,25.720077753067017
16,4,0.0013006199199783925,5.0,4.4892048835754395,25.024451951030642
16,5,0.001743416835476334,5.0,4.050405025482178,26.77684709429741
16,6,0.001260077386784057,5.0,3.4680628776550293,24.778507612645626
17,0,0.0015200909498768549,5.0,3.2596969604492188,24.31400455534458
17,1,0.0012053591102206458,5.0,3.84171724319458,25.81915184855461
17,2,0.0017762029747245833,5.0,4.812629222869873,26.146660819649696
17,3,0.0020483484937964627,5.0,3.1102848052978516,25.62332261353731
17,4,0.0017960885306820273,5.0,4.5630621910095215,26.462953984737396
17,5,0.001379568682750687,5.0,3.897111415863037,26.42075926065445
17,6,0.0012209108487392466,5.0,4.116394519805908,24.292850866913795
18,0,0.002055136748822406,5.0,3.154478073120117,25.36202657967806
18,1,0.0018028969207080081,5.0,4.356205463409424,26.850885450839996
18,2,0.0012883822976921995,5.0,4.234814643859863,25.30024355277419
18,3,0.0014995627376871805,5.0,4.3523478507995605,25.375915057957172
18,4,0.002026737027335912,5.0,3.3278536796569824,25.519672855734825
18,5,0.002058517546781028,5.0,3.252403736114502,24.827624578028917
18,6,0.001237846037838608,5.0,4.245254993438721,25.205007158219814
19,0,0.001607986108865589,5.0,4.3524956703186035,25.678287968039513
19,1,0.0012169426093654085,5.0,4.186661243438721,24.838224425911903
19,2,0.0016661921593671043,5.0,5.2074384689331055,25.211658366024494
19,3,0.0013354640104807913,5.0,4.4504475593566895,25.17221787944436
19,4,0.00201064367138315,5.0,4.7371602058410645,26.92494660615921
19,5,0.001228059195758154,5.0,3.657717704772949,24.37486432492733
19,6,0.0012256590901718785,5.0,4.270951747894287,24.968745280057192
20,0,0.0012069367027531068,5.0,3.8249683380126953,24.608163349330425
20,1,0.0012075680133420974,5.0,3.8223958015441895,24.61463261395693
20,2,0.0015683100694635261,5.0,4.222598075866699,25.57578220963478
20,3,0.001227137914005046,5.0,3.603823184967041,24.929290390573442
20,4,0.0014305433918101091,5.0,3.474435806274414,25.39629753679037
20,5,0.0012995008825479697,5.0,4.686524868011475,24.368520230054855
20,6,0.0012030876726688196,5.0,3.988642692565918,24.90164490416646
21,0,0.001203641266329214,5.0,3.9711570739746094,24.780748821794987
21,1,0.0012330662187499304,5.0,4.249563217163086,24.457980021834373
21,2,0.0012127553345635533,5.0,3.786337375640869,24.53709751367569
21,3,0.0012248414083539199,5.0,3.7283754348754883,24.23095315694809
21,4,0.0012402251983682315,5.0,4.268777370452881,24.287662506103516
21,5,0.0012357057421468198,5.0,4.332709312438965,24.883335726335645
21,6,0.001221675668299819,5.0,3.6252570152282715,24.743799585849047
22,0,0.0012001039964767795,5.0,3.841991424560547,25.010011116974056
22,1,0.001200527020652468,5.0,3.8878774642944336,24.84828998334706
22,2,0.0012391025278096397,5.0,3.519876003265381,24.608166851103306
22,3,0.001206552959047258,5.0,3.699166774749756,24.944944442249835
22,4,0.0011957393726333976,5.0,3.9053916931152344,24.97562562348321
22,5,0.0012072708632331342,5.0,4.069807529449463,24.984448498580605
22,6,0.0020651936162418374,5.0,3.2520341873168945,24.43426925688982
23,0,0.0012043789320159703,5.0,3.9623546600341797,24.79183090850711
23,1,0.0011959818560474862,5.0,3.952505588531494,25.448032282292843
23,2,0.0011960233678109944,5.0,3.9355015754699707,25.317525044083595
23,3,0.0012122404489976664,5.0,4.186108112335205,24.967903669457883
23,4,0.0012171282529986154,5.0,4.178261756896973,25.072010457515717
23,5,0.0012081966754825164,5.0,3.7237119674682617,25.20418843254447
23,6,0.0011957258878586192,5.0,3.9046669006347656,25.269030146300793
24,0,0.0011902502349888284,5.0,3.8536882400512695,25.44606924057007
24,1,0.0011928466944179188,5.0,3.9106154441833496,25.520141273736954
24,2,0.0011952201408954959,5.0,3.943450450897217,25.10068171657622
24,3,0.0011901759717147797,5.0,3.9186453819274902,25.31775638461113
24,4,0.0011959913632987689,5.0,3.8280773162841797,25.373936742544174
24,5,0.0011941109454104055,5.0,3.838658332824707,25.511547587811947
24,6,0.001206557285816719,5.0,4.00280237197876,24.84690710902214
25,0,0.0011960223879820357,5.0,3.872215747833252,25.213484913110733
25,1,0.0011992851893107097,5.0,3.9888930320739746,25.249545443803072
25,2,0.0012137408484704792,5.0,4.087419509887695,25.29362538829446
25,3,0.001204765741325294,5.0,3.9681458473205566,25.547914244234562
25,4,0.0012079894077032804,5.0,3.880438804626465,25.819021686911583
25,5,0.0011965684534516186,5.0,3.8158822059631348,24.99064456555061
25,6,0.0012486818013712764,5.0,4.075074195861816,25.55754978209734
26,0,0.001198364916490391,5.0,3.787350654602051,25.161476973444223
26,1,0.0011985045275650918,5.0,3.8635849952697754,24.974619862623513
26,2,0.0011969669722020626,5.0,3.773355484008789,25.328319668769836
26,3,0.0011938225652556866,5.0,3.9127683639526367,25.074471402913332
26,4,0.0011948848938724648,5.0,3.9018821716308594,25.07121809758246
26,5,0.0012016196657593052,5.0,3.782479763031006,24.96003738604486
26,6,0.0011893673023829858,5.0,3.901517391204834,25.446462593972683
27,0,0.001198134763399139,5.0,3.7941527366638184,25.260051731020212
27,1,0.0011924596910830587,5.0,3.925607204437256,25.580894015729427
27,2,0.0011929042423920084,5.0,3.8161468505859375,25.403445065021515
27,3,0.0011970133734090875,5.0,3.79300594329834,25.16311326995492
27,4,0.0011927690648008138,5.0,3.9051222801208496,25.277836453169584
27,5,0.0011904355196747929,5.0,3.9159727096557617,25.107967806980014
27,6,0.0011982307381307085,5.0,3.872964382171631,25.143602192401886
28,0,0.001204484113259241,5.0,4.025428295135498,25.49863178282976
28,1,0.0011943625868298113,5.0,3.919374942779541,25.42537808418274
28,2,0.0011924798115311812,5.0,3.9438223838806152,25.34305840730667
28,3,0.001204933039844036,5.0,4.020223617553711,25.256631318479776
28,4,0.001192987527853499,5.0,3.9095592498779297,25.298257526010275
28,5,0.0011956198237991582,5.0,3.934011459350586,25.39207436144352
28,6,0.0011938249711723377,5.0,3.9211297035217285,25.436298809945583
29,0,0.0011968444935822238,5.0,3.943185806274414,25.302191246300936
29,1,0.0012041302397847176,5.0,4.01331901550293,25.354386940598488
29,2,0.0011949190132630367,5.0,3.8919472694396973,25.289338435977697
29,3,0.0011908634138914447,5.0,3.9664316177368164,25.24159613996744
29,4,0.0011959841164449851,5.0,3.9316844940185547,25.360688753426075
29,5,0.0011969404004048556,5.0,3.9728236198425293,25.271497555077076
29,6,0.0011960688376954447,5.0,3.9309239387512207,25.374090187251568
30,0,0.0012043272824181865,5.0,3.9845824241638184,25.259472709149122
30,1,0.0012004674451115231,5.0,3.9867401123046875,25.245917234569788
30,2,0.001190129619014139,5.0,3.9351391792297363,25.24543946608901
30,3,0.0011923468264285475,5.0,3.9250969886779785,25.34426499158144
30,4,0.001198447144512708,5.0,3.9737677574157715,25.387593545019627
30,5,0.0011952908826060593,5.0,3.9426040649414062,25.14642215333879
30,6,0.0011938734775564324,5.0,3.923945426940918,25.14182065613568
31,0,0.0011921656647852312,5.0,3.9206409454345703,25.300522781908512
31,1,0.001191009107666711,5.0,3.913235664367676,25.303165428340435
31,2,0.0011925484383633982,5.0,3.951117992401123,25.287297889590263
31,3,0.0011898114171344787,5.0,3.9197134971618652,25.186164434999228
31,4,0.0011980007402598858,5.0,3.9534425735473633,25.319640785455704
31,5,0.0011927717520544927,5.0,3.9444375038146973,25.340844504535198
31,6,0.0011946643159414332,5.0,3.957829475402832,25.3333443030715
32,0,0.0011907940012558054,5.0,3.905959129333496,25.280984677374363
32,1,0.0011917301550662767,5.0,3.9329123497009277,25.242634639143944
32,2,0.00119106809142977,5.0,3.9287471771240234,25.182155594229698
32,3,0.001193373881202812,5.0,3.9042186737060547,25.17001898959279
32,4,0.00119476819721361,5.0,3.9326930046081543,25.150095345452428
32,5,0.0011895615704512845,5.0,3.915121555328369,25.2993493527174
32,6,0.0011905792343895882,5.0,3.9176368713378906,25.30364114791155
33,0,0.0011891793789497267,5.0,3.9037156105041504,25.315391086041927
33,1,0.0011903887692218025,5.0,3.931252956390381,25.25619138032198
33,2,0.0011943358889160056,5.0,3.9345765113830566,25.29181495308876
33,3,0.0011937095938871305,5.0,3.882005214691162,25.299891754984856
33,4,0.0011925785414253671,5.0,3.9501523971557617,25.291516836732626
33,5,0.0011933857070592542,5.0,3.928830623626709,25.306007098406553
33,6,0.0011938288904881726,5.0,3.9296698570251465,25.336369425058365
34,0,0.0011914163478650153,5.0,3.910958766937256,25.276009552180767
34,1,0.0011921442346647382,5.0,3.939793109893799,25.302962604910135
34,2,0.0011898117081727833,5.0,3.9154434204101562,25.294449254870415
34,3,0.0011878878964732091,5.0,3.9075851440429688,25.333834998309612
34,4,0.0011913247678118448,5.0,3.925330638885498,25.284269750118256
34,5,0.0011895885302995641,5.0,3.921477794647217,25.29165644198656
34,6,0.0011953844223171473,5.0,3.8931703567504883,25.2868015691638
35,0,0.0011919866568253685,5.0,3.9260292053222656,25.333099365234375
35,1,0.0011890043000069757,5.0,3.9106321334838867,25.308954939246178
35,2,0.00119364478935798,5.0,3.8942313194274902,25.29774034395814
35,3,0.0011908740755946685,5.0,3.9035964012145996,25.31060641631484
35,4,0.0011880277597811073,5.0,3.911147117614746,25.34370869398117
35,5,0.0011918202120189865,5.0,3.899235725402832,25.33771436661482
35,6,0.0011909188275846343,5.0,3.9224648475646973,25.30420821160078
36,0,0.0011893609286441158,5.0,3.922109603881836,25.322277806699276
36,1,0.0011885982821695507,5.0,3.90714168548584,25.317718870937824
36,2,0.0011931585613638163,5.0,3.93021821975708,25.32277077436447
36,3,0.0011900326644536108,5.0,3.919084072113037,25.324188135564327
36,4,0.001188780947510774,5.0,3.9066219329833984,25.3655943274498
36,5,0.0011893624323420227,5.0,3.9183592796325684,25.35236407071352
36,6,0.0011924043550000836,5.0,3.9103174209594727,25.364142172038555
37,0,0.001185239360590155,5.0,3.9125776290893555,25.32760750502348
37,1,0.0011888637285058696,5.0,3.9147043228149414,25.351169258356094
37,2,0.0011958876178444673,5.0,3.9029288291931152,25.309133995324373
37,3,0.0011904494507083048,5.0,3.9168930053710938,25.353768803179264
37,4,0.0011890513414982706,5.0,3.909928798675537,25.33945895731449
37,5,0.0011903267295565456,5.0,3.913276195526123,25.356619358062744
37,6,0.0011901558221628268,5.0,3.9092230796813965,25.33525638282299
38,0,0.0011899845073154818,5.0,3.9156317710876465,25.33350009471178
38,1,0.0011903031554538757,5.0,3.9043378829956055,25.346681214869022
38,2,0.0011872586037497967,5.0,3.906111717224121,25.3284377977252
38,3,0.0011874486905677866,5.0,3.907015323638916,25.344625785946846
38,4,0.0011843855706198763,5.0,3.911871910095215,25.33351879566908
38,5,0.0011876634089276195,5.0,3.917813301086426,25.35100966691971
38,6,0.001188355585327372,5.0,3.9146065711975098,25.318915471434593
39,0,0.0011879394781620551,5.0,3.91129732131958,25.324975289404392
39,1,0.0011873243978091825,5.0,3.914623260498047,25.34055769443512
39,2,0.0011896092037204653,5.0,3.90897274017334,25.329626947641373
39,3,0.001189299257627378,5.0,3.9173269271850586,25.31518880277872
39,4,0.0011878742758805554,5.0,3.9090943336486816,25.331330373883247
39,5,0.0011914849455934018,5.0,3.911600112915039,25.349626392126083
39,6,0.001186139784598102,5.0,3.9130377769470215,25.334845036268234
40,0,0.0011872337005722027,5.0,3.9127278327941895,25.33364824950695
40,1,0.0011898072940918307,5.0,3.916139602661133,25.342301204800606
40,2,0.0011898574787968148,5.0,3.91232967376709,25.33534985035658
40,3,0.0011872095443929236,5.0,3.9124393463134766,25.330785624682903
40,4,0.0011880277985862147,5.0,3.9131593704223633,25.342099517583847
40,5,0.0011873702072383214,5.0,3.913552761077881,25.33027693629265
40,6,0.0011906099583332737,5.0,3.9173102378845215,25.328786000609398
41,0,0.0011912138240101437,5.0,3.913264274597168,25.341419875621796
41,1,0.0011888985560896497,5.0,3.910210132598877,25.327607095241547
41,2,0.001190074011295413,5.0,3.9122438430786133,25.33994246274233
41,3,0.0011882460773146402,5.0,3.91207218170166,25.329310707747936
41,4,0.0011876991484314203,5.0,3.9124083518981934,25.33601477742195
41,5,0.0011881235695909709,5.0,3.9103126525878906,25.329708717763424
41,6,0.0011887812579516321,5.0,3.913869857788086,25.328846871852875
42,0,0.0011876829958055168,5.0,3.9111709594726562,25.332651510834694
42,1,0.0011894889078879107,5.0,3.909752368927002,25.340443216264248
42,2,0.0011882352797935407,5.0,3.910989761352539,25.34448940306902
42,3,0.0011864555902623881,5.0,3.9127397537231445,25.332441218197346
42,4,0.0011848077701870352,5.0,3.91329288482666,25.3370938077569
42,5,0.0011906884028576314,5.0,3.9106178283691406,25.33293880522251
42,6,0.0011889996142902721,5.0,3.9137625694274902,25.32997265458107
43,0,0.0011905558058060706,5.0,3.910362720489502,25.33860620111227
43,1,0.001187266199849546,5.0,3.911745548248291,25.339365303516388
43,2,0.0011888159594188135,5.0,3.913271427154541,25.33097382634878
43,3,0.0011864193559934695,5.0,3.9133572578430176,25.333659686148167
43,4,0.0011894108126095186,5.0,3.913424015045166,25.325788855552673
43,5,0.0011896851744192343,5.0,3.9116263389587402,25.336430929601192
43,6,0.0011863821321943153,5.0,3.912947177886963,25.33700104802847
44,0,0.001189486269140616,5.0,3.914213180541992,25.337354354560375
44,1,0.001186571423507606,5.0,3.9133405685424805,25.335632152855396
44,2,0.0011875500010016065,5.0,3.9127159118652344,25.336042568087578
44,3,0.0011849558116712917,5.0,3.9120006561279297,25.333179458975792
44,4,0.0011875086444585274,5.0,3.9139580726623535,25.335909090936184
44,5,0.0011867711048883696,5.0,3.9124369621276855,25.337905324995518
44,6,0.0011855735404727359,5.0,3.9124035835266113,25.332340113818645
45,0,0.0011883274613258739,5.0,3.911440372467041,25.334240198135376
45,1,0.001185811609805872,5.0,3.911464214324951,25.33038031309843
45,2,0.0011882420997911443,5.0,3.9124369621276855,25.3365982696414
45,3,0.0011905775075623144,5.0,3.9117908477783203,25.33622805029154
45,4,0.0011845489013163994,5.0,3.9130091667175293,25.334538146853447
45,5,0.0011864748666994274,5.0,3.9130067825317383,25.336981266736984
45,6,0.0011872197889412444,5.0,3.912649154663086,25.33383648842573
46,0,0.0011861882618783663,5.0,3.9121031761169434,25.331907756626606
46,1,0.001188268749198566,5.0,3.9126110076904297,25.334013514220715
46,2,0.0011855678361219664,5.0,3.9115166664123535,25.334650576114655
46,3,0.0011859645310323685,5.0,3.913102149963379,25.335271507501602
46,4,0.0011882449325639755,5.0,3.912065029144287,25.330067314207554
46,5,0.0011892881496654202,5.0,3.9135122299194336,25.33497266471386
46,6,0.0011853094523151715,5.0,3.9127659797668457,25.33366944640875
47,0,0.0011878082489905257,5.0,3.9127349853515625,25.334332212805748
47,1,0.0011864268938855578,5.0,3.9123010635375977,25.334211476147175
47,2,0.0011888486333191395,5.0,3.912808895111084,25.334430187940598
47,3,0.0011871119010417412,5.0,3.912816047668457,25.334937907755375
47,4,0.0011867271192992728,5.0,3.9122962951660156,25.33410046249628
47,5,0.0011880168070395787,5.0,3.9124417304992676,25.336405485868454
47,6,0.0011855066889741768,5.0,3.912501335144043,25.33381011337042
48,0,0.001188276180376609,5.0,3.912348747253418,25.33555917441845
48,1,0.0011890512929918866,5.0,3.9128947257995605,25.334463119506836
48,2,0.001189427071949467,5.0,3.912343978881836,25.334250442683697
48,3,0.0011878315611587216,5.0,3.9124345779418945,25.33537745475769
48,4,0.0011890341120306402,5.0,3.9126038551330566,25.334168039262295
48,5,0.0011876104302549113,5.0,3.9121413230895996,25.331641472876072
48,6,0.0011860275408253074,5.0,3.9117836952209473,25.333405882120132
49,0,0.0011867036034042637,5.0,3.9122939109802246,25.332682095468044
49,1,0.0011857938661705703,5.0,3.912167549133301,25.33315759152174
49,2,0.0011854311063264806,5.0,3.912038803100586,25.33285215497017
49,3,0.0011878049990627915,5.0,3.9113306999206543,25.33271089196205
49,4,0.0011871823808178306,5.0,3.9117074012756348,25.332414209842682
49,5,0.001188024286724006,5.0,3.9116883277893066,25.33209979534149
49,6,0.0011856816806054364,5.0,3.9122581481933594,25.33298846334219
50,0,0.0011861011250099789,5.0,3.9119887351989746,25.332072973251343
50,1,0.0011862088867928833,5.0,3.9119577407836914,25.33242553472519
50,2,0.0011848455178551376,5.0,3.9119386672973633,25.33277701586485
50,3,0.0011868382183214028,5.0,3.912224769592285,25.332300327718258
50,4,0.0011869808658957481,5.0,3.912343978881836,25.33326931297779
50,5,0.0011851211020257324,5.0,3.912022113800049,25.333144143223763
50,6,0.001186407501033197,5.0,3.912081718444824,25.332302153110504
51,0,0.0011861837410833687,5.0,3.9118456840515137,25.332725308835506
51,1,0.0011883116482446592,5.0,3.9123082160949707,25.333756655454636
51,2,0.0011851851789591212,5.0,3.9119386672973633,25.332711338996887
51,3,0.0011838076752610505,5.0,3.912351131439209,25.333220027387142
51,4,0.0011864449770655483,5.0,3.9119791984558105,25.333397686481476
51,5,0.001187046921889608,5.0,3.911874294281006,25.332514755427837
51,6,0.0011860101561372478,5.0,3.912181854248047,25.333185717463493
52,0,0.0011827525061865647,5.0,3.912343978881836,25.332997776567936
52,1,0.0011857316130772233,5.0,3.9120960235595703,25.33333957195282
52,2,0.0011872832061878096,5.0,3.912045955657959,25.332565046846867
52,3,0.0011878512935557712,5.0,3.912358283996582,25.332724265754223
52,4,0.00118647949420847,5.0,3.9122438430786133,25.33300068229437
52,5,0.0011878965112070243,5.0,3.91268253326416,25.333252623677254
52,6,0.001184892966800059,5.0,3.9121317863464355,25.33321313560009
53,0,0.001183464900047208,5.0,3.912348747253418,25.333122611045837
53,1,0.0011882143929445494,5.0,3.912179470062256,25.333074145019054
53,2,0.0011855273235899706,5.0,3.9120912551879883,25.333174243569374
53,3,0.0011859876782788585,5.0,3.912224769592285,25.333574265241623
53,4,0.0011868574365507811,5.0,3.9124155044555664,25.333173014223576
53,5,0.0011858540528919548,5.0,3.912215232849121,25.333333536982536
53,6,0.0011875127092935145,5.0,3.9123916625976562,25.33338598906994
54,0,0.0011881795168543856,5.0,3.9124035835266113,25.333328917622566
54,1,0.001186291823008408,5.0,3.912231922149658,25.333338603377342
54,2,0.001183405964790533,5.0,3.9122843742370605,25.333103872835636
54,3,0.00118643509146447,5.0,3.9124059677124023,25.33304274082184
54,4,0.001185497724994396,5.0,3.912210464477539,25.333158411085606
54,5,0.0011872511919743072,5.0,3.912210464477539,25.333054959774017
54,6,0.0011863351974170655,5.0,3.912363052368164,25.33336251974106
55,0,0.001184160578607892,5.0,3.9122891426086426,25.333069637417793
55,1,0.001185711706057191,5.0,3.912222385406494,25.332983881235123
55,2,0.0011843182825638603,5.0,3.9122986793518066,25.333025828003883
55,3,0.0011865754592387627,5.0,3.91218900680542,25.333050452172756
55,4,0.001186064522092541,5.0,3.9122700691223145,25.333156436681747
55,5,0.0011852104992916186,5.0,3.9121246337890625,25.3330185636878
55,6,0.0011873470308880012,5.0,3.9121580123901367,25.333067402243614
56,0,0.0011884987373681117,5.0,3.91218900680542,25.33297799527645
56,1,0.0011839454139893253,5.0,3.9122939109802246,25.333045050501823
56,2,0.0011858258997866262,5.0,3.9122366905212402,25.332953482866287
56,3,0.0011855438448643933,5.0,3.9122772216796875,25.333125703036785
56,4,0.0011832175368908793,5.0,3.912334442138672,25.33305685967207
56,5,0.001183699059765786,5.0,3.9123153686523438,25.333067886531353
56,6,0.0011839148161622386,5.0,3.912348747253418,25.333181880414486
57,0,0.0011883463109067331,5.0,3.9124298095703125,25.333138071000576
57,1,0.0011860112523815285,5.0,3.9122509956359863,25.332979895174503
57,2,0.0011835474773154904,5.0,3.912386894226074,25.333039090037346
57,3,0.001182964420877397,5.0,3.912339210510254,25.333009734749794
57,4,0.0011882547890612234,5.0,3.9124131202697754,25.333084724843502
57,5,0.0011859105725307018,5.0,3.912384510040283,25.33321972936392
57,6,0.0011821475830705215,5.0,3.912363052368164,25.3330347687006
58,0,0.0011832095042336732,5.0,3.912351131439209,25.333048216998577
58,1,0.0011835346037211518,5.0,3.912367820739746,25.33307634294033
58,2,0.00118209693270425,5.0,3.912370204925537,25.33300593495369
58,3,0.0011834561785993476,5.0,3.912346363067627,25.333084911108017
58,4,0.0011875936664485682,5.0,3.912372589111328,25.333199873566628
58,5,0.0011834932471780728,5.0,3.912379741668701,25.33303700387478
58,6,0.0011841265174249809,5.0,3.9123940467834473,25.33303901553154
59,0,0.0011836272994211565,5.0,3.912360668182373,25.332985930144787
59,1,0.0011818445636890829,5.0,3.912367820739746,25.33302415162325
59,2,0.001183353888336569,5.0,3.912382125854492,25.33308908343315
59,3,0.0011833753669634461,5.0,3.912367820739746,25.333037301898003
59,4,0.0011820427704757701,5.0,3.912372589111328,25.332957692444324
59,5,0.0011830561852548271,5.0,3.912346363067627,25.332975313067436
59,6,0.0011831731050430487,5.0,3.912324905395508,25.333001278340816
60,0,0.0011843496079867084,5.0,3.9123153686523438,25.332974530756474
60,1,0.001183051586849615,5.0,3.9123892784118652,25.333048216998577
60,2,0.0011879961045148473,5.0,3.9124035835266113,25.33295389264822
60,3,0.0011833753669634461,5.0,3.912367820739746,25.333036296069622
60,4,0.0011834084483173986,5.0,3.912360668182373,25.332969464361668
60,5,0.001182662070884059,5.0,3.912343978881836,25.33299434930086
60,6,0.001183500581343348,5.0,3.912355899810791,25.332975164055824
61,0,0.0011825063459885616,5.0,3.912339210510254,25.333032459020615
61,1,0.0011834211569900315,5.0,3.912348747253418,25.333011224865913
61,2,0.0011834580218419433,5.0,3.91237735748291,25.33303566277027
61,3,0.0011835792004906882,5.0,3.912365436553955,25.333055816590786
61,4,0.0011830053408630192,5.0,3.912351131439209,25.33305983990431
61,5,0.0011821313625356804,5.0,3.912365436553955,25.33302877098322
61,6,0.0011819830203118424,5.0,3.912360668182373,25.33303800970316
62,0,0.0011832450788157682,5.0,3.912348747253418,25.33308368176222
62,1,0.0011827350632908444,5.0,3.912374973297119,25.333009585738182
62,2,0.0011824292208378513,5.0,3.912334442138672,25.333005599677563
62,3,0.0011834849622876693,5.0,3.912363052368164,25.33304713666439
62,4,0.0011835109229044367,5.0,3.912367820739746,25.3330422565341
62,5,0.0011821129107071708,5.0,3.912365436553955,25.333022065460682
62,6,0.001183846111719807,5.0,3.912372589111328,25.333058461546898
63,0,0.001181842148071155,5.0,3.912370204925537,25.333018004894257
63,1,0.001183572526012237,5.0,3.912353515625,25.333010256290436
63,2,0.001183572526012237,5.0,3.912353515625,25.333009772002697
63,3,0.0011834655015263706,5.0,3.912351131439209,25.333013869822025
63,4,0.0011834655015263706,5.0,3.912351131439209,25.333013758063316
63,5,0.001183103983445714,5.0,3.912360668182373,25.33300895243883
63,6,0.001183780482582127,5.0,3.912346363067627,25.333011113107204
64,0,0.00118209693270425,5.0,3.912370204925537,25.333006791770458
64,1,0.0011830690782517195,5.0,3.912358283996582,25.33301692456007
64,2,0.0011819904126847784,5.0,3.912365436553955,25.33300470560789
64,3,0.001183103983445714,5.0,3.912360668182373,25.33300917595625
64,4,0.0011832133362380166,5.0,3.912355899810791,25.333014093339443
64,5,0.0011837052588816732,5.0,3.912379741668701,25.333023853600025
64,6,0.0011832133362380166,5.0,3.912355899810791,25.333014279603958
65,0,0.0011821520456578583,5.0,3.912365436553955,25.333031080663204
65,1,0.0011833732423838228,5.0,3.912363052368164,25.333000160753727
65,2,0.0011833395983558148,5.0,3.912363052368164,25.333009399473667
65,3,0.0011820345534943044,5.0,3.912365436553955,25.333006531000137
65,4,0.0011824002916303773,5.0,3.912374973297119,25.33301416784525
65,5,0.0011832326126750559,5.0,3.912372589111328,25.333010740578175
65,6,0.0011821262693653505,5.0,3.912370204925537,25.332996286451817
66,0,0.0011821067212925602,5.0,3.912372589111328,25.333009883761406
66,1,0.0011820601648651063,5.0,3.912365436553955,25.333009026944637
66,2,0.001181950841176634,5.0,3.912365436553955,25.33299632370472
66,3,0.0011820345534943044,5.0,3.912365436553955,25.333005860447884
66,4,0.0011822691012639552,5.0,3.912372589111328,25.33300444483757
66,5,0.0011818624916486442,5.0,3.912370204925537,25.333007983863354
66,6,0.0011820601648651063,5.0,3.912365436553955,25.333009585738182
67,0,0.0011820197008394946,5.0,3.912372589111328,25.332996286451817
67,1,0.0011822505815265079,5.0,3.912372589111328,25.3330060839653
67,2,0.0011821527247472356,5.0,3.912367820739746,25.333001017570496
67,3,0.0011820144815525662,5.0,3.912370204925537,25.333009995520115
67,4,0.0011834262986667454,5.0,3.912363052368164,25.33300418406725
67,5,0.0011832326126750559,5.0,3.912372589111328,25.333011522889137
67,6,0.0011821528411625575,5.0,3.912367820739746,25.333002284169197
68,0,0.0011822691012639552,5.0,3.912372589111328,25.333004258573055
68,1,0.0011818624916486442,5.0,3.912370204925537,25.333008095622063
68,2,0.0011823598955137034,5.0,3.912367820739746,25.333004407584667
68,3,0.001181666962414359,5.0,3.912370204925537,25.333004221320152
68,4,0.0011821032288329054,5.0,3.912370204925537,25.33300071954727
68,5,0.0011820601745663832,5.0,3.912365436553955,25.333007536828518
68,6,0.00118223160582905,5.0,3.912370204925537,25.333002395927906
69,0,0.00118209693270425,5.0,3.912370204925537,25.333006381988525
69,1,0.001182192926838373,5.0,3.912372589111328,25.333007387816906
69,2,0.00118223160582905,5.0,3.912370204925537,25.333001725375652
69,3,0.0011822223508109648,5.0,3.912367820739746,25.33300831913948
69,4,0.0011821594865371783,5.0,3.912367820739746,25.3330060839653
69,5,0.0011818624916486442,5.0,3.912370204925537,25.33300805836916
69,6,0.00118209693270425,5.0,3.912370204925537,25.333005115389824
70,0,0.00118209693270425,5.0,3.912370204925537,25.333006009459496
70,1,0.0011818624916486442,5.0,3.912370204925537,25.333006978034973
70,2,0.00118209693270425,5.0,3.912370204925537,25.333005264401436
70,3,0.0011822223508109648,5.0,3.912367820739746,25.333007648587227
70,4,0.0011818624916486442,5.0,3.912370204925537,25.33300779759884
70,5,0.0011818624916486442,5.0,3.912370204925537,25.33300720155239
70,6,0.0011822223508109648,5.0,3.912367820739746,25.333007164299488
71,0,0.0011818624916486442,5.0,3.912370204925537,25.33300742506981
71,1,0.0011822223508109648,5.0,3.912367820739746,25.333006903529167
71,2,0.0011822505815265079,5.0,3.912372589111328,25.333005264401436
71,3,0.0011820144815525662,5.0,3.912370204925537,25.333009362220764
71,4,0.00118209693270425,5.0,3.912370204925537,25.333005338907242
71,5,0.0011818624916486442,5.0,3.912370204925537,25.333008468151093
71,6,0.0011818624916486442,5.0,3.912370204925537,25.333007499575615
72,0,0.0011818624916486442,5.0,3.912370204925537,25.333007387816906
72,1,0.0011820144815525662,5.0,3.912370204925537,25.333008877933025
72,2,0.0011822223508109648,5.0,3.912367820739746,25.333007462322712
72,3,0.0011818624916486442,5.0,3.912370204925537,25.333008617162704
72,4,0.0011818624916486442,5.0,3.912370204925537,25.333007350564003
72,5,0.0011818624916486442,5.0,3.912370204925537,25.333008095622063
72,6,0.0011818624916486442,5.0,3.912370204925537,25.333007611334324
73,0,0.0011818624916486442,5.0,3.912370204925537,25.333007276058197
73,1,0.0011818624916486442,5.0,3.912370204925537,25.333007909357548
73,2,0.0011818624916486442,5.0,3.912370204925537,25.333008393645287
73,3,0.0011818624916486442,5.0,3.912370204925537,25.333006903529167
73,4,0.0011818624916486442,5.0,3.912370204925537,25.333007760345936
73,5,0.0011820144815525662,5.0,3.912370204925537,25.333008877933025
73,6,0.00118209693270425,5.0,3.912370204925537,25.333006791770458
74,0,0.0011818624916486442,5.0,3.912370204925537,25.333008728921413
74,1,0.0011818624916486442,5.0,3.912370204925537,25.333007760345936
74,2,0.0011818624916486442,5.0,3.912370204925537,25.333007723093033
74,3,0.0011818624916486442,5.0,3.912370204925537,25.333007127046585
74,4,0.00118209693270425,5.0,3.912370204925537,25.333006791770458
74,5,0.0011818624916486442,5.0,3.912370204925537,25.33300779759884
74,6,0.0011818624916486442,5.0,3.912370204925537,25.3330073133111
75,0,0.0011820144815525662,5.0,3.912370204925537,25.333009101450443
75,1,0.0011818624916486442,5.0,3.912370204925537,25.333007462322712
75,2,0.0011818624916486442,5.0,3.912370204925537,25.33300817012787
75,3,0.0011818624916486442,5.0,3.912370204925537,25.333008468151093
75,4,0.0011818624916486442,5.0,3.912370204925537,25.33300831913948
75,5,0.0011818624916486442,5.0,3.912370204925537,25.333008654415607
75,6,0.0011818624916486442,5.0,3.912370204925537,25.3330085426569
76,0,0.0011818624916486442,5.0,3.912370204925537,25.333008095622063
76,1,0.0011818624916486442,5.0,3.912370204925537,25.333008617162704
76,2,0.0011818624916486442,5.0,3.912370204925537,25.33300820738077
76,3,0.0011818624916486442,5.0,3.912370204925537,25.33300757408142
76,4,0.0011818624916486442,5.0,3.912370204925537,25.333007760345936
76,5,0.0011818624916486442,5.0,3.912370204925537,25.33300768584013
76,6,0.0011818624916486442,5.0,3.912370204925537,25.33300817012787
77,0,0.0011820144815525662,5.0,3.912370204925537,25.333008840680122
77,1,0.0011818624916486442,5.0,3.912370204925537,25.333008244633675
77,2,0.0011818624916486442,5.0,3.912370204925537,25.333008244633675
77,3,0.0011818624916486442,5.0,3.912370204925537,25.33300768584013
77,4,0.0011818624916486442,5.0,3.912370204925537,25.3330085799098
77,5,0.0011818624916486442,5.0,3.912370204925537,25.333008728921413
77,6,0.0011818624916486442,5.0,3.912370204925537,25.333008505403996
78,0,0.0011818624916486442,5.0,3.912370204925537,25.333008281886578
78,1,0.0011818624916486442,5.0,3.912370204925537,25.333008244633675
78,2,0.0011818624916486442,5.0,3.912370204925537,25.33300794661045
78,3,0.0011818624916486442,5.0,3.912370204925537,25.333008281886578
78,4,0.0011818624916486442,5.0,3.912370204925537,25.333008021116257
78,5,0.0011818624916486442,5.0,3.912370204925537,25.333008095622063
78,6,0.0011818624916486442,5.0,3.912370204925537,25.333008244633675
79,0,0.0011818624916486442,5.0,3.912370204925537,25.333008132874966
79,1,0.0011818624916486442,5.0,3.912370204925537,25.333008244633675
79,2,0.0011818624916486442,5.0,3.912370204925537,25.33300820738077
79,3,0.0011818624916486442,5.0,3.912370204925537,25.33300794661045
79,4,0.0011818624916486442,5.0,3.912370204925537,25.33300817012787
79,5,0.0011818624916486442,5.0,3.912370204925537,25.333008244633675
79,6,0.0011818624916486442,5.0,3.912370204925537,25.333008393645287
80,0,0.0011818624916486442,5.0,3.912370204925537,25.333008393645287
80,1,0.0011818624916486442,5.0,3.912370204925537,25.333007983863354
80,2,0.0011818624916486442,5.0,3.912370204925537,25.333008244633675
80,3,0.0011818624916486442,5.0,3.912370204925537,25.33300817012787
80,4,0.0011818624916486442,5.0,3.912370204925537,25.333008132874966
80,5,0.0011818624916486442,5.0,3.912370204925537,25.333008021116257
80,6,0.0011818624916486442,5.0,3.912370204925537,25.333008132874966
81,0,0.0011818624916486442,5.0,3.912370204925537,25.333008281886578
81,1,0.0011818624916486442,5.0,3.912370204925537,25.333008244633675
81,2,0.0011818624916486442,5.0,3.912370204925537,25.33300843089819
81,3,0.0011818624916486442,5.0,3.912370204925537,25.33300820738077
81,4,0.0011818624916486442,5.0,3.912370204925537,25.33300831913948
81,5,0.0011818624916486442,5.0,3.912370204925537,25.333008281886578
81,6,0.0011818624916486442,5.0,3.912370204925537,25.33300843089819
82,0,0.0011818624916486442,5.0,3.912370204925537,25.333008281886578
82,1,0.0011818624916486442,5.0,3.912370204925537,25.333008132874966
82,2,0.0011818624916486442,5.0,3.912370204925537,25.333008244633675
82,3,0.0011818624916486442,5.0,3.912370204925537,25.33300831913948
82,4,0.0011818624916486442,5.0,3.912370204925537,25.333008281886578
82,5,0.0011818624916486442,5.0,3.912370204925537,25.333008244633675
82,6,0.0011818624916486442,5.0,3.912370204925537,25.33300820738077
83,0,0.0011818624916486442,5.0,3.912370204925537,25.33300820738077
83,1,0.0011818624916486442,5.0,3.912370204925537,25.33300820738077
83,2,0.0011818624916486442,5.0,3.912370204925537,25.33300831913948
83,3,0.0011818624916486442,5.0,3.912370204925537,25.333008244633675
83,4,0.0011818624916486442,5.0,3.912370204925537,25.333008244633675
83,5,0.0011818624916486442,5.0,3.912370204925537,25.333008281886578
83,6,0.0011818624916486442,5.0,3.912370204925537,25.33300817012787
84,0,0.0011818624916486442,5.0,3.912370204925537,25.333008132874966
84,1,0.0011818624916486442,5.0,3.912370204925537,25.333008244633675
84,2,0.0011818624916486442,5.0,3.912370204925537,25.33300820738077
84,3,0.0011818624916486442,5.0,3.912370204925537,25.33300817012787
84,4,0.0011818624916486442,5.0,3.912370204925537,25.333008244633675
84,5,0.0011818624916486442,5.0,3.912370204925537,25.33300820738077
84,6,0.0011818624916486442,5.0,3.912370204925537,25.33300820738077
85,0,0.0011818624916486442,5.0,3.912370204925537,25.33300817012787
85,1,0.0011818624916486442,5.0,3.912370204925537,25.33300817012787
85,2,0.0011818624916486442,5.0,3.912370204925537,25.333008132874966
85,3,0.0011818624916486442,5.0,3.912370204925537,25.333008095622063
85,4,0.0011818624916486442,5.0,3.912370204925537,25.33300817012787
85,5,0.0011818624916486442,5.0,3.912370204925537,25.333008132874966
85,6,0.0011818624916486442,5.0,3.912370204925537,25.333008132874966
86,0,0.0011818624916486442,5.0,3.912370204925537,25.33300820738077
86,1,0.0011818624916486442,5.0,3.912370204925537,25.33300820738077
86,2,0.0011818624916486442,5.0,3.912370204925537,25.33300817012787
86,3,0.0011818624916486442,5.0,3.912370204925537,25.33300817012787
86,4,0.0011818624916486442,5.0,3.912370204925537,25.33300817012787
86,5,0.0011818624916486442,5.0,3.912370204925537,25.33300817012787
86,6,0.0011818624916486442,5.0,3.912370204925537,25.33300820738077
87,0,0.0011818624916486442,5.0,3.912370204925537,25.33300817012787
87,1,0.0011818624916486442,5.0,3.912370204925537,25.33300817012787
87,2,0.0011818624916486442,5.0,3.912370204925537,25.33300820738077
87,3,0.0011818624916486442,5.0,3.912370204925537,25.33300820738077
87,4,0.0011818624916486442,5.0,3.912370204925537,25.33300820738077
87,5,0.0011818624916486442,5.0,3.912370204925537,25.333008244633675
87,6,0.0011818624916486442,5.0,3.912370204925537,25.33300820738077
88,0,0.0011818624916486442,5.0,3.912370204925537,25.33300817012787
88,1,0.0011818624916486442,5.0,3.912370204925537,25.33300817012787
88,2,0.0011818624916486442,5.0,3.912370204925537,25.33300817012787
88,3,0.0011818624916486442,5.0,3.912370204925537,25.33300817012787
88,4,0.0011818624916486442,5.0,3.912370204925537,25.333008132874966
88,5,0.0011818624916486442,5.0,3.912370204925537,25.33300817012787
88,6,0.0011818624916486442,5.0,3.912370204925537,25.33300817012787
89,0,0.0011818624916486442,5.0,3.912370204925537,25.33300817012787
89,1,0.0011818624916486442,5.0,3.912370204925537,25.33300817012787
89,2,0.0011818624916486442,5.0,3.912370204925537,25.33300817012787
89,3,0.0011818624916486442,5.0,3.912370204925537,25.33300817012787
89,4,0.0011818624916486442,5.0,3.912370204925537,25.33300817012787
89,5,0.0011818624916486442,5.0,3.912370204925537,25.33300817012787
89,6,0.0011818624916486442,5.0,3.912370204925537,25.33300817012787
90,0,0.0011818624916486442,5.0,3.912370204925537,25.33300817012787
90,1,0.0011818624916486442,5.0,3.912370204925537,25.33300817012787
90,2,0.0011818624916486442,5.0,3.912370204925537,25.33300817012787
90,3,0.0011818624916486442,5.0,3.912370204925537,25.33300817012787
90,4,0.0011818624916486442,5.0,3.912370204925537,25.33300817012787
90,5,0.0011818624916486442,5.0,3.912370204925537,25.33300817012787
90,6,0.0011818624916486442,5.0,3.912370204925537,25.33300817012787
91,0,0.0011818624916486442,5.0,3.912370204925537,25.33300817012787
91,1,0.0011818624916486442,5.0,3.912370204925537,25.33300817012787
91,2,0.0011818624916486442,5.0,3.912370204925537,25.33300817012787
91,3,0.0011818624916486442,5.0,3.912370204925537,25.33300817012787
91,4,0.0011818624916486442,5.0,3.912370204925537,25.33300817012787
91,5,0.0011818624916486442,5.0,3.912370204925537,25.33300817012787
91,6,0.0011818624916486442,5.0,3.912370204925537,25.33300817012787
92,0,0.0011818624916486442,5.0,3.912370204925537,25.33300817012787
92,1,0.0011818624916486442,5.0,3.912370204925537,25.33300817012787
92,2,0.0011818624916486442,5.0,3.912370204925537,25.33300817012787
92,3,0.0011818624916486442,5.0,3.912370204925537,25.33300817012787
92,4,0.0011818624916486442,5.0,3.912370204925537,25.33300817012787
92,5,0.0011818624916486442,5.0,3.912370204925537,25.33300817012787
92,6,0.0011818624916486442,5.0,3.912370204925537,25.33300817012787
93,0,0.0011818624916486442,5.0,3.912370204925537,25.33300817012787
93,1,0.0011818624916486442,5.0,3.912370204925537,25.33300817012787
93,2,0.0011818624916486442,5.0,3.912370204925537,25.33300817012787
93,3,0.0011818624916486442,5.0,3.912370204925537,25.33300817012787
93,4,0.0011818624916486442,5.0,3.912370204925537,25.33300817012787
93,5,0.0011818624916486442,5.0,3.912370204925537,25.33300817012787
93,6,0.0011818624916486442,5.0,3.912370204925537,25.33300817012787
94,0,0.0011818624916486442,5.0,3.912370204925537,25.33300817012787
94,1,0.0011818624916486442,5.0,3.912370204925537,25.33300817012787
94,2,0.0011818624916486442,5.0,3.912370204925537,25.33300817012787
94,3,0.0011818624916486442,5.0,3.912370204925537,25.33300817012787
94,4,0.0011818624916486442,5.0,3.912370204925537,25.33300817012787
94,5,0.0011818624916486442,5.0,3.912370204925537,25.33300817012787
94,6,0.0011818624916486442,5.0,3.912370204925537,25.33300817012787
95,0,0.0011818624916486442,5.0,3.912370204925537,25.33300817012787
95,1,0.0011818624916486442,5.0,3.912370204925537,25.33300817012787
95,2,0.0011818624916486442,5.0,3.912370204925537,25.33300817012787
95,3,0.0011818624916486442,5.0,3.912370204925537,25.33300817012787
95,4,0.0011818624916486442,5.0,3.912370204925537,25.33300817012787
95,5,0.0011818624916486442,5.0,3.912370204925537,25.33300817012787
95,6,0.0011818624916486442,5.0,3.912370204925537,25.33300817012787
