root_seed,rule,fraction,mask_index,output_cosine,identity,dropped_units
31001,base,0.0,0,0.8577674918521931,0.24,0
31001,base,0.0,1,0.8577674918521931,0.24,0
31001,base,0.0,2,0.8577674918521931,0.24,0
31001,base,0.0,3,0.8577674918521931,0.24,0
31001,base,0.0,4,0.8577674918521931,0.24,0
31001,base,0.0,5,0.8577674918521931,0.24,0
31001,base,0.0,6,0.8577674918521931,0.24,0
31001,base,0.0,7,0.8577674918521931,0.24,0
31001,base,0.25,0,0.8359251425540632,0.14,12
31001,base,0.25,1,0.8285675037027641,0.16,12
31001,base,0.25,2,0.8301857909419007,0.2,12
31001,base,0.25,3,0.8585304736260878,0.2,12
31001,base,0.25,4,0.8251156313078141,0.08,12
31001,base,0.25,5,0.8490955628279768,0.24,12
31001,base,0.25,6,0.8455872250988993,0.16,12
31001,base,0.25,7,0.8224424759416751,0.14,12
31001,base,0.5,0,0.6919975829013884,0.08,25
31001,base,0.5,1,0.7490702503648794,0.1,25
31001,base,0.5,2,0.7928033965163925,0.08,25
31001,base,0.5,3,0.7707279701967691,0.12,25
31001,base,0.5,4,0.7258718113276799,0.06,25
31001,base,0.5,5,0.7494974338891701,0.08,25
31001,base,0.5,6,0.729108691583106,0.08,25
31001,base,0.5,7,0.7720598813323306,0.08,25
31001,base,0.75,0,0.7318045282828085,0.12,38
31001,base,0.75,1,0.4816867771784399,0.06,38
31001,base,0.75,2,0.4814874545325933,0.08,38
31001,base,0.75,3,0.7053528219105655,0.08,38
31001,base,0.75,4,0.6939353766270169,0.08,38
31001,base,0.75,5,0.7062002420856127,0.06,38
31001,base,0.75,6,0.6766058207187018,0.08,38
31001,base,0.75,7,0.7633057239059683,0.08,38
31001,base,0.9,0,0.5782173755583402,0.04,45
31001,base,0.9,1,0.5106951232981387,0.04,45
31001,base,0.9,2,0.4930767053857843,0.04,45
31001,base,0.9,3,0.51007861984248,0.1,45
31001,base,0.9,4,0.666689556413748,0.06,45
31001,base,0.9,5,0.6970300517689115,0.08,45
31001,base,0.9,6,0.2900628047755302,0.02,45
31001,base,0.9,7,0.7190677647293984,0.06,45
31001,err2,0.0,0,0.9294540515148378,0.58,0
31001,err2,0.0,1,0.9294540515148378,0.58,0
31001,err2,0.0,2,0.9294540515148378,0.58,0
31001,err2,0.0,3,0.9294540515148378,0.58,0
31001,err2,0.0,4,0.9294540515148378,0.58,0
31001,err2,0.0,5,0.9294540515148378,0.58,0
31001,err2,0.0,6,0.9294540515148378,0.58,0
31001,err2,0.0,7,0.9294540515148378,0.58,0
31001,err2,0.25,0,0.8200128462582463,0.4,12
31001,err2,0.25,1,0.8734665821771612,0.38,12
31001,err2,0.25,2,0.8132838524461669,0.32,12
31001,err2,0.25,3,0.765530677509953,0.26,12
31001,err2,0.25,4,0.8621087634749902,0.4,12
31001,err2,0.25,5,0.8658596922289767,0.36,12
31001,err2,0.25,6,0.8336227948752051,0.4,12
31001,err2,0.25,7,0.8624026425840313,0.4,12
31001,err2,0.5,0,0.5572234643972034,0.12,25
31001,err2,0.5,1,0.7541887128721292,0.28,25
31001,err2,0.5,2,0.7176789789691098,0.24,25
31001,err2,0.5,3,0.6440709323300957,0.22,25
31001,err2,0.5,4,0.5922016641092883,0.16,25
31001,err2,0.5,5,0.6056901751595289,0.18,25
31001,err2,0.5,6,0.6827704798295043,0.24,25
31001,err2,0.5,7,0.6745436673651135,0.32,25
31001,err2,0.75,0,0.6544311803823268,0.12,38
31001,err2,0.75,1,0.5581694295506469,0.14,38
31001,err2,0.75,2,0.475950676309863,0.04,38
31001,err2,0.75,3,0.5161641928357766,0.04,38
31001,err2,0.75,4,0.5131100922823119,0.04,38
31001,err2,0.75,5,0.5664812275449063,0.18,38
31001,err2,0.75,6,0.5142592721688284,0.12,38
31001,err2,0.75,7,0.4968318675374237,0.08,38
31001,err2,0.9,0,0.37271226074845387,0.04,45
31001,err2,0.9,1,0.3708960181816064,0.02,45
31001,err2,0.9,2,0.44772847081170863,0.04,45
31001,err2,0.9,3,0.3683105703890909,0.04,45
31001,err2,0.9,4,0.3392745453312699,0.06,45
31001,err2,0.9,5,0.38121461952527236,0.04,45
31001,err2,0.9,6,0.40368570219444927,0.04,45
31001,err2,0.9,7,0.2613053981613992,0.02,45
31002,base,0.0,0,0.8194513098277085,0.12,0
31002,base,0.0,1,0.8194513098277085,0.12,0
31002,base,0.0,2,0.8194513098277085,0.12,0
31002,base,0.0,3,0.8194513098277085,0.12,0
31002,base,0.0,4,0.8194513098277085,0.12,0
31002,base,0.0,5,0.8194513098277085,0.12,0
31002,base,0.0,6,0.8194513098277085,0.12,0
31002,base,0.0,7,0.8194513098277085,0.12,0
31002,base,0.25,0,0.7944671810439645,0.06,12
31002,base,0.25,1,0.7939353305710186,0.16,12
31002,base,0.25,2,0.8028818381705055,0.18,12
31002,base,0.25,3,0.7885792537303602,0.1,12
31002,base,0.25,4,0.80631595086594,0.12,12
31002,base,0.25,5,0.8093790061363748,0.22,12
31002,base,0.25,6,0.8213636506236965,0.24,12
31002,base,0.25,7,0.7931245908434214,0.1,12
31002,base,0.5,0,0.7607209586596685,0.18,25
31002,base,0.5,1,0.7257957813365272,0.1,25
31002,base,0.5,2,0.7911524520858433,0.16,25
31002,base,0.5,3,0.5619465052273153,0.04,25
31002,base,0.5,4,0.7181416419855292,0.14,25
31002,base,0.5,5,0.7580966204316946,0.12,25
31002,base,0.5,6,0.7843807439024233,0.1,25
31002,base,0.5,7,0.8267992578341314,0.22,25
31002,base,0.75,0,0.5277497677457856,0.08,38
31002,base,0.75,1,0.46136072780912174,0.04,38
31002,base,0.75,2,0.7403887543767464,0.08,38
31002,base,0.75,3,0.443267128695948,0.06,38
31002,base,0.75,4,0.503810217716556,0.1,38
31002,base,0.75,5,0.6837326428669422,0.1,38
31002,base,0.75,6,0.6767986380873715,0.08,38
31002,base,0.75,7,0.7346326720098842,0.06,38
31002,base,0.9,0,0.6018752970911107,0.06,45
31002,base,0.9,1,0.678897193214121,0.08,45
31002,base,0.9,2,0.49149816924666134,0.04,45
31002,base,0.9,3,0.48058984638815955,0.06,45
31002,base,0.9,4,0.6555122745214658,0.1,45
31002,base,0.9,5,0.5956104364924992,0.06,45
31002,base,0.9,6,0.38160293683369745,0.04,45
31002,base,0.9,7,0.4657471310576974,0.06,45
31002,err2,0.0,0,0.9487989568719776,0.82,0
31002,err2,0.0,1,0.9487989568719776,0.82,0
31002,err2,0.0,2,0.9487989568719776,0.82,0
31002,err2,0.0,3,0.9487989568719776,0.82,0
31002,err2,0.0,4,0.9487989568719776,0.82,0
31002,err2,0.0,5,0.9487989568719776,0.82,0
31002,err2,0.0,6,0.9487989568719776,0.82,0
31002,err2,0.0,7,0.9487989568719776,0.82,0
31002,err2,0.25,0,0.7073329382965582,0.36,12
31002,err2,0.25,1,0.8328236041211484,0.34,12
31002,err2,0.25,2,0.7499585644392649,0.36,12
31002,err2,0.25,3,0.7991535966191428,0.3,12
31002,err2,0.25,4,0.8264341079832768,0.22,12
31002,err2,0.25,5,0.8547929589446818,0.32,12
31002,err2,0.25,6,0.7794114188578872,0.34,12
31002,err2,0.25,7,0.8170929931431877,0.34,12
31002,err2,0.5,0,0.7383451633153756,0.18,25
31002,err2,0.5,1,0.5946908700987441,0.1,25
31002,err2,0.5,2,0.6359973580412916,0.18,25
31002,err2,0.5,3,0.6219275164531046,0.12,25
31002,err2,0.5,4,0.7246793764442333,0.1,25
31002,err2,0.5,5,0.7019759996392964,0.22,25
31002,err2,0.5,6,0.7221733409278096,0.24,25
31002,err2,0.5,7,0.6797966869426237,0.32,25
31002,err2,0.75,0,0.5642956900596633,0.1,38
31002,err2,0.75,1,0.6422172529519402,0.18,38
31002,err2,0.75,2,0.48261657231151395,0.08,38
31002,err2,0.75,3,0.5745954066512925,0.12,38
31002,err2,0.75,4,0.480805744370176,0.06,38
31002,err2,0.75,5,0.492692959797335,0.14,38
31002,err2,0.75,6,0.4982768724335855,0.06,38
31002,err2,0.75,7,0.5336034213896563,0.14,38
31002,err2,0.9,0,0.3832916604612613,0.08,45
31002,err2,0.9,1,0.44782666652582825,0.06,45
31002,err2,0.9,2,0.4021654092767612,0.02,45
31002,err2,0.9,3,0.3951014096075589,0.04,45
31002,err2,0.9,4,0.4573192435759186,0.04,45
31002,err2,0.9,5,0.33762540558859816,0.1,45
31002,err2,0.9,6,0.3381939541725565,0.02,45
31002,err2,0.9,7,0.3816481598239286,0.06,45
31003,base,0.0,0,0.8879562512942337,0.36,0
31003,base,0.0,1,0.8879562512942337,0.36,0
31003,base,0.0,2,0.8879562512942337,0.36,0
31003,base,0.0,3,0.8879562512942337,0.36,0
31003,base,0.0,4,0.8879562512942337,0.36,0
31003,base,0.0,5,0.8879562512942337,0.36,0
31003,base,0.0,6,0.8879562512942337,0.36,0
31003,base,0.0,7,0.8879562512942337,0.36,0
31003,base,0.25,0,0.854390207524348,0.2,12
31003,base,0.25,1,0.8403691616515917,0.18,12
31003,base,0.25,2,0.8516359689287828,0.26,12
31003,base,0.25,3,0.8789075286359112,0.3,12
31003,base,0.25,4,0.8188672362472998,0.22,12
31003,base,0.25,5,0.838508846161607,0.22,12
31003,base,0.25,6,0.8526972084285862,0.26,12
31003,base,0.25,7,0.8319657862251479,0.28,12
31003,base,0.5,0,0.7216841693975511,0.16,25
31003,base,0.5,1,0.834901145874201,0.16,25
31003,base,0.5,2,0.7777137933980183,0.18,25
31003,base,0.5,3,0.7795584972386119,0.18,25
31003,base,0.5,4,0.6962210789881705,0.16,25
31003,base,0.5,5,0.7804777278542457,0.22,25
31003,base,0.5,6,0.8152086105680736,0.16,25
31003,base,0.5,7,0.8472425668638219,0.18,25
31003,base,0.75,0,0.6663559172814422,0.08,38
31003,base,0.75,1,0.49060859687313874,0.04,38
31003,base,0.75,2,0.5718473231224326,0.12,38
31003,base,0.75,3,0.6693393669675582,0.14,38
31003,base,0.75,4,0.7126981289893779,0.1,38
31003,base,0.75,5,0.6438945348817958,0.1,38
31003,base,0.75,6,0.6048146863311126,0.08,38
31003,base,0.75,7,0.5395848981916077,0.14,38
31003,base,0.9,0,0.5382272601600248,0.1,45
31003,base,0.9,1,0.5194120142913209,0.08,45
31003,base,0.9,2,0.631368598732176,0.06,45
31003,base,0.9,3,0.2675457694267335,0.04,45
31003,base,0.9,4,0.42340010884093815,0.02,45
31003,base,0.9,5,0.53170374104802,0.04,45
31003,base,0.9,6,0.24437827632422043,0.02,45
31003,base,0.9,7,0.6254047936580817,0.04,45
31003,err2,0.0,0,0.9621753665659568,0.84,0
31003,err2,0.0,1,0.9621753665659568,0.84,0
31003,err2,0.0,2,0.9621753665659568,0.84,0
31003,err2,0.0,3,0.9621753665659568,0.84,0
31003,err2,0.0,4,0.9621753665659568,0.84,0
31003,err2,0.0,5,0.9621753665659568,0.84,0
31003,err2,0.0,6,0.9621753665659568,0.84,0
31003,err2,0.0,7,0.9621753665659568,0.84,0
31003,err2,0.25,0,0.8430412072816047,0.3,12
31003,err2,0.25,1,0.778852214571924,0.5,12
31003,err2,0.25,2,0.9041529374287842,0.48,12
31003,err2,0.25,3,0.8667730898266587,0.42,12
31003,err2,0.25,4,0.7739500044318143,0.44,12
31003,err2,0.25,5,0.8412353689789991,0.34,12
31003,err2,0.25,6,0.877880301041375,0.4,12
31003,err2,0.25,7,0.7917090772856763,0.32,12
31003,err2,0.5,0,0.7399631459099628,0.14,25
31003,err2,0.5,1,0.612302367628261,0.1,25
31003,err2,0.5,2,0.6938460645646137,0.14,25
31003,err2,0.5,3,0.6856731207400361,0.18,25
31003,err2,0.5,4,0.5958502798531286,0.26,25
31003,err2,0.5,5,0.6849556084820793,0.24,25
31003,err2,0.5,6,0.7538525634694954,0.24,25
31003,err2,0.5,7,0.7693850374507168,0.22,25
31003,err2,0.75,0,0.38499760384274845,0.02,38
31003,err2,0.75,1,0.4908571865352075,0.02,38
31003,err2,0.75,2,0.41148129378784526,0.06,38
31003,err2,0.75,3,0.6031881821296221,0.04,38
31003,err2,0.75,4,0.6253216697661887,0.06,38
31003,err2,0.75,5,0.564124340465234,0.1,38
31003,err2,0.75,6,0.5373537729108332,0.08,38
31003,err2,0.75,7,0.526184508962851,0.06,38
31003,err2,0.9,0,0.2806226748391795,0.0,45
31003,err2,0.9,1,0.4608915994671804,0.06,45
31003,err2,0.9,2,0.3889155367675771,0.02,45
31003,err2,0.9,3,0.4902320375204942,0.06,45
31003,err2,0.9,4,0.38290874008006526,0.06,45
31003,err2,0.9,5,0.3616298736090657,0.02,45
31003,err2,0.9,6,0.4779235130450036,0.02,45
31003,err2,0.9,7,0.2990288358000821,0.02,45
31004,base,0.0,0,0.872015017735611,0.24,0
31004,base,0.0,1,0.872015017735611,0.24,0
31004,base,0.0,2,0.872015017735611,0.24,0
31004,base,0.0,3,0.872015017735611,0.24,0
31004,base,0.0,4,0.872015017735611,0.24,0
31004,base,0.0,5,0.872015017735611,0.24,0
31004,base,0.0,6,0.872015017735611,0.24,0
31004,base,0.0,7,0.872015017735611,0.24,0
31004,base,0.25,0,0.8632248229528457,0.18,12
31004,base,0.25,1,0.8701723286460133,0.22,12
31004,base,0.25,2,0.8594803712219455,0.22,12
31004,base,0.25,3,0.8695159679413941,0.18,12
31004,base,0.25,4,0.854226770419852,0.2,12
31004,base,0.25,5,0.859454494909189,0.16,12
31004,base,0.25,6,0.8228959598677948,0.12,12
31004,base,0.25,7,0.8658290056402788,0.14,12
31004,base,0.5,0,0.8260793025721306,0.16,25
31004,base,0.5,1,0.8484046098374525,0.14,25
31004,base,0.5,2,0.7961672126028971,0.1,25
31004,base,0.5,3,0.8147982834847208,0.06,25
31004,base,0.5,4,0.8169958110229245,0.06,25
31004,base,0.5,5,0.8499863528294438,0.14,25
31004,base,0.5,6,0.6895756874785591,0.06,25
31004,base,0.5,7,0.8234936103848853,0.12,25
31004,base,0.75,0,0.7046308099135403,0.06,38
31004,base,0.75,1,0.5468839095353368,0.08,38
31004,base,0.75,2,0.6657382988891934,0.08,38
31004,base,0.75,3,0.7384341940310104,0.1,38
31004,base,0.75,4,0.7669874100943613,0.08,38
31004,base,0.75,5,0.6063867430019567,0.06,38
31004,base,0.75,6,0.7945606443325502,0.08,38
31004,base,0.75,7,0.7570738515987431,0.14,38
31004,base,0.9,0,0.7719140079563285,0.06,45
31004,base,0.9,1,0.5223871795997922,0.04,45
31004,base,0.9,2,0.6621698238461178,0.06,45
31004,base,0.9,3,0.6540002705231254,0.08,45
31004,base,0.9,4,0.7491020112630364,0.08,45
31004,base,0.9,5,0.5374654419999939,0.04,45
31004,base,0.9,6,0.7470194094696135,0.04,45
31004,base,0.9,7,0.7258284841042705,0.08,45
31004,err2,0.0,0,0.9566977969585908,0.88,0
31004,err2,0.0,1,0.9566977969585908,0.88,0
31004,err2,0.0,2,0.9566977969585908,0.88,0
31004,err2,0.0,3,0.9566977969585908,0.88,0
31004,err2,0.0,4,0.9566977969585908,0.88,0
31004,err2,0.0,5,0.9566977969585908,0.88,0
31004,err2,0.0,6,0.9566977969585908,0.88,0
31004,err2,0.0,7,0.9566977969585908,0.88,0
31004,err2,0.25,0,0.8839159809848668,0.46,12
31004,err2,0.25,1,0.8331082217792294,0.22,12
31004,err2,0.25,2,0.8456661610813145,0.3,12
31004,err2,0.25,3,0.8550681422150674,0.4,12
31004,err2,0.25,4,0.8454516328965351,0.28,12
31004,err2,0.25,5,0.8504825491481003,0.38,12
31004,err2,0.25,6,0.8365777223853703,0.32,12
31004,err2,0.25,7,0.7025825561693634,0.38,12
31004,err2,0.5,0,0.5625491155474119,0.1,25
31004,err2,0.5,1,0.5943906252922797,0.18,25
31004,err2,0.5,2,0.5902720233239938,0.14,25
31004,err2,0.5,3,0.6590830116134715,0.14,25
31004,err2,0.5,4,0.664897807072442,0.18,25
31004,err2,0.5,5,0.6498538735604193,0.16,25
31004,err2,0.5,6,0.5769360099533475,0.1,25
31004,err2,0.5,7,0.5842470660072602,0.18,25
31004,err2,0.75,0,0.4970013757636964,0.1,38
31004,err2,0.75,1,0.5263362483412938,0.02,38
31004,err2,0.75,2,0.4455096053042661,0.04,38
31004,err2,0.75,3,0.5269045474819154,0.1,38
31004,err2,0.75,4,0.44436102622455587,0.06,38
31004,err2,0.75,5,0.41966580846279283,0.04,38
31004,err2,0.75,6,0.6803250697515902,0.16,38
31004,err2,0.75,7,0.5088157210221745,0.08,38
31004,err2,0.9,0,0.3685209364797787,0.02,45
31004,err2,0.9,1,0.4412209865390028,0.04,45
31004,err2,0.9,2,0.2989837590984457,0.0,45
31004,err2,0.9,3,0.3430291935250826,0.04,45
31004,err2,0.9,4,0.34696840224910774,0.0,45
31004,err2,0.9,5,0.4113477946392758,0.02,45
31004,err2,0.9,6,0.40709916440730437,0.04,45
31004,err2,0.9,7,0.4346809177763504,0.0,45
31005,base,0.0,0,0.8689957212166713,0.24,0
31005,base,0.0,1,0.8689957212166713,0.24,0
31005,base,0.0,2,0.8689957212166713,0.24,0
31005,base,0.0,3,0.8689957212166713,0.24,0
31005,base,0.0,4,0.8689957212166713,0.24,0
31005,base,0.0,5,0.8689957212166713,0.24,0
31005,base,0.0,6,0.8689957212166713,0.24,0
31005,base,0.0,7,0.8689957212166713,0.24,0
31005,base,0.25,0,0.8630432639558818,0.2,12
31005,base,0.25,1,0.8543803684574057,0.16,12
31005,base,0.25,2,0.8616562729566556,0.3,12
31005,base,0.25,3,0.8716227945845365,0.2,12
31005,base,0.25,4,0.826908772545687,0.06,12
31005,base,0.25,5,0.8608831608751912,0.2,12
31005,base,0.25,6,0.8436036954689466,0.18,12
31005,base,0.25,7,0.8495791992252678,0.18,12
31005,base,0.5,0,0.8384153405688677,0.14,25
31005,base,0.5,1,0.7184401702476566,0.1,25
31005,base,0.5,2,0.8249567566612219,0.18,25
31005,base,0.5,3,0.8158915398681671,0.08,25
31005,base,0.5,4,0.672728214876787,0.1,25
31005,base,0.5,5,0.839141752068314,0.22,25
31005,base,0.5,6,0.7743169947123502,0.06,25
31005,base,0.5,7,0.8562730433429241,0.18,25
31005,base,0.75,0,0.6744683840617615,0.04,38
31005,base,0.75,1,0.7167772272618465,0.12,38
31005,base,0.75,2,0.6220091286140953,0.12,38
31005,base,0.75,3,0.8259944662906065,0.14,38
31005,base,0.75,4,0.8386280550651982,0.12,38
31005,base,0.75,5,0.7507989845983961,0.06,38
31005,base,0.75,6,0.4905734714326554,0.06,38
31005,base,0.75,7,0.8004195397106746,0.1,38
31005,base,0.9,0,0.5688727599440843,0.08,45
31005,base,0.9,1,0.505274538045956,0.04,45
31005,base,0.9,2,0.5871799520762669,0.04,45
31005,base,0.9,3,0.6507032683275865,0.08,45
31005,base,0.9,4,0.4111770039984885,0.08,45
31005,base,0.9,5,0.5600716341614571,0.08,45
31005,base,0.9,6,0.510591218706977,0.04,45
31005,base,0.9,7,0.7453535221716838,0.1,45
31005,err2,0.0,0,0.9624059552024542,0.8,0
31005,err2,0.0,1,0.9624059552024542,0.8,0
31005,err2,0.0,2,0.9624059552024542,0.8,0
31005,err2,0.0,3,0.9624059552024542,0.8,0
31005,err2,0.0,4,0.9624059552024542,0.8,0
31005,err2,0.0,5,0.9624059552024542,0.8,0
31005,err2,0.0,6,0.9624059552024542,0.8,0
31005,err2,0.0,7,0.9624059552024542,0.8,0
31005,err2,0.25,0,0.8536392498705979,0.38,12
31005,err2,0.25,1,0.8621878675450054,0.46,12
31005,err2,0.25,2,0.8408634323775541,0.26,12
31005,err2,0.25,3,0.8380678037260545,0.46,12
31005,err2,0.25,4,0.7839611018504807,0.28,12
31005,err2,0.25,5,0.8766499430120941,0.38,12
31005,err2,0.25,6,0.8102629554967125,0.44,12
31005,err2,0.25,7,0.8319425436452412,0.4,12
31005,err2,0.5,0,0.7475499363711349,0.14,25
31005,err2,0.5,1,0.8256530523297725,0.3,25
31005,err2,0.5,2,0.7568723785524796,0.28,25
31005,err2,0.5,3,0.6715963503627543,0.18,25
31005,err2,0.5,4,0.700003648001543,0.24,25
31005,err2,0.5,5,0.7330724702423506,0.38,25
31005,err2,0.5,6,0.6576494324352419,0.08,25
31005,err2,0.5,7,0.6780400644830077,0.16,25
31005,err2,0.75,0,0.4311433307251451,0.02,38
31005,err2,0.75,1,0.44361682620751774,0.14,38
31005,err2,0.75,2,0.5779245506806076,0.1,38
31005,err2,0.75,3,0.5404226340340115,0.1,38
31005,err2,0.75,4,0.48633396230329423,0.1,38
31005,err2,0.75,5,0.6312333386516422,0.12,38
31005,err2,0.75,6,0.43743151150259396,0.12,38
31005,err2,0.75,7,0.5060732393887213,0.04,38
31005,err2,0.9,0,0.4139809578084077,0.06,45
31005,err2,0.9,1,0.4885265990490522,0.04,45
31005,err2,0.9,2,0.45620719735473925,0.04,45
31005,err2,0.9,3,0.2605696881869519,0.02,45
31005,err2,0.9,4,0.3258268191200693,0.02,45
31005,err2,0.9,5,0.5352371261392869,0.1,45
31005,err2,0.9,6,0.2937742226205487,0.04,45
31005,err2,0.9,7,0.4684636542315062,0.04,45
31006,base,0.0,0,0.8671180242959977,0.1,0
31006,base,0.0,1,0.8671180242959977,0.1,0
31006,base,0.0,2,0.8671180242959977,0.1,0
31006,base,0.0,3,0.8671180242959977,0.1,0
31006,base,0.0,4,0.8671180242959977,0.1,0
31006,base,0.0,5,0.8671180242959977,0.1,0
31006,base,0.0,6,0.8671180242959977,0.1,0
31006,base,0.0,7,0.8671180242959977,0.1,0
31006,base,0.25,0,0.846465504652909,0.16,12
31006,base,0.25,1,0.8579582830921292,0.12,12
31006,base,0.25,2,0.8194599840834936,0.1,12
31006,base,0.25,3,0.8144640491222646,0.22,12
31006,base,0.25,4,0.8618512069496819,0.16,12
31006,base,0.25,5,0.8739100716108209,0.18,12
31006,base,0.25,6,0.8610729957003894,0.08,12
31006,base,0.25,7,0.7804134364021593,0.12,12
31006,base,0.5,0,0.8537213879105344,0.12,25
31006,base,0.5,1,0.8369823525958191,0.1,25
31006,base,0.5,2,0.8622547245933597,0.14,25
31006,base,0.5,3,0.8559457928476243,0.22,25
31006,base,0.5,4,0.8236910816821501,0.1,25
31006,base,0.5,5,0.8509577538896981,0.12,25
31006,base,0.5,6,0.8525261022287008,0.14,25
31006,base,0.5,7,0.8644494247018593,0.2,25
31006,base,0.75,0,0.8098885832655605,0.14,38
31006,base,0.75,1,0.661757347730951,0.14,38
31006,base,0.75,2,0.8407970217435822,0.14,38
31006,base,0.75,3,0.6773396091475178,0.12,38
31006,base,0.75,4,0.8077271119417334,0.1,38
31006,base,0.75,5,0.5469332273617256,0.08,38
31006,base,0.75,6,0.7677187446078344,0.12,38
31006,base,0.75,7,0.754072495207644,0.08,38
31006,base,0.9,0,0.762777066038041,0.1,45
31006,base,0.9,1,0.43953007570534736,0.04,45
31006,base,0.9,2,0.8030383464783284,0.12,45
31006,base,0.9,3,0.6692145175500657,0.08,45
31006,base,0.9,4,0.5496183883799219,0.1,45
31006,base,0.9,5,0.30916007245979793,0.04,45
31006,base,0.9,6,0.740826037275713,0.06,45
31006,base,0.9,7,0.725327519854869,0.12,45
31006,err2,0.0,0,0.9573253351462726,0.68,0
31006,err2,0.0,1,0.9573253351462726,0.68,0
31006,err2,0.0,2,0.9573253351462726,0.68,0
31006,err2,0.0,3,0.9573253351462726,0.68,0
31006,err2,0.0,4,0.9573253351462726,0.68,0
31006,err2,0.0,5,0.9573253351462726,0.68,0
31006,err2,0.0,6,0.9573253351462726,0.68,0
31006,err2,0.0,7,0.9573253351462726,0.68,0
31006,err2,0.25,0,0.8860073060309779,0.48,12
31006,err2,0.25,1,0.8640227651220539,0.28,12
31006,err2,0.25,2,0.8376014778610551,0.34,12
31006,err2,0.25,3,0.8562394930741397,0.44,12
31006,err2,0.25,4,0.8423347631337259,0.48,12
31006,err2,0.25,5,0.8411231104083879,0.44,12
31006,err2,0.25,6,0.8325477106693484,0.3,12
31006,err2,0.25,7,0.8766613714492862,0.44,12
31006,err2,0.5,0,0.7574503975600001,0.2,25
31006,err2,0.5,1,0.7572544103201075,0.2,25
31006,err2,0.5,2,0.6273245000357076,0.12,25
31006,err2,0.5,3,0.6453886217802487,0.1,25
31006,err2,0.5,4,0.7287712614043289,0.14,25
31006,err2,0.5,5,0.598047826900565,0.16,25
31006,err2,0.5,6,0.6012982461035901,0.18,25
31006,err2,0.5,7,0.7451205694191657,0.18,25
31006,err2,0.75,0,0.5269078937347141,0.08,38
31006,err2,0.75,1,0.41584954708501826,0.14,38
31006,err2,0.75,2,0.27667014141332963,0.1,38
31006,err2,0.75,3,0.47375740450320775,0.06,38
31006,err2,0.75,4,0.4197307114488712,0.12,38
31006,err2,0.75,5,0.5309073726916089,0.1,38
31006,err2,0.75,6,0.4402484028510969,0.06,38
31006,err2,0.75,7,0.4189405797612946,0.06,38
31006,err2,0.9,0,0.3402373606604418,0.04,45
31006,err2,0.9,1,0.3956306310360634,0.02,45
31006,err2,0.9,2,0.40719518375216646,0.02,45
31006,err2,0.9,3,0.33695315658485614,0.02,45
31006,err2,0.9,4,0.364351762606209,0.06,45
31006,err2,0.9,5,0.5366720159396523,0.06,45
31006,err2,0.9,6,0.3370840302442308,0.02,45
31006,err2,0.9,7,0.38945724818132654,0.04,45
31007,base,0.0,0,0.8916843560990061,0.3,0
31007,base,0.0,1,0.8916843560990061,0.3,0
31007,base,0.0,2,0.8916843560990061,0.3,0
31007,base,0.0,3,0.8916843560990061,0.3,0
31007,base,0.0,4,0.8916843560990061,0.3,0
31007,base,0.0,5,0.8916843560990061,0.3,0
31007,base,0.0,6,0.8916843560990061,0.3,0
31007,base,0.0,7,0.8916843560990061,0.3,0
31007,base,0.25,0,0.7799073539790906,0.24,12
31007,base,0.25,1,0.8510029216455643,0.16,12
31007,base,0.25,2,0.859119022567468,0.16,12
31007,base,0.25,3,0.875415030045762,0.16,12
31007,base,0.25,4,0.8531412942491678,0.14,12
31007,base,0.25,5,0.8496839665965443,0.2,12
31007,base,0.25,6,0.8381544263517025,0.2,12
31007,base,0.25,7,0.8527055572732053,0.16,12
31007,base,0.5,0,0.7792882799749167,0.24,25
31007,base,0.5,1,0.7879184439206415,0.16,25
31007,base,0.5,2,0.697575138007798,0.12,25
31007,base,0.5,3,0.8378603159362618,0.12,25
31007,base,0.5,4,0.7854565659698041,0.08,25
31007,base,0.5,5,0.8699964830285374,0.14,25
31007,base,0.5,6,0.8035585813106648,0.14,25
31007,base,0.5,7,0.6865714628215865,0.1,25
31007,base,0.75,0,0.5951597112222196,0.1,38
31007,base,0.75,1,0.6013876212958588,0.04,38
31007,base,0.75,2,0.5645320550147743,0.08,38
31007,base,0.75,3,0.7329432698377262,0.16,38
31007,base,0.75,4,0.5570246050576633,0.1,38
31007,base,0.75,5,0.6334396904941682,0.14,38
31007,base,0.75,6,0.5909252695409623,0.08,38
31007,base,0.75,7,0.674191330888614,0.12,38
31007,base,0.9,0,0.5528332122759847,0.02,45
31007,base,0.9,1,0.6124654494475463,0.08,45
31007,base,0.9,2,0.7289092437150777,0.06,45
31007,base,0.9,3,0.594560519183723,0.08,45
31007,base,0.9,4,0.41089496093065203,0.04,45
31007,base,0.9,5,0.2748633311092931,0.04,45
31007,base,0.9,6,0.43490754763020356,0.08,45
31007,base,0.9,7,0.6129533343989572,0.06,45
31007,err2,0.0,0,0.9692550724914974,0.78,0
31007,err2,0.0,1,0.9692550724914974,0.78,0
31007,err2,0.0,2,0.9692550724914974,0.78,0
31007,err2,0.0,3,0.9692550724914974,0.78,0
31007,err2,0.0,4,0.9692550724914974,0.78,0
31007,err2,0.0,5,0.9692550724914974,0.78,0
31007,err2,0.0,6,0.9692550724914974,0.78,0
31007,err2,0.0,7,0.9692550724914974,0.78,0
31007,err2,0.25,0,0.648080869731545,0.4,12
31007,err2,0.25,1,0.8179094355214416,0.38,12
31007,err2,0.25,2,0.8177624591675393,0.32,12
31007,err2,0.25,3,0.7405603585497087,0.3,12
31007,err2,0.25,4,0.7656789839599015,0.44,12
31007,err2,0.25,5,0.7550680168313433,0.38,12
31007,err2,0.25,6,0.7405626625300299,0.38,12
31007,err2,0.25,7,0.7355805220037983,0.42,12
31007,err2,0.5,0,0.5688719775872108,0.18,25
31007,err2,0.5,1,0.7251815959311072,0.22,25
31007,err2,0.5,2,0.6720556524834906,0.34,25
31007,err2,0.5,3,0.4857627540279241,0.18,25
31007,err2,0.5,4,0.7196657650766776,0.3,25
31007,err2,0.5,5,0.5068690888416636,0.16,25
31007,err2,0.5,6,0.5069706320319021,0.22,25
31007,err2,0.5,7,0.7344443103487915,0.36,25
31007,err2,0.75,0,0.4766784888242016,0.12,38
31007,err2,0.75,1,0.4923354395844403,0.16,38
31007,err2,0.75,2,0.5024879240227204,0.08,38
31007,err2,0.75,3,0.2800080735311892,0.02,38
31007,err2,0.75,4,0.40723043344347526,0.08,38
31007,err2,0.75,5,0.42980233567908177,0.1,38
31007,err2,0.75,6,0.5123028725443581,0.04,38
31007,err2,0.75,7,0.4668247019180889,0.14,38
31007,err2,0.9,0,0.3386883048972414,0.02,45
31007,err2,0.9,1,0.28728392595250424,0.0,45
31007,err2,0.9,2,0.29582748296446104,0.04,45
31007,err2,0.9,3,0.3105960447290644,0.06,45
31007,err2,0.9,4,0.2187854707632426,0.0,45
31007,err2,0.9,5,0.3250801021321723,0.02,45
31007,err2,0.9,6,0.18687791544611038,0.0,45
31007,err2,0.9,7,0.36141878214550593,0.04,45
31008,base,0.0,0,0.8232927678784201,0.18,0
31008,base,0.0,1,0.8232927678784201,0.18,0
31008,base,0.0,2,0.8232927678784201,0.18,0
31008,base,0.0,3,0.8232927678784201,0.18,0
31008,base,0.0,4,0.8232927678784201,0.18,0
31008,base,0.0,5,0.8232927678784201,0.18,0
31008,base,0.0,6,0.8232927678784201,0.18,0
31008,base,0.0,7,0.8232927678784201,0.18,0
31008,base,0.25,0,0.7876838998841198,0.12,12
31008,base,0.25,1,0.8021008174832924,0.18,12
31008,base,0.25,2,0.7759391815649288,0.08,12
31008,base,0.25,3,0.7762235043436209,0.1,12
31008,base,0.25,4,0.7870051165528544,0.12,12
31008,base,0.25,5,0.8320289208021262,0.24,12
31008,base,0.25,6,0.809085483800001,0.2,12
31008,base,0.25,7,0.8143543902854516,0.12,12
31008,base,0.5,0,0.7726267926990267,0.06,25
31008,base,0.5,1,0.7560584711149965,0.12,25
31008,base,0.5,2,0.7395422261408661,0.06,25
31008,base,0.5,3,0.7054559155544665,0.02,25
31008,base,0.5,4,0.7722318030596544,0.14,25
31008,base,0.5,5,0.77116637956849,0.14,25
31008,base,0.5,6,0.7604324905974387,0.16,25
31008,base,0.5,7,0.7932003325766369,0.14,25
31008,base,0.75,0,0.5793466700645519,0.06,38
31008,base,0.75,1,0.7192442844042389,0.08,38
31008,base,0.75,2,0.7467183431577105,0.1,38
31008,base,0.75,3,0.4688198272241489,0.06,38
31008,base,0.75,4,0.37391252134512415,0.06,38
31008,base,0.75,5,0.5497467911637942,0.08,38
31008,base,0.75,6,0.6686773697764198,0.14,38
31008,base,0.75,7,0.6686579330809193,0.08,38
31008,base,0.9,0,0.4234116864297433,0.04,45
31008,base,0.9,1,0.7291840054570315,0.1,45
31008,base,0.9,2,0.5407022317515601,0.06,45
31008,base,0.9,3,0.656212026178762,0.06,45
31008,base,0.9,4,0.555703231922822,0.06,45
31008,base,0.9,5,0.479210604256721,0.06,45
31008,base,0.9,6,0.529923702080854,0.06,45
31008,base,0.9,7,0.5131517427805835,0.06,45
31008,err2,0.0,0,0.9363104649901739,0.64,0
31008,err2,0.0,1,0.9363104649901739,0.64,0
31008,err2,0.0,2,0.9363104649901739,0.64,0
31008,err2,0.0,3,0.9363104649901739,0.64,0
31008,err2,0.0,4,0.9363104649901739,0.64,0
31008,err2,0.0,5,0.9363104649901739,0.64,0
31008,err2,0.0,6,0.9363104649901739,0.64,0
31008,err2,0.0,7,0.9363104649901739,0.64,0
31008,err2,0.25,0,0.8464643805257355,0.44,12
31008,err2,0.25,1,0.7960641058617277,0.38,12
31008,err2,0.25,2,0.8407767105004571,0.38,12
31008,err2,0.25,3,0.7849527083634302,0.36,12
31008,err2,0.25,4,0.8252282888520243,0.32,12
31008,err2,0.25,5,0.7901898579895601,0.52,12
31008,err2,0.25,6,0.8072683057791356,0.32,12
31008,err2,0.25,7,0.7893653186602377,0.3,12
31008,err2,0.5,0,0.608460478383241,0.14,25
31008,err2,0.5,1,0.7564582274288918,0.22,25
31008,err2,0.5,2,0.6905446098874829,0.24,25
31008,err2,0.5,3,0.6983501114711781,0.22,25
31008,err2,0.5,4,0.7443355118473381,0.34,25
31008,err2,0.5,5,0.6793732418038839,0.18,25
31008,err2,0.5,6,0.6482265461479794,0.22,25
31008,err2,0.5,7,0.5850176384925547,0.2,25
31008,err2,0.75,0,0.4143859345707245,0.08,38
31008,err2,0.75,1,0.45814162644986595,0.16,38
31008,err2,0.75,2,0.4413198533832118,0.08,38
31008,err2,0.75,3,0.4667682061702028,0.12,38
31008,err2,0.75,4,0.5508287909082948,0.1,38
31008,err2,0.75,5,0.47650642584225367,0.06,38
31008,err2,0.75,6,0.4642500553601969,0.12,38
31008,err2,0.75,7,0.4754004456280549,0.04,38
31008,err2,0.9,0,0.36099833944551496,0.08,45
31008,err2,0.9,1,0.2996900500632584,0.04,45
31008,err2,0.9,2,0.37347797615441564,0.06,45
31008,err2,0.9,3,0.3210568546697121,0.06,45
31008,err2,0.9,4,0.3499574524181259,0.08,45
31008,err2,0.9,5,0.412174209580264,0.1,45
31008,err2,0.9,6,0.41415454340753927,0.06,45
31008,err2,0.9,7,0.33593703930180696,0.04,45
